# Blender 4.2.0
# www.blender.org
mtllib model.mtl
o input
v -0.193119 0.735655 -0.012331
v -0.186910 0.729921 -0.016785
v -0.186633 0.728711 -0.002298
v -0.191054 0.733982 0.019335
v -0.190797 0.732599 0.005836
v -0.182677 0.728276 0.012870
v -0.192582 0.736958 -0.027418
v -0.190746 0.740002 -0.046768
v -0.186023 0.731412 -0.030612
v -0.194323 0.754989 0.071991
v -0.194296 0.744992 0.051851
v -0.185587 0.746406 0.069715
v -0.186197 0.730157 0.025479
v -0.183291 0.737027 -0.051311
v -0.184610 0.737150 0.051976
v -0.189425 0.734998 0.034329
v -0.187577 0.745550 -0.066125
v -0.192172 0.754461 -0.074423
v -0.186466 0.752054 -0.078955
v -0.185969 0.758365 0.085468
v -0.180497 0.728646 -0.019185
v -0.176889 0.726920 -0.000357
v -0.179870 0.730313 0.031960
v -0.176770 0.731394 -0.036039
v -0.181451 0.745360 -0.069620
v -0.174113 0.751065 -0.080338
v -0.174586 0.734125 0.045152
v -0.173669 0.737782 0.056921
v -0.167824 0.738497 -0.057656
v -0.173654 0.744344 0.068965
v -0.178733 0.751544 0.080522
v -0.162286 0.728384 0.022070
v -0.168473 0.745381 -0.071053
v -0.161077 0.727114 0.007193
v -0.165537 0.729282 -0.028097
v -0.165716 0.751134 0.080623
v -0.163131 0.727392 -0.010547
v -0.155989 0.734295 -0.045677
v -0.151476 0.745067 0.070042
v -0.152102 0.731831 0.037274
v -0.160243 0.738540 0.057960
v -0.157430 0.750353 -0.079791
v -0.150127 0.745924 -0.071862
v -0.145719 0.727286 -0.007550
v -0.144333 0.738433 -0.056693
v -0.145265 0.738741 0.057742
v -0.150454 0.752062 0.081150
v -0.143086 0.728104 0.016232
v -0.140595 0.729243 -0.027284
v -0.141193 0.729526 0.029033
v -0.142696 0.752818 -0.082252
v -0.134658 0.732491 -0.039407
v -0.128058 0.751350 0.080322
v -0.126645 0.727684 -0.011924
v -0.131594 0.733829 0.043685
v -0.130849 0.747633 -0.074912
v -0.125957 0.726837 0.003321
v -0.127787 0.728736 0.023585
v -0.127245 0.741944 -0.063961
v -0.128828 0.745952 0.071253
v -0.115968 0.729312 -0.027589
v -0.118857 0.734252 -0.044964
v -0.116271 0.738821 0.057944
v -0.128364 0.756877 -0.086364
v -0.110564 0.728362 0.020912
v -0.107382 0.733199 0.041961
v -0.111783 0.738395 -0.057091
v -0.109536 0.745073 -0.070061
v -0.105552 0.751545 -0.080942
v -0.102621 0.726849 0.003073
v -0.106619 0.727738 -0.012801
v -0.108913 0.745861 0.071383
v -0.109274 0.752239 0.081441
v -0.096256 0.735093 -0.047767
v -0.094093 0.728773 -0.023699
v -0.095180 0.737392 0.054613
v -0.086672 0.727331 -0.010883
v -0.085909 0.727281 0.009807
v -0.081533 0.728892 0.025190
v -0.092242 0.747864 0.075100
v -0.088485 0.745726 -0.071299
v -0.098444 0.759024 0.087946
v -0.081875 0.731142 -0.035262
v -0.077067 0.738716 -0.057475
v -0.080721 0.738702 0.057669
v -0.083343 0.750210 -0.079424
v -0.074846 0.733206 0.041566
v -0.073943 0.752013 0.081232
v -0.072555 0.728697 -0.022129
v -0.072010 0.734762 -0.046113
v -0.068657 0.726777 -0.001377
v -0.067397 0.744842 -0.069567
v -0.066926 0.730860 -0.033787
v -0.064474 0.745257 0.070298
v -0.059941 0.749883 -0.078882
v -0.061386 0.728295 0.017354
v -0.061201 0.738336 0.056728
v -0.053020 0.727485 0.000119
v -0.057988 0.729817 0.028844
v -0.051155 0.728703 -0.017135
v -0.049396 0.729777 -0.028799
v -0.051421 0.733761 0.042134
v -0.048251 0.734181 -0.043546
v -0.054729 0.738733 -0.057294
v -0.052762 0.752541 0.081758
v -0.048193 0.729102 0.018007
v -0.039563 0.747370 -0.074562
v -0.045771 0.726710 -0.003024
v -0.040565 0.728717 -0.017429
v -0.045291 0.727675 0.009096
v -0.037121 0.731752 0.033864
v -0.036241 0.739309 0.058396
v -0.039515 0.726067 -0.014539
v -0.033533 0.731874 -0.034489
v -0.040389 0.729311 0.021297
v -0.037002 0.738860 -0.057687
v -0.039719 0.748468 0.076171
v -0.043005 0.755501 -0.085102
v -0.034248 0.728431 -0.024033
v -0.033508 0.734535 0.043439
v -0.042349 0.758340 0.087528
v -0.034274 0.728989 0.028280
v -0.025872 0.735259 -0.045555
v -0.025121 0.744091 -0.068473
v -0.025159 0.757976 -0.087471
v -0.022735 0.730870 -0.034762
v -0.027057 0.729636 0.034605
v -0.022656 0.733076 0.039656
v -0.015488 0.736809 0.051123
v -0.014582 0.737215 -0.052701
v -0.018903 0.745661 0.070705
v -0.016219 0.752490 0.081789
v -0.011343 0.750514 -0.079735
v -0.008015 0.734101 -0.041790
v -0.009653 0.745063 -0.070253
v -0.006353 0.730582 -0.038448
v -0.006038 0.733342 0.044387
v 0.004789 0.740971 -0.061107
v 0.002207 0.741609 0.062659
v 0.001345 0.736209 0.048946
v 0.008192 0.749481 -0.078330
v 0.008644 0.748551 0.076543
v -0.003487 0.758421 0.087800
v 0.014490 0.733446 -0.039814
v 0.006439 0.730359 0.042315
v 0.012327 0.756534 0.086048
v 0.014555 0.736654 0.050204
v 0.024536 0.738780 -0.056854
v 0.020683 0.733185 0.039658
v 0.018714 0.742185 0.064105
v 0.025079 0.748150 -0.075990
v 0.033183 0.733930 -0.040723
v 0.022598 0.756981 -0.086579
v 0.026329 0.748573 0.076260
v 0.024143 0.726608 -0.029914
v 0.013433 0.728051 -0.035733
v 0.025965 0.732571 -0.035402
v 0.032419 0.737903 0.054152
v 0.027889 0.760908 0.089934
v 0.039254 0.745647 -0.071467
v 0.032174 0.727859 -0.022761
v 0.032952 0.732248 0.036344
v 0.040993 0.752841 -0.082328
v 0.041133 0.751224 0.080493
v 0.041689 0.730114 -0.025337
v 0.038032 0.729184 0.021984
v 0.028928 0.727219 0.030376
v 0.036935 0.726082 0.017465
v 0.041825 0.733963 0.042914
v 0.046132 0.737604 -0.054080
v 0.038339 0.728706 -0.013520
v 0.046797 0.729823 0.029005
v 0.054494 0.745635 0.070817
v 0.044687 0.729039 -0.009937
v 0.044698 0.728285 0.005930
v 0.040484 0.726554 0.009672
v 0.052408 0.728217 0.013111
v 0.041028 0.726130 -0.001360
v 0.061217 0.731289 -0.034670
v 0.056175 0.737707 0.054984
v 0.058671 0.728199 -0.011137
v 0.060241 0.733728 0.043115
v 0.056885 0.745716 -0.071643
v 0.055644 0.752519 0.081807
v 0.066492 0.737439 -0.054652
v 0.057939 0.752005 -0.081440
v 0.067544 0.727217 0.009491
v 0.066578 0.729017 0.026235
v 0.074070 0.728229 -0.018311
v 0.072086 0.745567 -0.071384
v 0.076242 0.752326 0.081636
v 0.080771 0.733584 0.043002
v 0.077567 0.739822 0.059882
v 0.078111 0.753552 -0.082970
v 0.082795 0.726867 0.004350
v 0.079648 0.729301 -0.028593
v 0.079433 0.745900 0.071217
v 0.082294 0.728688 0.023685
v 0.088352 0.733692 -0.043357
v 0.086042 0.742437 -0.065191
v 0.097008 0.727284 -0.008459
v 0.094787 0.738845 0.057604
v 0.098407 0.729240 -0.028142
v 0.096360 0.750325 -0.079561
v 0.097843 0.729706 0.029984
v 0.105788 0.733684 0.042762
v 0.101433 0.746178 0.071871
v 0.096635 0.753427 0.082724
v 0.101988 0.728163 0.017625
v 0.108490 0.731672 -0.037080
v 0.102682 0.737948 -0.056082
v 0.108967 0.745862 -0.071578
v 0.117604 0.726952 0.003338
v 0.114870 0.738232 0.056100
v 0.113266 0.751605 0.080850
v 0.113702 0.728087 -0.017252
v 0.117363 0.729659 0.029561
v 0.120872 0.738250 -0.056166
v 0.121988 0.751397 -0.080674
v 0.125662 0.728249 0.016419
v 0.120621 0.745995 0.071323
v 0.133861 0.728848 -0.024995
v 0.125169 0.732601 -0.040068
v 0.127811 0.733980 0.043905
v 0.128616 0.746189 -0.072147
v 0.137644 0.740357 0.061016
v 0.137113 0.727694 -0.010810
v 0.144067 0.738354 -0.056831
v 0.139090 0.748721 0.076407
v 0.130100 0.757312 0.086519
v 0.147182 0.727172 0.004629
v 0.143615 0.729375 0.027842
v 0.140851 0.733070 -0.041480
v 0.147031 0.749021 -0.077667
v 0.151155 0.734373 0.045853
v 0.147747 0.761219 0.090428
v 0.160339 0.732303 -0.039669
v 0.156864 0.745279 0.070463
v 0.156796 0.728707 -0.022850
v 0.163139 0.727754 0.013588
v 0.163309 0.751430 0.081147
v 0.161014 0.727153 -0.005761
v 0.162276 0.737638 -0.056237
v 0.162586 0.737890 0.056346
v 0.171063 0.745230 -0.070420
v 0.162230 0.758603 0.088323
v 0.169968 0.729391 0.028512
v 0.168461 0.732531 0.040548
v 0.169645 0.751287 -0.080671
v 0.173540 0.727720 -0.012819
v 0.170944 0.729353 -0.028684
v 0.172915 0.744599 0.069332
v 0.177587 0.727110 0.001464
v 0.179230 0.737280 -0.052243
v 0.177122 0.737364 0.053431
v 0.177510 0.728207 0.015482
v 0.179762 0.732077 -0.035442
v 0.181023 0.733618 0.039727
v 0.176832 0.757370 0.086251
v 0.183216 0.730243 -0.023089
v 0.180838 0.750799 0.078533
v 0.186231 0.729625 -0.005924
v 0.185157 0.729382 0.009129
v 0.184336 0.730864 0.025107
v 0.186530 0.736636 -0.043808
v 0.184589 0.744557 -0.065596
v 0.184386 0.740952 0.058359
v 0.186784 0.748004 0.068750
v 0.184443 0.752516 -0.078786
v 0.189559 0.735274 -0.031391
v 0.188596 0.735984 0.036555
v 0.186600 0.762372 0.087351
v 0.193381 0.736192 -0.014759
v 0.192556 0.736595 0.021031
v 0.189715 0.743419 -0.056778
v 0.194264 0.744057 -0.046411
v 0.194268 0.744058 0.045929
v 0.192887 0.753407 -0.069502
v 0.193610 0.748409 0.058858
v 0.193259 0.755131 0.071575
v 0.193290 0.734644 0.002399
v -0.060262 0.004767 -0.017367
v -0.059764 0.009745 -0.028343
v -0.054759 0.004875 -0.030142
v -0.051824 0.002713 -0.018777
v -0.062618 0.004782 -0.002588
v -0.052682 0.002326 0.005387
v -0.063473 0.005744 0.009235
v -0.058869 0.004879 0.022390
v -0.054370 0.006247 0.032456
v -0.046613 0.003322 0.033192
v -0.042591 0.003739 -0.039541
v -0.035204 0.001617 -0.004238
v -0.050439 0.008791 -0.038911
v -0.043610 0.007938 0.045325
v -0.039655 0.002561 -0.025006
v -0.032145 0.002323 0.026336
v -0.041151 0.007205 -0.047708
v -0.036966 0.004801 0.048364
v -0.028643 0.002861 -0.039392
v -0.030228 0.003126 0.042105
v -0.032592 0.004087 -0.051814
v -0.025946 0.003274 -0.050210
v -0.016245 0.001243 -0.022235
v -0.026836 0.004820 0.053637
v -0.034941 0.009782 0.054188
v -0.018383 0.001089 0.017242
v -0.019205 0.004780 -0.056831
v -0.014293 0.002097 0.034350
v -0.010227 -0.000000 -0.002150
v -0.010964 0.002847 0.054439
v -0.009001 0.003491 -0.056852
v -0.010431 0.002477 -0.041901
v -0.020659 0.007799 0.058312
v 0.006632 0.002660 -0.050814
v 0.001543 0.000756 0.017159
v -0.007870 0.006926 -0.062173
v -0.003541 0.003090 0.060533
v -0.003192 0.006609 0.064087
v 0.011126 0.002037 0.038782
v -0.000665 0.003265 -0.060203
v 0.013416 0.000466 -0.004700
v 0.008233 0.001973 -0.033730
v 0.008645 0.002203 0.051388
v 0.010687 0.004384 -0.058811
v -0.000054 0.008838 -0.065274
v 0.005079 0.003932 0.060739
v 0.023147 0.001901 -0.019146
v 0.018948 0.001459 0.015397
v 0.016020 0.003727 0.056202
v 0.029018 0.002912 -0.040791
v 0.027083 0.004165 -0.053233
v 0.027194 0.002623 0.029800
v 0.030405 0.003315 0.043183
v 0.031864 0.005342 0.051692
v 0.043358 0.002854 -0.018825
v 0.034523 0.002103 -0.003172
v 0.041190 0.003161 0.032210
v 0.042523 0.002530 0.015275
v 0.041983 0.004862 0.042683
v 0.045532 0.003795 -0.036899
v 0.035908 0.009126 -0.053495
v 0.050523 0.003051 0.000794
v 0.047987 0.007035 -0.040293
v 0.053380 0.003806 0.026001
v 0.056406 0.003825 -0.018198
v 0.057896 0.003874 0.014083
v 0.058045 0.007443 -0.027296
v 0.056106 0.007731 0.031131
v 0.060719 0.004354 0.001979
v 0.061465 0.006528 0.017180
v 0.063715 0.007114 -0.008583
v 0.063844 0.007277 0.005063
v -0.019422 0.027020 0.061048
v -0.035861 0.029339 0.055351
v -0.032462 0.015853 0.056352
v -0.034162 0.041252 0.055525
v -0.020659 0.007799 0.058312
v -0.034941 0.009782 0.054188
v -0.026836 0.004820 0.053637
v -0.019502 0.041274 0.060309
v -0.029044 0.048073 0.053168
v -0.020244 0.055382 0.052232
v -0.029075 0.058706 0.047652
v -0.020822 0.070079 0.049487
v -0.029540 0.072203 0.045970
v -0.030452 0.089008 0.044870
v -0.024485 0.134936 0.046799
v -0.030711 0.145585 0.043272
v -0.028174 0.117787 0.045261
v -0.013209 0.014558 0.063251
v -0.014182 0.087478 0.051514
v -0.023871 0.096836 0.047943
v -0.011479 0.147790 0.050796
v -0.016582 0.160936 0.048741
v -0.028692 0.164010 0.043804
v -0.018589 0.182742 0.047325
v -0.029132 0.180952 0.042466
v -0.025922 0.194971 0.044412
v -0.014453 0.217514 0.047581
v -0.029214 0.214898 0.041262
v -0.011862 0.229105 0.046045
v -0.025334 0.227858 0.042382
v -0.014534 0.571420 0.040632
v -0.027072 0.562423 0.034130
v -0.017567 0.550876 0.039466
v -0.023694 0.577744 0.036318
v -0.013496 0.725428 0.040870
v -0.026482 0.723316 0.034435
v -0.017707 0.705173 0.039451
v -0.022656 0.733076 0.039656
v -0.015375 0.111810 0.050331
v -0.010654 0.130814 0.051587
v -0.009447 0.198672 0.049792
v -0.025114 0.234463 0.036452
v -0.010874 0.242128 0.040862
v -0.027343 0.248667 0.032729
v -0.017045 0.260243 0.038997
v -0.012150 0.295830 0.040736
v -0.023763 0.286421 0.035848
v -0.016344 0.278509 0.039445
v -0.020752 0.304296 0.037435
v -0.015460 0.317736 0.039896
v -0.023911 0.319497 0.035718
v -0.019272 0.332890 0.038325
v -0.011178 0.367446 0.041293
v -0.024286 0.375544 0.035920
v -0.028016 0.351565 0.033007
v -0.014701 0.388777 0.040319
v -0.023764 0.391933 0.036126
v -0.028287 0.537542 0.033005
v -0.023746 0.523365 0.036421
v -0.013437 0.533408 0.041050
v -0.014083 0.613174 0.040812
v -0.023553 0.629527 0.036421
v -0.023715 0.609266 0.036295
v -0.006077 0.264505 0.041748
v -0.016384 0.409724 0.039781
v -0.009251 0.431093 0.041821
v -0.022501 0.425107 0.036994
v -0.019454 0.442392 0.038629
v -0.007192 0.464732 0.042355
v -0.024112 0.469252 0.035911
v -0.016809 0.456541 0.039724
v -0.014216 0.480017 0.040773
v -0.023339 0.488303 0.036451
v -0.013186 0.497551 0.041015
v -0.023361 0.508417 0.036473
v -0.013235 0.516725 0.041033
v -0.018140 0.593586 0.039227
v -0.009697 0.630378 0.041940
v -0.024256 0.645791 0.036105
v -0.010044 0.647052 0.042067
v -0.018507 0.663469 0.039302
v -0.023761 0.693338 0.036303
v -0.023045 0.677631 0.036707
v -0.010960 0.681164 0.041780
v -0.004124 0.049012 0.061187
v -0.008862 0.060779 0.054283
v -0.001707 0.074289 0.055105
v -0.004955 0.319315 0.042166
v -0.008977 0.342591 0.041769
v -0.017555 0.349385 0.039422
v -0.006886 0.400823 0.042184
v -0.006491 0.444926 0.042448
v -0.003352 0.559818 0.042835
v -0.005128 0.585050 0.042785
v -0.001968 0.666614 0.042866
v -0.007484 0.701330 0.042590
v -0.006038 0.733342 0.044387
v -0.003192 0.006609 0.064087
v -0.005647 0.019878 0.066333
v -0.003529 0.031037 0.066312
v -0.004113 0.111477 0.054201
v -0.002914 0.171148 0.052405
v -0.002045 0.235266 0.042748
v -0.004438 0.284872 0.042062
v -0.000479 0.381249 0.042370
v -0.001030 0.418015 0.042498
v -0.001510 0.489710 0.042716
v -0.002786 0.506734 0.042895
v -0.003026 0.529644 0.042950
v -0.003322 0.606037 0.042831
v -0.003716 0.725415 0.043205
v 0.002223 0.011946 0.066146
v -0.001736 0.041485 0.066276
v -0.000688 0.089375 0.055544
v 0.000781 0.147108 0.053452
v -0.002613 0.211731 0.051403
v 0.000053 0.224134 0.051360
v 0.000799 0.230436 0.048639
v 0.002300 0.244312 0.042055
v -0.000095 0.301205 0.042250
v -0.000218 0.363323 0.042289
v 0.005387 0.351349 0.041750
v 0.003647 0.711204 0.042725
v 0.006250 0.026182 0.065782
v 0.001629 0.057996 0.056845
v 0.001321 0.125398 0.054178
v 0.001902 0.183991 0.051961
v 0.002015 0.198085 0.051509
v 0.005964 0.330004 0.041900
v 0.002780 0.400219 0.042306
v 0.004740 0.445155 0.042111
v 0.002242 0.472236 0.042534
v 0.005193 0.578179 0.042280
v 0.001128 0.635230 0.042971
v 0.004593 0.654666 0.042712
v 0.001930 0.686644 0.042995
v 0.005079 0.003932 0.060739
v 0.009142 0.041900 0.063323
v 0.013274 0.069932 0.051783
v 0.008607 0.085518 0.053141
v 0.007517 0.104026 0.053055
v 0.005902 0.216318 0.050032
v 0.008250 0.265776 0.041193
v 0.005523 0.280672 0.041858
v 0.008961 0.293167 0.041314
v 0.010908 0.314242 0.040698
v 0.012451 0.510921 0.040541
v 0.011989 0.529963 0.040797
v 0.011924 0.545103 0.040786
v 0.012791 0.611752 0.040482
v 0.006439 0.730359 0.042315
v 0.018402 0.007286 0.058802
v 0.018090 0.014214 0.061364
v 0.015968 0.048054 0.057346
v 0.012547 0.130630 0.050459
v 0.008268 0.150195 0.051124
v 0.014348 0.167735 0.048856
v 0.012301 0.228969 0.046467
v 0.012625 0.236026 0.040839
v 0.008928 0.374275 0.041276
v 0.014432 0.385683 0.039646
v 0.014225 0.408932 0.039897
v 0.013055 0.424916 0.040220
v 0.011708 0.460517 0.040520
v 0.011955 0.483132 0.040659
v 0.016020 0.003727 0.056202
v 0.020487 0.029865 0.060620
v 0.019014 0.116100 0.048850
v 0.017726 0.184217 0.047137
v 0.017116 0.199906 0.046859
v 0.018096 0.218012 0.045972
v 0.013730 0.249680 0.039591
v 0.015669 0.287293 0.038998
v 0.015626 0.344209 0.039208
v 0.014568 0.564607 0.039923
v 0.014096 0.590813 0.040093
v 0.012875 0.628655 0.040567
v 0.014231 0.651195 0.040087
v 0.011678 0.671484 0.041121
v 0.014111 0.685528 0.040119
v 0.013417 0.713930 0.040224
v 0.020137 0.062063 0.049850
v 0.020418 0.090053 0.049125
v 0.023511 0.145485 0.046372
v 0.019640 0.307556 0.036963
v 0.016002 0.364965 0.039024
v 0.015714 0.443056 0.039158
v 0.020272 0.499563 0.036668
v 0.015848 0.729305 0.039329
v 0.020683 0.733185 0.039658
v 0.023408 0.039882 0.059359
v 0.025950 0.054937 0.049916
v 0.031864 0.005342 0.051692
v 0.028785 0.099197 0.044950
v 0.027497 0.130378 0.045152
v 0.027303 0.227344 0.040687
v 0.026120 0.234511 0.033053
v 0.022254 0.240708 0.035349
v 0.022394 0.255272 0.035335
v 0.023673 0.274448 0.034558
v 0.027730 0.299357 0.030812
v 0.024711 0.321885 0.033605
v 0.023419 0.337674 0.034695
v 0.026443 0.351152 0.031972
v 0.023511 0.370750 0.034637
v 0.027782 0.388337 0.030771
v 0.024557 0.403784 0.034019
v 0.027069 0.423506 0.031528
v 0.023996 0.448784 0.034220
v 0.023320 0.465742 0.034793
v 0.024617 0.481652 0.033759
v 0.024175 0.526680 0.034422
v 0.024931 0.543212 0.033743
v 0.024562 0.560111 0.033931
v 0.024316 0.579301 0.034080
v 0.024094 0.597315 0.034343
v 0.024037 0.622784 0.034298
v 0.021866 0.641641 0.035966
v 0.023959 0.657753 0.034243
v 0.024777 0.682679 0.033638
v 0.023981 0.705222 0.034228
v 0.023907 0.720523 0.034197
v 0.028928 0.727219 0.030376
v 0.028538 0.079777 0.046007
v 0.027571 0.166984 0.043744
v 0.028341 0.187787 0.042283
v 0.027936 0.202117 0.041879
v 0.025758 0.219397 0.043203
v 0.029148 0.242468 0.029294
v 0.029298 0.264992 0.029305
v 0.030611 0.365475 0.027797
v 0.030780 0.444306 0.028076
v 0.029752 0.611687 0.029053
v 0.029435 0.633694 0.029233
v 0.033460 0.014811 0.055822
v 0.033241 0.040778 0.055123
v 0.030453 0.064587 0.044883
v 0.028651 0.113904 0.045010
v 0.037101 0.111886 0.036209
v 0.036794 0.129642 0.035657
v 0.035855 0.146032 0.036060
v 0.033254 0.170363 0.037772
v 0.033452 0.211166 0.036038
v 0.033825 0.230239 0.032182
v 0.034279 0.283313 0.023454
v 0.030865 0.321873 0.027491
v 0.033629 0.335790 0.023696
v 0.033269 0.406629 0.024641
v 0.030949 0.473177 0.027812
v 0.031486 0.496448 0.027248
v 0.030541 0.512803 0.028277
v 0.030885 0.531197 0.027774
v 0.031231 0.549544 0.027296
v 0.031159 0.564210 0.027333
v 0.031243 0.580390 0.027263
v 0.030010 0.653329 0.028584
v 0.030891 0.669821 0.027618
v 0.031519 0.690130 0.026744
v 0.030563 0.713046 0.027841
v 0.035303 0.028558 0.055309
v 0.037160 0.046867 0.047946
v 0.040112 0.052951 0.039373
v 0.036078 0.066570 0.038861
v 0.038044 0.089584 0.036124
v 0.039390 0.188998 0.030442
v 0.036991 0.224012 0.031922
v 0.036513 0.235324 0.021288
v 0.037576 0.244524 0.016794
v 0.036181 0.261984 0.020470
v 0.036351 0.307758 0.019749
v 0.035318 0.350551 0.021408
v 0.035637 0.368974 0.020948
v 0.036094 0.389244 0.020056
v 0.035885 0.419315 0.020483
v 0.037762 0.444581 0.016584
v 0.036969 0.466248 0.018475
v 0.035917 0.485496 0.020445
v 0.035731 0.500155 0.020422
v 0.036508 0.519442 0.018671
v 0.035735 0.550288 0.020406
v 0.035313 0.571894 0.021176
v 0.033474 0.592912 0.024030
v 0.035447 0.610064 0.020645
v 0.035204 0.629877 0.020954
v 0.035193 0.645769 0.020907
v 0.035275 0.661316 0.020927
v 0.035346 0.678233 0.020928
v 0.035636 0.697591 0.020293
v 0.034934 0.716878 0.021373
v 0.036935 0.726082 0.017465
v 0.041482 0.013389 0.048982
v 0.042954 0.026230 0.047461
v 0.040331 0.036652 0.050050
v 0.043896 0.227419 0.022580
v 0.041983 0.004862 0.042683
v 0.049153 0.039857 0.039930
v 0.047788 0.054799 0.029618
v 0.045511 0.068947 0.028644
v 0.045703 0.158475 0.024443
v 0.044727 0.199368 0.023788
v 0.042429 0.215672 0.026379
v 0.050703 0.012657 0.038809
v 0.049857 0.078428 0.022330
v 0.048073 0.101422 0.023890
v 0.047002 0.117128 0.024730
v 0.046816 0.136896 0.023953
v 0.047427 0.180456 0.020513
v 0.047710 0.213813 0.018244
v 0.046203 0.230020 0.015071
v 0.053597 0.024779 0.035871
v 0.052692 0.059454 0.018883
v 0.056106 0.007731 0.031131
v 0.060944 0.017074 0.025013
v 0.057987 0.041967 0.028278
v 0.056534 0.050183 0.018984
v 0.059273 0.030877 0.028906
v 0.026027 0.232948 -0.033733
v 0.026417 0.230139 -0.039993
v 0.015512 0.231937 -0.041420
v 0.016705 0.236233 -0.036884
v 0.026102 0.360997 -0.029551
v 0.021693 0.341071 -0.033219
v 0.016376 0.362495 -0.036030
v 0.024229 0.378529 -0.031093
v 0.012810 0.378881 -0.037294
v 0.015966 0.393428 -0.036056
v 0.024423 0.405858 -0.030833
v 0.012434 0.409161 -0.037283
v 0.020266 0.431081 -0.033515
v 0.022942 0.455177 -0.031685
v 0.014351 0.455756 -0.036375
v 0.023016 0.469453 -0.031583
v 0.019947 0.484891 -0.033680
v 0.026243 0.513510 -0.028850
v 0.022717 0.500006 -0.031913
v 0.012583 0.510781 -0.036938
v 0.020113 0.530657 -0.033187
v 0.025947 0.545917 -0.028790
v 0.016256 0.546067 -0.035124
v 0.024032 0.565157 -0.030457
v 0.015417 0.564703 -0.035448
v 0.024061 0.587379 -0.030316
v 0.015976 0.588791 -0.035166
v 0.025398 0.603250 -0.029229
v 0.019392 0.618846 -0.033216
v 0.024128 0.633247 -0.030001
v 0.014984 0.639046 -0.035402
v 0.024762 0.649977 -0.029444
v 0.012409 0.658285 -0.036141
v 0.023782 0.667726 -0.030155
v 0.014463 0.674246 -0.035451
v 0.024412 0.682713 -0.029560
v 0.023888 0.698149 -0.029864
v 0.016608 0.694901 -0.034563
v 0.016115 0.714709 -0.034544
v 0.024865 0.715135 -0.028966
v 0.024143 0.726608 -0.029914
v 0.013433 0.728051 -0.035733
v 0.029029 0.237297 -0.028323
v 0.022882 0.245355 -0.032867
v 0.029193 0.273298 -0.027180
v 0.021801 0.265071 -0.033420
v 0.020683 0.287844 -0.034086
v 0.028045 0.292711 -0.028203
v 0.019117 0.303677 -0.034863
v 0.028224 0.309006 -0.028107
v 0.019960 0.324665 -0.034342
v 0.030013 0.331419 -0.026306
v 0.031789 0.383969 -0.023441
v 0.029233 0.450669 -0.026034
v 0.030056 0.430456 -0.025417
v 0.029599 0.488615 -0.025599
v 0.029729 0.532541 -0.025216
v 0.029294 0.578593 -0.025481
v 0.029810 0.619172 -0.024831
v 0.029647 0.673252 -0.024600
v 0.030620 0.687399 -0.023579
v 0.032174 0.727859 -0.022761
v 0.025965 0.732571 -0.035402
v 0.035935 0.103099 -0.038260
v 0.029792 0.087528 -0.045078
v 0.027926 0.106024 -0.045964
v 0.035902 0.120498 -0.037819
v 0.024988 0.122226 -0.046652
v 0.037403 0.137358 -0.035650
v 0.027601 0.145137 -0.044604
v 0.032387 0.162682 -0.039344
v 0.027005 0.166287 -0.044545
v 0.027907 0.183735 -0.043032
v 0.033030 0.207438 -0.037200
v 0.027112 0.199609 -0.043467
v 0.026947 0.215114 -0.043117
v 0.032677 0.228364 -0.035285
v 0.026579 0.225109 -0.043101
v 0.030071 0.251897 -0.026417
v 0.032677 0.353562 -0.022702
v 0.032877 0.406115 -0.022087
v 0.030025 0.469007 -0.025111
v 0.031765 0.600707 -0.022755
v 0.031558 0.637653 -0.022717
v 0.031430 0.657078 -0.022866
v 0.040708 0.047453 -0.043464
v 0.035103 0.042652 -0.053151
v 0.030665 0.055635 -0.046974
v 0.038329 0.071455 -0.037002
v 0.029725 0.069897 -0.045853
v 0.042796 0.158895 -0.028461
v 0.036598 0.181821 -0.034036
v 0.040574 0.222980 -0.028915
v 0.038891 0.232541 -0.019312
v 0.036901 0.236026 -0.016446
v 0.034544 0.246907 -0.020068
v 0.034633 0.264546 -0.019991
v 0.034700 0.284362 -0.019862
v 0.034256 0.304757 -0.020397
v 0.036331 0.323070 -0.016544
v 0.036666 0.338679 -0.015924
v 0.036650 0.418715 -0.015785
v 0.036356 0.440761 -0.016033
v 0.034115 0.458677 -0.019695
v 0.036606 0.474504 -0.015179
v 0.037375 0.490766 -0.013722
v 0.034250 0.508703 -0.019424
v 0.036039 0.531614 -0.016580
v 0.032256 0.552789 -0.022420
v 0.037897 0.550637 -0.012222
v 0.037714 0.573862 -0.012261
v 0.036069 0.588279 -0.015942
v 0.037397 0.606710 -0.012241
v 0.035956 0.632014 -0.015580
v 0.035625 0.650618 -0.015986
v 0.036119 0.671871 -0.014944
v 0.035746 0.695084 -0.015715
v 0.031820 0.712458 -0.022191
v 0.035596 0.713485 -0.015752
v 0.044496 0.025626 -0.045979
v 0.034760 0.017202 -0.055178
v 0.035971 0.030778 -0.055155
v 0.042137 0.039074 -0.048309
v 0.043357 0.055755 -0.033992
v 0.044617 0.086339 -0.029625
v 0.046770 0.128020 -0.025082
v 0.042901 0.199459 -0.026688
v 0.039266 0.245409 -0.009051
v 0.038618 0.260307 -0.011618
v 0.036181 0.261984 0.020470
v 0.037576 0.244524 0.016794
v 0.039705 0.260828 0.011302
v 0.039420 0.275717 -0.008844
v 0.034279 0.283313 0.023454
v 0.040347 0.280374 0.009045
v 0.038116 0.298890 -0.012952
v 0.036351 0.307758 0.019749
v 0.039548 0.307649 0.011324
v 0.033629 0.335790 0.023696
v 0.038953 0.326258 0.012928
v 0.039090 0.342172 0.012039
v 0.035318 0.350551 0.021408
v 0.039335 0.352485 -0.008418
v 0.038827 0.357225 0.012842
v 0.037973 0.366121 -0.013160
v 0.035637 0.368974 0.020948
v 0.039640 0.384848 0.009804
v 0.038585 0.387357 -0.011199
v 0.036094 0.389244 0.020056
v 0.038862 0.402172 0.012821
v 0.039558 0.405244 -0.007774
v 0.033269 0.406629 0.024641
v 0.035885 0.419315 0.020483
v 0.039766 0.422509 0.009836
v 0.040193 0.424864 -0.005012
v 0.037762 0.444581 0.016584
v 0.039170 0.456827 -0.008579
v 0.035917 0.485496 0.020445
v 0.036969 0.466248 0.018475
v 0.040429 0.476205 0.007237
v 0.039757 0.493348 0.009814
v 0.035731 0.500155 0.020422
v 0.039094 0.508640 0.012212
v 0.039128 0.514281 -0.008383
v 0.036508 0.519442 0.018671
v 0.040459 0.537134 -0.003338
v 0.035735 0.550288 0.020406
v 0.039707 0.544308 0.010167
v 0.039555 0.567251 0.010223
v 0.040554 0.558494 -0.002982
v 0.035313 0.571894 0.021176
v 0.039045 0.594349 0.011073
v 0.033474 0.592912 0.024030
v 0.039749 0.591470 -0.004730
v 0.035447 0.610064 0.020645
v 0.038318 0.621109 0.013712
v 0.039427 0.622271 -0.004646
v 0.035204 0.629877 0.020954
v 0.038372 0.639244 0.013488
v 0.035193 0.645769 0.020907
v 0.039360 0.648634 -0.005105
v 0.035275 0.661316 0.020927
v 0.039435 0.658238 0.008461
v 0.039495 0.670326 -0.005164
v 0.035346 0.678233 0.020928
v 0.039051 0.684922 0.011632
v 0.038870 0.684625 -0.007826
v 0.035636 0.697591 0.020293
v 0.039712 0.696530 -0.002410
v 0.039460 0.707088 0.008109
v 0.039426 0.718047 -0.002368
v 0.034934 0.716878 0.021373
v 0.038715 0.719595 0.011537
v 0.037925 0.723934 -0.011490
v 0.036935 0.726082 0.017465
v 0.038339 0.728706 -0.013520
v 0.047800 0.013185 -0.042670
v 0.035908 0.009126 -0.053495
v 0.045502 0.109309 -0.027611
v 0.045326 0.177532 -0.024587
v 0.046784 0.209441 -0.020955
v 0.043381 0.229391 -0.022784
v 0.040989 0.237536 -0.003972
v 0.044908 0.232087 -0.002265
v 0.041831 0.235106 0.009168
v 0.040800 0.247439 0.003751
v 0.036513 0.235324 0.021288
v 0.040979 0.260093 -0.001532
v 0.040725 0.297695 -0.000583
v 0.040013 0.319213 -0.005929
v 0.040542 0.328099 0.004301
v 0.040282 0.336651 -0.003492
v 0.040597 0.346219 0.003437
v 0.040528 0.368287 0.000358
v 0.040642 0.387783 -0.001318
v 0.040802 0.404620 0.002460
v 0.040800 0.437510 0.001787
v 0.039652 0.441372 -0.007846
v 0.040674 0.454268 0.003510
v 0.040256 0.475093 -0.005105
v 0.040484 0.492030 -0.003844
v 0.040713 0.505069 0.002582
v 0.040504 0.523118 0.005522
v 0.040713 0.580121 0.000671
v 0.039953 0.607735 0.003531
v 0.039848 0.629523 0.005497
v 0.040290 0.678454 0.003134
v 0.041028 0.726130 -0.001360
v 0.040484 0.726554 0.009672
v 0.047987 0.007035 -0.040293
v 0.053056 0.038996 -0.035883
v 0.053934 0.050920 -0.024720
v 0.049833 0.064887 -0.023477
v 0.049148 0.097730 -0.023231
v 0.049175 0.148413 -0.020139
v 0.049694 0.182725 -0.016498
v 0.047544 0.226165 -0.017867
v 0.047759 0.229819 -0.010468
v 0.048545 0.229339 0.005042
v 0.046203 0.230020 0.015071
v 0.053102 0.082283 -0.015517
v 0.051064 0.116022 -0.018260
v 0.047002 0.117128 0.024730
v 0.048073 0.101422 0.023890
v 0.051735 0.113690 0.015488
v 0.051123 0.141685 0.014680
v 0.052132 0.135301 -0.013615
v 0.046816 0.136896 0.023953
v 0.045703 0.158475 0.024443
v 0.050771 0.164845 0.013998
v 0.049975 0.164239 -0.017377
v 0.047427 0.180456 0.020513
v 0.050788 0.184654 0.012485
v 0.044727 0.199368 0.023788
v 0.051517 0.191408 -0.007184
v 0.050190 0.202106 0.012771
v 0.050553 0.212481 -0.010816
v 0.047710 0.213813 0.018244
v 0.051115 0.206528 0.002633
v 0.050869 0.224702 -0.003001
v 0.049957 0.225028 0.009591
v 0.043896 0.227419 0.022580
v 0.058045 0.007443 -0.027296
v 0.058078 0.016068 -0.030885
v 0.058410 0.026146 -0.030079
v 0.047788 0.054799 0.029618
v 0.057987 0.041967 0.028278
v 0.056534 0.050183 0.018984
v 0.054646 0.055526 -0.017139
v 0.054430 0.070001 -0.010728
v 0.049857 0.078428 0.022330
v 0.052692 0.059454 0.018883
v 0.054233 0.075652 0.008919
v 0.054318 0.088563 -0.006963
v 0.053890 0.102051 0.003225
v 0.053102 0.098879 0.013236
v 0.053362 0.104919 -0.012442
v 0.053318 0.119580 0.005242
v 0.053589 0.124644 -0.006277
v 0.053034 0.138292 -0.001009
v 0.052688 0.155354 -0.006349
v 0.052306 0.157855 0.004109
v 0.051938 0.177082 -0.002015
v 0.060944 0.017074 0.025013
v 0.056106 0.007731 0.031131
v 0.061465 0.006528 0.017180
v 0.059748 0.038437 -0.028009
v 0.059682 0.048389 -0.012372
v 0.056240 0.057802 -0.001232
v 0.058978 0.050851 0.006154
v 0.063367 0.012581 -0.018187
v 0.063715 0.007114 -0.008583
v 0.064548 0.014135 0.014094
v 0.063844 0.007277 0.005063
v 0.065143 0.025851 -0.012715
v 0.059273 0.030877 0.028906
v 0.062649 0.035273 0.021103
v 0.063524 0.038996 -0.018300
v 0.064482 0.041638 0.008832
v 0.065898 0.040433 -0.006648
v 0.066089 0.013608 -0.001111
v 0.066050 0.027564 0.008505
v -0.201044 0.754571 -0.026399
v -0.197054 0.744444 -0.032437
v -0.199041 0.744660 -0.007645
v -0.201022 0.754660 -0.001554
v -0.197588 0.741384 0.007866
v -0.200926 0.752069 0.017976
v -0.196904 0.741615 0.022183
v -0.199145 0.751091 0.043237
v -0.200239 0.755928 -0.045417
v -0.200411 0.763764 -0.017169
v -0.200463 0.763315 0.020447
v -0.201060 0.758618 0.037140
v -0.200897 0.764270 0.057989
v -0.198704 0.754746 0.057844
v -0.201257 0.767748 -0.062346
v -0.198557 0.761886 -0.072297
v -0.197416 0.753722 -0.060283
v -0.200714 0.769903 -0.041665
v -0.198902 0.765966 0.075295
v -0.198903 0.779256 -0.005404
v -0.199523 0.777141 0.039003
v -0.200838 0.782323 -0.079642
v -0.198606 0.774244 -0.084691
v -0.200949 0.781396 0.069404
v -0.198755 0.781535 -0.021155
v -0.198851 0.778616 0.013824
v -0.200023 0.780613 0.056203
v -0.199385 0.781205 0.086947
v -0.200735 0.781330 -0.061534
v -0.198913 0.785483 -0.040079
v -0.199033 0.785959 -0.091082
v -0.197835 0.793394 0.001989
v -0.197899 0.794585 0.025809
v -0.198872 0.794448 0.054982
v -0.201113 0.790843 0.081910
v -0.200914 0.802981 -0.091117
v -0.197385 0.802956 -0.103400
v -0.200830 0.808461 -0.080413
v -0.199038 0.799275 -0.059632
v -0.197931 0.799815 -0.033462
v -0.197892 0.803381 0.042297
v -0.199293 0.811693 0.066379
v -0.199131 0.798324 0.095875
v -0.197469 0.814077 -0.009866
v -0.197562 0.807120 0.011838
v -0.201060 0.807183 0.085174
v -0.197770 0.818192 -0.045424
v -0.197518 0.815448 0.024308
v -0.197521 0.815037 -0.027161
v -0.200317 0.816130 -0.097528
v -0.198594 0.815486 -0.064035
v -0.197729 0.821118 0.046792
v -0.197583 0.820865 0.106472
v -0.199150 0.832198 -0.070799
v -0.197335 0.824229 0.007588
v -0.200469 0.822964 0.084072
v -0.201018 0.834655 -0.088535
v -0.197363 0.831422 -0.026695
v -0.198711 0.833398 0.066400
v -0.200890 0.831116 0.095703
v -0.199989 0.835795 -0.103088
v -0.196802 0.827250 -0.110076
v -0.197383 0.840333 0.030712
v -0.197085 0.837158 0.015681
v -0.197374 0.841651 0.110231
v -0.197474 0.842189 -0.039934
v -0.197633 0.841760 0.047701
v -0.200255 0.846307 0.083190
v -0.201128 0.848415 -0.098567
v -0.200219 0.855300 -0.081970
v -0.197130 0.846222 -0.019493
v -0.198689 0.858686 0.067622
v -0.199207 0.851647 0.106220
v -0.198108 0.857489 -0.057069
v -0.197749 0.857761 0.052209
v -0.201092 0.854803 0.096883
v -0.199104 0.858290 -0.107319
v -0.197325 0.859141 -0.028492
v -0.200881 0.862861 -0.099555
v -0.197467 0.867315 0.038830
v -0.197066 0.857698 0.017698
v -0.200181 0.866319 0.081841
v -0.201037 0.872199 0.095983
v -0.200783 0.868786 -0.088788
v -0.197671 0.876235 -0.044240
v -0.198830 0.869999 0.107080
v -0.199021 0.874566 -0.068984
v -0.197541 0.881187 -0.109505
v -0.200905 0.883409 -0.094463
v -0.198604 0.881384 0.064353
v -0.197318 0.878111 -0.019900
v -0.197576 0.882726 0.040343
v -0.196988 0.875897 0.011447
v -0.201088 0.889210 0.091708
v -0.198395 0.893052 -0.059207
v -0.200231 0.892299 0.079854
v -0.199964 0.895849 -0.075424
v -0.197658 0.899801 -0.037459
v -0.199216 0.895638 0.101677
v -0.197864 0.898048 -0.104948
v -0.197395 0.898757 -0.013380
v -0.197330 0.893722 0.001990
v -0.197430 0.898227 0.029063
v -0.198104 0.894896 0.054043
v -0.201116 0.910408 -0.085419
v -0.199534 0.907825 0.066041
v -0.197500 0.915234 0.015036
v -0.201045 0.905587 0.087921
v -0.200064 0.914446 -0.067176
v -0.198379 0.914712 0.048858
v -0.198732 0.916139 -0.052260
v -0.197826 0.918066 -0.028345
v -0.199108 0.918572 -0.094545
v -0.197449 0.917456 -0.005995
v -0.201396 0.917899 0.079347
v -0.199693 0.921262 0.090297
v -0.196927 0.916934 0.101870
v -0.198751 0.928373 0.038981
v -0.200601 0.926492 0.064122
v -0.201313 0.929179 -0.075971
v -0.200204 0.937391 -0.042598
v -0.200889 0.931589 -0.057918
v -0.198699 0.933439 -0.020632
v -0.200116 0.936038 0.077655
v -0.198852 0.937231 -0.004050
v -0.199056 0.937762 0.018146
v -0.196768 0.942034 -0.086574
v -0.199779 0.943879 -0.072742
v -0.200732 0.949894 0.033295
v -0.201007 0.945331 0.049228
v -0.201044 0.944450 0.062424
v -0.200822 0.951656 -0.056735
v -0.201196 0.954678 -0.023872
v -0.201188 0.957085 -0.000758
v -0.200946 0.953432 0.015871
v -0.198370 0.957326 0.062680
v -0.200812 0.958533 -0.044384
v -0.200163 0.959444 0.046419
v -0.200208 0.966503 -0.029135
v -0.200217 0.969230 -0.011387
v -0.200278 0.966686 0.022009
v -0.198496 0.968908 -0.043237
v -0.199408 0.973031 0.003407
v -0.192582 0.736958 -0.027418
v -0.193119 0.735655 -0.012331
v -0.196060 0.746499 -0.049392
v -0.195617 0.741932 0.036213
v -0.194296 0.744992 0.051851
v -0.194323 0.754989 0.071991
v -0.192172 0.754461 -0.074423
v -0.193790 0.770502 0.089380
v -0.191108 0.767296 -0.089488
v -0.194427 0.777093 -0.094504
v -0.194515 0.792670 -0.102954
v -0.193407 0.785143 0.099844
v -0.196181 0.799921 0.103990
v -0.197018 0.836937 -0.004620
v -0.193249 0.830492 0.114385
v -0.194263 0.845593 -0.115328
v -0.197007 0.860736 -0.004511
v -0.194444 0.866588 -0.115062
v -0.196133 0.863092 0.113297
v -0.194274 0.884112 0.113706
v -0.195190 0.899742 0.109685
v -0.195941 0.914166 -0.104988
v -0.196661 0.924998 -0.098400
v -0.196552 0.936044 0.092074
v -0.196470 0.951061 0.078980
v -0.196686 0.960288 -0.067850
v -0.193899 0.965542 0.064562
v -0.194768 0.972003 -0.053459
v -0.196093 0.971487 0.049924
v -0.196113 0.976030 -0.039667
v -0.196509 0.979052 -0.024670
v -0.196318 0.979465 0.023294
v -0.194386 0.983284 -0.011879
v -0.196524 0.981502 0.005985
v -0.190797 0.732599 0.005836
v -0.191054 0.733982 0.019335
v -0.190746 0.740002 -0.046768
v -0.189425 0.734998 0.034329
v -0.187577 0.745550 -0.066125
v -0.192085 0.808007 -0.110810
v -0.190949 0.807916 0.111379
v -0.189879 0.845572 0.118909
v -0.191833 0.890236 -0.115079
v -0.192916 0.904662 -0.110522
v -0.187727 0.920150 -0.110381
v -0.191078 0.926670 -0.104097
v -0.190350 0.933777 0.100647
v -0.192050 0.941703 -0.093514
v -0.191459 0.946132 0.090666
v -0.192247 0.954070 -0.082171
v -0.185750 0.959760 0.082713
v -0.190713 0.967182 -0.068223
v -0.190633 0.961630 0.075763
v -0.191966 0.975579 0.050403
v -0.190274 0.981924 0.036157
v -0.190051 0.987986 0.001377
v -0.192368 0.984347 0.017857
v -0.185969 0.758365 0.085468
v -0.185921 0.963729 -0.079520
v -0.186633 0.728711 -0.002298
v -0.186910 0.729921 -0.016785
v -0.186197 0.730157 0.025479
v -0.194427 0.777093 -0.094504
v -0.194515 0.792670 -0.102954
v -0.187189 0.785544 -0.105259
v -0.188730 0.828209 -0.118370
v -0.192085 0.808007 -0.110810
v -0.196802 0.827250 -0.110076
v -0.187727 0.920150 -0.110381
v -0.192916 0.904662 -0.110522
v -0.195941 0.914166 -0.104988
v -0.191108 0.767296 -0.089488
v -0.184490 0.759888 -0.087830
v -0.192172 0.754461 -0.074423
v -0.194263 0.845593 -0.115328
v -0.194444 0.866588 -0.115062
v -0.184625 0.852669 -0.123002
v -0.186466 0.752054 -0.078955
v -0.185168 0.772159 -0.099084
v -0.186629 0.798922 -0.112963
v -0.183776 0.812189 -0.117181
v -0.185072 0.870140 -0.122482
v -0.183843 0.884201 -0.121563
v -0.191833 0.890236 -0.115079
v -0.186135 0.901758 -0.116987
v -0.183619 0.932507 -0.106077
v -0.191078 0.926670 -0.104097
v -0.192050 0.941703 -0.093514
v -0.185080 0.943328 -0.098981
v -0.174113 0.751065 -0.080338
v -0.176080 0.775647 -0.102350
v -0.176218 0.799589 -0.114746
v -0.177901 0.822649 -0.120944
v -0.181317 0.839161 -0.123034
v -0.178267 0.894484 -0.120860
v -0.180249 0.912809 -0.115620
v -0.177429 0.762335 -0.091140
v -0.169313 0.851294 -0.125196
v -0.168402 0.869742 -0.124978
v -0.172879 0.924384 -0.112389
v -0.171068 0.936762 -0.105117
v -0.176771 0.949650 -0.095326
v -0.166177 0.817415 -0.120287
v -0.165365 0.833526 -0.123766
v -0.167195 0.885869 -0.123691
v -0.158402 0.760907 -0.090165
v -0.156659 0.769874 -0.098763
v -0.161536 0.902583 -0.119662
v -0.163260 0.945571 -0.099624
v -0.155002 0.789740 -0.110631
v -0.162022 0.803460 -0.116536
v -0.157430 0.750353 -0.079791
v -0.157729 0.922687 -0.113261
v -0.149351 0.847422 -0.124815
v -0.153558 0.885633 -0.123504
v -0.150795 0.865826 -0.125067
v -0.147350 0.905390 -0.118563
v -0.148637 0.936849 -0.105192
v -0.142696 0.752818 -0.082252
v -0.139701 0.806956 -0.117202
v -0.143728 0.826812 -0.122206
v -0.136632 0.921628 -0.113420
v -0.143112 0.945593 -0.099522
v -0.140343 0.783335 -0.106795
v -0.135018 0.768618 -0.097267
v -0.135401 0.887706 -0.122870
v -0.137346 0.872893 -0.124501
v -0.130199 0.938028 -0.104426
v -0.128364 0.756877 -0.086364
v -0.137409 0.796324 -0.113868
v -0.124678 0.841682 -0.124221
v -0.133545 0.859050 -0.125159
v -0.126114 0.826504 -0.122048
v -0.125024 0.905551 -0.118392
v -0.123310 0.799460 -0.114962
v -0.125684 0.783052 -0.106639
v -0.131428 0.953900 -0.091557
v -0.116993 0.765444 -0.094293
v -0.115733 0.877291 -0.124167
v -0.120712 0.946909 -0.098400
v -0.109872 0.772868 -0.100654
v -0.108361 0.811851 -0.118402
v -0.115223 0.860470 -0.125185
v -0.112708 0.892101 -0.122062
v -0.116544 0.935611 -0.105873
v -0.108378 0.925844 -0.111598
v -0.104663 0.846853 -0.124596
v -0.112845 0.915999 -0.115411
v -0.105448 0.758702 -0.088021
v -0.105552 0.751545 -0.080942
v -0.104502 0.788823 -0.109853
v -0.101696 0.798737 -0.114765
v -0.104536 0.831279 -0.123110
v -0.097792 0.909902 -0.117180
v -0.101736 0.946144 -0.099128
v -0.096384 0.858599 -0.125141
v -0.096962 0.872896 -0.124419
v -0.100060 0.935815 -0.105766
v -0.088975 0.884417 -0.123364
v -0.090257 0.782514 -0.106393
v -0.085968 0.757943 -0.087201
v -0.085244 0.769548 -0.098169
v -0.087973 0.810134 -0.117978
v -0.084634 0.824429 -0.121697
v -0.083287 0.840877 -0.124205
v -0.083343 0.750210 -0.079424
v -0.082515 0.798327 -0.114606
v -0.076488 0.867487 -0.124811
v -0.085405 0.925386 -0.111883
v -0.085051 0.935251 -0.106171
v -0.076876 0.909675 -0.117294
v -0.067019 0.854371 -0.125185
v -0.075321 0.892552 -0.121894
v -0.070246 0.944704 -0.100013
v -0.065274 0.758112 -0.087461
v -0.070917 0.782050 -0.106203
v -0.068463 0.817890 -0.120198
v -0.059941 0.749883 -0.078882
v -0.058712 0.774458 -0.101632
v -0.064676 0.800443 -0.115372
v -0.058697 0.835343 -0.123703
v -0.058661 0.883705 -0.123534
v -0.067689 0.926155 -0.111410
v -0.054419 0.917315 -0.114935
v -0.053810 0.871517 -0.124593
v -0.052485 0.792698 -0.112126
v -0.054771 0.898045 -0.120494
v -0.052804 0.945051 -0.099956
v -0.046529 0.764970 -0.094131
v -0.046980 0.810833 -0.118319
v -0.046671 0.934604 -0.106528
v -0.043005 0.755501 -0.085102
v -0.041677 0.859003 -0.125306
v -0.040942 0.843237 -0.124437
v -0.036873 0.782006 -0.106087
v -0.031563 0.795982 -0.113613
v -0.037424 0.829208 -0.122890
v -0.037674 0.882593 -0.123598
v -0.038911 0.905025 -0.118602
v -0.029757 0.772083 -0.099920
v -0.032778 0.921798 -0.113469
v -0.025159 0.757976 -0.087471
v -0.027952 0.815034 -0.119307
v -0.029093 0.937864 -0.104591
v -0.020062 0.829455 -0.122910
v -0.015980 0.912597 -0.116422
v -0.026896 0.948902 -0.096719
v -0.016355 0.859365 -0.125141
v -0.020712 0.880533 -0.123843
v -0.019715 0.897097 -0.120708
v -0.012954 0.784290 -0.107258
v -0.011573 0.798211 -0.114493
v -0.017275 0.923972 -0.112459
v -0.007101 0.819613 -0.120594
v -0.008983 0.768639 -0.097346
v 0.002853 0.759440 -0.088924
v -0.009841 0.934036 -0.106848
v -0.011343 0.750514 -0.079735
v -0.005699 0.836958 -0.124028
v -0.005203 0.889264 -0.122724
v 0.000814 0.906170 -0.118205
v -0.001621 0.946167 -0.099260
v 0.001079 0.877652 -0.124167
v 0.002978 0.774554 -0.101668
v 0.006449 0.854644 -0.125236
v 0.001666 0.921883 -0.113415
v 0.006012 0.806410 -0.117167
v 0.010437 0.897749 -0.120541
v 0.008396 0.935848 -0.105781
v 0.008192 0.749481 -0.078330
v 0.013246 0.789230 -0.110159
v 0.010921 0.833096 -0.123407
v 0.016397 0.768713 -0.097494
v 0.021245 0.924007 -0.112496
v 0.022598 0.756981 -0.086579
v 0.024068 0.799493 -0.115029
v 0.028162 0.846526 -0.124791
v 0.025379 0.943283 -0.101277
v 0.020263 0.884873 -0.123438
v 0.032822 0.908855 -0.117507
v 0.033876 0.780180 -0.105056
v 0.028672 0.814880 -0.119347
v 0.030439 0.874467 -0.124463
v 0.034823 0.766548 -0.095494
v 0.034481 0.828142 -0.122649
v 0.037947 0.893689 -0.121611
v 0.034923 0.858138 -0.125371
v 0.046117 0.922186 -0.113344
v 0.040993 0.752841 -0.082328
v 0.045003 0.797644 -0.114275
v 0.051529 0.938351 -0.104315
v 0.051695 0.818296 -0.120225
v 0.053986 0.866009 -0.125013
v 0.050004 0.879822 -0.124086
v 0.049479 0.759789 -0.089100
v 0.053252 0.786815 -0.108774
v 0.052963 0.840066 -0.124139
v 0.051812 0.898628 -0.120365
v 0.062345 0.771568 -0.099506
v 0.065934 0.854250 -0.125131
v 0.050610 0.949962 -0.095573
v 0.057939 0.752005 -0.081440
v 0.066914 0.800324 -0.115334
v 0.065034 0.811412 -0.118354
v 0.065788 0.912964 -0.116455
v 0.065519 0.928511 -0.110004
v 0.067411 0.758392 -0.087792
v 0.070013 0.830928 -0.123017
v 0.070849 0.891793 -0.122083
v 0.067920 0.944659 -0.100469
v 0.078111 0.753552 -0.082970
v 0.074244 0.786409 -0.108529
v 0.082911 0.935884 -0.105784
v 0.078900 0.847375 -0.124641
v 0.081730 0.875246 -0.124387
v 0.078837 0.902477 -0.119332
v 0.084151 0.764558 -0.093496
v 0.080453 0.774607 -0.101617
v 0.080070 0.813517 -0.118951
v 0.087335 0.921103 -0.113731
v 0.093042 0.795853 -0.113586
v 0.086194 0.830592 -0.122947
v 0.089548 0.857581 -0.125184
v 0.078782 0.951731 -0.093858
v 0.097360 0.782418 -0.106206
v 0.095031 0.887378 -0.122968
v 0.098814 0.909495 -0.117429
v 0.096360 0.750325 -0.079561
v 0.104098 0.758962 -0.088176
v 0.095403 0.770738 -0.099095
v 0.097266 0.810358 -0.118088
v 0.096599 0.946686 -0.098788
v 0.101885 0.823764 -0.121574
v 0.105062 0.840319 -0.124049
v 0.101615 0.871083 -0.124571
v 0.102102 0.934781 -0.106421
v 0.108934 0.922194 -0.113310
v 0.118955 0.769785 -0.098041
v 0.109118 0.858561 -0.125139
v 0.111215 0.894622 -0.121437
v 0.112921 0.785865 -0.108309
v 0.116762 0.798987 -0.114944
v 0.116750 0.874072 -0.124341
v 0.115283 0.944782 -0.100193
v 0.121988 0.751397 -0.080674
v 0.118899 0.814384 -0.119078
v 0.127276 0.933682 -0.107082
v 0.127301 0.829711 -0.122861
v 0.120506 0.846694 -0.124537
v 0.125932 0.910587 -0.117130
v 0.125805 0.760150 -0.089215
v 0.129555 0.862284 -0.125095
v 0.132803 0.894703 -0.121464
v 0.131625 0.787077 -0.109020
v 0.134049 0.803929 -0.116423
v 0.131655 0.878213 -0.123985
v 0.133764 0.817436 -0.119834
v 0.140525 0.843686 -0.124420
v 0.133433 0.945971 -0.099341
v 0.144333 0.923195 -0.113041
v 0.142099 0.758689 -0.087867
v 0.147031 0.749021 -0.077667
v 0.152108 0.769539 -0.098265
v 0.146011 0.827727 -0.122615
v 0.146780 0.872185 -0.124529
v 0.151105 0.889167 -0.122862
v 0.152923 0.935837 -0.105888
v 0.159826 0.781304 -0.106038
v 0.150291 0.795866 -0.113761
v 0.156690 0.813814 -0.119241
v 0.154898 0.860025 -0.125335
v 0.156751 0.909468 -0.117572
v 0.154328 0.946579 -0.098759
v 0.164318 0.845728 -0.124885
v 0.166168 0.876832 -0.124342
v 0.158361 0.757256 -0.086707
v 0.165441 0.826581 -0.122584
v 0.167043 0.798427 -0.114944
v 0.163599 0.922470 -0.113462
v 0.169645 0.751287 -0.080671
v 0.169736 0.900505 -0.119984
v 0.173823 0.760659 -0.089343
v 0.171918 0.770944 -0.099549
v 0.175652 0.864245 -0.124472
v 0.176196 0.888488 -0.122074
v 0.177357 0.915499 -0.114998
v 0.172351 0.948252 -0.096999
v 0.176085 0.789394 -0.110099
v 0.176019 0.806884 -0.116816
v 0.177907 0.842122 -0.123500
v 0.174680 0.932984 -0.107141
v 0.181725 0.778165 -0.102282
v 0.183643 0.766291 -0.093101
v 0.183813 0.881395 -0.121296
v 0.184849 0.900376 -0.117150
v 0.186294 0.930069 -0.105823
v 0.184443 0.752516 -0.078786
v 0.188025 0.793082 -0.107513
v 0.184643 0.804011 -0.114262
v 0.184951 0.828168 -0.119729
v 0.185227 0.860607 -0.122263
v 0.185662 0.943494 -0.098087
v 0.189168 0.760781 -0.083096
v 0.188538 0.846209 -0.119428
v 0.188611 0.917631 -0.110227
v 0.193366 0.903528 -0.109230
v 0.192906 0.774614 -0.091988
v 0.191532 0.812866 -0.111158
v 0.194115 0.831022 -0.111958
v 0.193860 0.866081 -0.114298
v 0.191327 0.885608 -0.115285
v 0.194671 0.934006 -0.096059
v 0.195226 0.789174 -0.098672
v 0.195919 0.805565 -0.105066
v -0.185652 0.863485 0.122071
v -0.196133 0.863092 0.113297
v -0.189879 0.845572 0.118909
v -0.195190 0.899742 0.109685
v -0.194274 0.884112 0.113706
v -0.188632 0.894569 0.116966
v -0.187969 0.911390 0.112908
v -0.196927 0.916934 0.101870
v -0.186920 0.781204 0.103231
v -0.193407 0.785143 0.099844
v -0.193790 0.770502 0.089380
v -0.185907 0.795926 0.111381
v -0.196181 0.799921 0.103990
v -0.190949 0.807916 0.111379
v -0.190350 0.933777 0.100647
v -0.185842 0.771426 0.097899
v -0.185969 0.758365 0.085468
v -0.180376 0.790126 0.109770
v -0.183185 0.822747 0.119520
v -0.184129 0.806818 0.115543
v -0.193249 0.830492 0.114385
v -0.184539 0.839931 0.122029
v -0.184959 0.881086 0.121548
v -0.183211 0.926682 0.109241
v -0.184162 0.945608 0.097291
v -0.191459 0.946132 0.090666
v -0.185750 0.959760 0.082713
v -0.177566 0.762753 0.091447
v -0.174336 0.775992 0.102871
v -0.180511 0.898207 0.119424
v -0.178733 0.751544 0.080522
v -0.173719 0.800175 0.115095
v -0.167390 0.814483 0.119042
v -0.173586 0.836086 0.123403
v -0.173046 0.858256 0.124923
v -0.171641 0.879025 0.123668
v -0.176966 0.912314 0.116187
v -0.169728 0.940700 0.102425
v -0.172108 0.957264 0.088331
v -0.173011 0.965937 0.079393
v -0.165716 0.751134 0.080623
v -0.165620 0.788006 0.109643
v -0.166654 0.903249 0.119195
v -0.165064 0.923172 0.112581
v -0.156750 0.771125 0.099331
v -0.162007 0.950047 0.095523
v -0.162337 0.758836 0.087953
v -0.162926 0.847568 0.124754
v -0.162760 0.889266 0.122753
v -0.158591 0.799649 0.115148
v -0.159877 0.833906 0.123381
v -0.156950 0.861405 0.125226
v -0.148206 0.782336 0.106249
v -0.143866 0.886333 0.123088
v -0.141236 0.928597 0.109635
v -0.148820 0.957202 0.088634
v -0.153828 0.966579 0.079066
v -0.150454 0.752062 0.081150
v -0.148075 0.824926 0.121589
v -0.150881 0.901412 0.119519
v -0.150105 0.916249 0.115274
v -0.150092 0.944530 0.099990
v -0.147696 0.843589 0.124258
v -0.133451 0.760862 0.089568
v -0.138282 0.796050 0.113467
v -0.146048 0.805466 0.116776
v -0.139059 0.771815 0.099944
v -0.137237 0.864131 0.124987
v -0.136445 0.966440 0.079050
v -0.128058 0.751350 0.080322
v -0.126687 0.782359 0.106085
v -0.129264 0.807757 0.117375
v -0.133390 0.825064 0.121667
v -0.131245 0.901148 0.119545
v -0.130771 0.917240 0.114911
v -0.136447 0.947347 0.097708
v -0.131087 0.845867 0.124473
v -0.127307 0.873720 0.124291
v -0.122608 0.941405 0.101913
v -0.124338 0.955003 0.090758
v -0.119666 0.770422 0.098623
v -0.117738 0.886117 0.123012
v -0.112014 0.923814 0.112221
v -0.115970 0.965227 0.080372
v -0.118870 0.793681 0.112430
v -0.115031 0.823882 0.121364
v -0.118149 0.839220 0.123809
v -0.111009 0.856763 0.125198
v -0.113766 0.763040 0.091557
v -0.109274 0.752239 0.081441
v -0.107587 0.809104 0.117755
v -0.105787 0.907354 0.117910
v -0.107065 0.782133 0.106034
v -0.099957 0.870727 0.124636
v -0.102862 0.890185 0.122357
v -0.105639 0.940928 0.102456
v -0.100894 0.955741 0.090146
v -0.098444 0.759024 0.087946
v -0.092809 0.770118 0.098437
v -0.095855 0.797554 0.114106
v -0.101245 0.840117 0.123891
v -0.086413 0.821022 0.120678
v -0.093368 0.918940 0.114362
v -0.096623 0.931647 0.107992
v -0.096601 0.965963 0.079615
v -0.090150 0.853556 0.125087
v -0.086811 0.948439 0.096875
v -0.086608 0.780669 0.105262
v -0.086274 0.838636 0.123696
v -0.086437 0.880240 0.123918
v -0.085049 0.901809 0.119387
v -0.076417 0.760235 0.089144
v -0.073943 0.752013 0.081232
v -0.076844 0.956829 0.089117
v -0.077000 0.798709 0.114397
v -0.076334 0.916180 0.115203
v -0.075189 0.930943 0.108295
v -0.066230 0.828880 0.122322
v -0.066542 0.846515 0.124520
v -0.070627 0.866799 0.124932
v -0.072740 0.894176 0.121444
v -0.066944 0.945240 0.099553
v -0.070042 0.775186 0.102068
v -0.059863 0.766422 0.095041
v -0.064664 0.814673 0.119024
v -0.056566 0.922634 0.112756
v -0.056546 0.782295 0.106099
v -0.060220 0.797834 0.114149
v -0.053474 0.909637 0.116948
v -0.054345 0.933939 0.106512
v -0.056876 0.890977 0.122111
v -0.055603 0.960052 0.085777
v -0.052762 0.752541 0.081758
v -0.045679 0.806780 0.117034
v -0.047403 0.861784 0.125181
v -0.044894 0.790111 0.110354
v -0.048301 0.821728 0.120692
v -0.050614 0.875210 0.124269
v -0.041849 0.947979 0.097179
v -0.042349 0.758340 0.087528
v -0.045078 0.840393 0.123854
v -0.042381 0.894270 0.121271
v -0.035157 0.767930 0.096620
v -0.034950 0.780030 0.104753
v -0.030827 0.856497 0.125189
v -0.032428 0.873228 0.124370
v -0.034998 0.917804 0.114651
v -0.033434 0.932986 0.107016
v -0.024576 0.795140 0.112754
v -0.031443 0.825510 0.121670
v -0.028184 0.841894 0.123982
v -0.032040 0.955651 0.090066
v -0.030104 0.965440 0.079962
v -0.024316 0.884918 0.123154
v -0.016219 0.752490 0.081789
v -0.023327 0.814557 0.119048
v -0.021057 0.904485 0.118394
v -0.019697 0.947155 0.097849
v -0.019467 0.765846 0.094767
v -0.011447 0.778565 0.103910
v -0.018770 0.921485 0.113309
v -0.009383 0.957642 0.088096
v -0.013167 0.825318 0.121560
v -0.011952 0.871470 0.124465
v -0.015641 0.934047 0.106361
v -0.006768 0.805732 0.116662
v -0.011421 0.844884 0.124214
v -0.001149 0.857613 0.125240
v -0.000743 0.890185 0.122247
v -0.003725 0.966629 0.078463
v -0.003487 0.758421 0.087800
v 0.005726 0.772490 0.099991
v -0.003550 0.794337 0.112518
v 0.000899 0.831358 0.122719
v -0.003012 0.922734 0.112687
v -0.000919 0.945153 0.099541
v 0.003135 0.932517 0.107284
v 0.007669 0.909006 0.117163
v 0.012198 0.814507 0.118923
v 0.009959 0.847041 0.124484
v 0.013118 0.866752 0.124898
v 0.010091 0.789708 0.110137
v 0.012327 0.756534 0.086048
v 0.018477 0.831956 0.122893
v 0.022318 0.921053 0.113426
v 0.016003 0.948160 0.097077
v 0.017621 0.960919 0.084888
v 0.016644 0.800167 0.114982
v 0.017607 0.933612 0.106721
v 0.027889 0.760908 0.089934
v 0.023406 0.887950 0.122640
v 0.022374 0.782573 0.106157
v 0.032405 0.850085 0.124813
v 0.026188 0.771968 0.100197
v 0.033373 0.794379 0.112673
v 0.041773 0.782411 0.106026
v 0.033290 0.813535 0.118756
v 0.037428 0.863704 0.125102
v 0.034871 0.902184 0.119190
v 0.036002 0.934091 0.106518
v 0.043745 0.880984 0.123796
v 0.041133 0.948761 0.096612
v 0.041173 0.965452 0.079939
v 0.041378 0.772120 0.100202
v 0.046621 0.823411 0.121248
v 0.047331 0.921114 0.113214
v 0.044238 0.761098 0.089894
v 0.041133 0.751224 0.080493
v 0.055309 0.799304 0.114522
v 0.057446 0.770256 0.098668
v 0.055248 0.837103 0.123498
v 0.056738 0.900559 0.119632
v 0.053185 0.940266 0.102847
v 0.055644 0.752519 0.081807
v 0.057744 0.853279 0.125034
v 0.059460 0.872309 0.124450
v 0.059875 0.962241 0.083477
v 0.064249 0.762295 0.090985
v 0.070644 0.783440 0.106711
v 0.069484 0.949908 0.095597
v 0.064286 0.888441 0.122825
v 0.064626 0.929420 0.109233
v 0.076242 0.752326 0.081636
v 0.074305 0.821507 0.120769
v 0.071902 0.900536 0.119574
v 0.072414 0.916512 0.115066
v 0.076340 0.770944 0.099319
v 0.084077 0.798020 0.114161
v 0.074798 0.841675 0.123932
v 0.084136 0.858780 0.125111
v 0.078632 0.877027 0.124047
v 0.081577 0.925829 0.111187
v 0.083239 0.941022 0.102432
v 0.079664 0.964986 0.080599
v 0.086881 0.809894 0.117784
v 0.085566 0.829682 0.122474
v 0.091806 0.889505 0.122551
v 0.091472 0.906744 0.117825
v 0.096064 0.767027 0.095840
v 0.092331 0.782669 0.106378
v 0.096899 0.955628 0.090187
v 0.100388 0.815104 0.119095
v 0.095127 0.840713 0.123795
v 0.098506 0.940398 0.102699
v 0.096635 0.753427 0.082724
v 0.102447 0.873255 0.124377
v 0.105944 0.922475 0.112822
v 0.110416 0.796177 0.113557
v 0.102169 0.828886 0.122322
v 0.100662 0.854287 0.125097
v 0.108195 0.964985 0.080649
v 0.107303 0.782420 0.106352
v 0.110922 0.909440 0.117030
v 0.119335 0.933834 0.106514
v 0.112709 0.759262 0.088300
v 0.113266 0.751605 0.080850
v 0.113328 0.845429 0.124276
v 0.118844 0.888025 0.122536
v 0.123835 0.770343 0.098691
v 0.117038 0.826242 0.121815
v 0.117521 0.861456 0.125228
v 0.114909 0.946938 0.098109
v 0.119009 0.805209 0.116585
v 0.127541 0.789492 0.110189
v 0.126688 0.956771 0.089128
v 0.130100 0.757312 0.086519
v 0.132951 0.812182 0.118554
v 0.132020 0.840713 0.123958
v 0.128716 0.908721 0.117159
v 0.128768 0.923741 0.112106
v 0.131396 0.969369 0.075276
v 0.139921 0.873752 0.124442
v 0.134552 0.945831 0.098983
v 0.136993 0.892000 0.121832
v 0.142203 0.775346 0.102439
v 0.147433 0.823579 0.121462
v 0.145888 0.857517 0.125371
v 0.144321 0.935111 0.105787
v 0.147747 0.761219 0.090428
v 0.152007 0.804471 0.116480
v 0.150245 0.909897 0.116943
v 0.149848 0.957410 0.088677
v 0.150349 0.921903 0.113141
v 0.154309 0.781919 0.106364
v 0.158008 0.835383 0.123635
v 0.161530 0.945615 0.099431
v 0.157393 0.892958 0.121854
v 0.164860 0.868825 0.125013
v 0.161939 0.771159 0.100064
v 0.164335 0.815712 0.119702
v 0.167185 0.850299 0.125018
v 0.169642 0.932159 0.107393
v 0.163147 0.962826 0.083344
v 0.162230 0.758603 0.088323
v 0.169572 0.796483 0.113874
v 0.170147 0.832904 0.123195
v 0.172820 0.904896 0.118136
v 0.172005 0.921183 0.113330
v 0.177183 0.770471 0.098407
v 0.171481 0.781415 0.106168
v 0.172503 0.886426 0.123050
v 0.173396 0.949016 0.096228
v 0.176832 0.757370 0.086251
v 0.181923 0.793438 0.111127
v 0.180623 0.809445 0.116645
v 0.178494 0.864570 0.124265
v 0.178242 0.962945 0.081857
v 0.185786 0.781540 0.102557
v 0.181760 0.853515 0.123739
v 0.182618 0.915940 0.113590
v 0.186600 0.762372 0.087351
v 0.180838 0.750799 0.078533
v 0.184449 0.833983 0.121100
v 0.183109 0.882282 0.121674
v 0.182906 0.902532 0.117326
v 0.185199 0.927129 0.107351
v 0.184695 0.941700 0.099309
v 0.184392 0.954418 0.088479
v 0.188152 0.803674 0.112010
v 0.190357 0.818861 0.113652
v 0.189533 0.854054 0.119080
v 0.187765 0.869794 0.120021
v 0.189387 0.889823 0.115996
v 0.188673 0.906327 0.112505
v 0.192751 0.946018 0.087977
v 0.193774 0.772717 0.089723
v 0.194249 0.790098 0.100626
v 0.192673 0.838950 0.115144
v 0.193359 0.916978 0.105678
v 0.193302 0.932540 0.097491
v 0.195354 0.887080 0.110958
v 0.194998 0.904963 0.107055
v 0.195651 0.826039 0.110189
v -0.185812 0.983185 -0.042380
v -0.194768 0.972003 -0.053459
v -0.196113 0.976030 -0.039667
v -0.196509 0.979052 -0.024670
v -0.186557 0.986810 -0.030340
v -0.190274 0.981924 0.036157
v -0.192368 0.984347 0.017857
v -0.196318 0.979465 0.023294
v -0.190051 0.987986 0.001377
v -0.196524 0.981502 0.005985
v -0.185300 0.955216 -0.088001
v -0.185080 0.943328 -0.098981
v -0.192050 0.941703 -0.093514
v -0.192247 0.954070 -0.082171
v -0.184184 0.978754 -0.056777
v -0.194386 0.983284 -0.011879
v -0.185921 0.963729 -0.079520
v -0.183377 0.970091 0.070685
v -0.193899 0.965542 0.064562
v -0.190633 0.961630 0.075763
v -0.190713 0.967182 -0.068223
v -0.185420 0.979396 0.052833
v -0.191966 0.975579 0.050403
v -0.185202 0.990147 -0.015050
v -0.185621 0.989205 0.017376
v -0.182455 0.970206 -0.071983
v -0.185750 0.959760 0.082713
v -0.181247 0.984688 0.041369
v -0.182939 0.988218 0.029256
v -0.174751 0.992448 -0.005006
v -0.178709 0.991818 0.006259
v -0.176771 0.949650 -0.095326
v -0.173209 0.966596 -0.078937
v -0.173011 0.965937 0.079393
v -0.174053 0.975318 -0.065990
v -0.173465 0.976696 0.062579
v -0.170116 0.983257 0.049344
v -0.176018 0.989497 -0.028536
v -0.175528 0.989722 0.025156
v -0.170608 0.983096 -0.051187
v -0.170138 0.987371 0.036860
v -0.163729 0.991383 0.016954
v -0.164266 0.961026 -0.085098
v -0.163260 0.945571 -0.099624
v -0.159193 0.974969 0.066330
v -0.155830 0.990074 -0.027675
v -0.161236 0.992123 -0.011418
v -0.157554 0.971885 -0.071485
v -0.155167 0.987488 0.037042
v -0.149233 0.992843 0.001313
v -0.148897 0.953410 -0.092066
v -0.153828 0.966579 0.079066
v -0.147959 0.983017 0.050376
v -0.152004 0.980790 -0.056812
v -0.145914 0.985078 -0.044656
v -0.143112 0.945593 -0.099522
v -0.142539 0.963771 -0.081903
v -0.142379 0.974912 0.066312
v -0.141763 0.990671 0.021066
v -0.135919 0.972172 -0.070474
v -0.135622 0.991714 -0.012749
v -0.135283 0.980316 0.057207
v -0.131157 0.986157 0.040815
v -0.131428 0.953900 -0.091557
v -0.132232 0.989331 -0.029319
v -0.123193 0.985541 -0.042340
v -0.125833 0.992380 0.005521
v -0.136445 0.966440 0.079050
v -0.128411 0.980495 -0.056876
v -0.122597 0.973734 0.068056
v -0.127550 0.990003 0.025667
v -0.120135 0.963990 -0.081566
v -0.111265 0.955640 -0.089889
v -0.120712 0.946909 -0.098400
v -0.115970 0.965227 0.080372
v -0.112913 0.974071 -0.067296
v -0.117710 0.981562 0.053437
v -0.111587 0.991470 -0.012980
v -0.104405 0.990533 0.020278
v -0.114156 0.987918 0.034603
v -0.102877 0.982492 -0.051121
v -0.113381 0.989181 -0.029320
v -0.097029 0.964906 -0.080406
v -0.101877 0.973884 0.067667
v -0.099908 0.985515 0.042157
v -0.102015 0.992364 -0.001082
v -0.101736 0.946144 -0.099128
v -0.091262 0.973135 -0.068717
v -0.096363 0.987740 -0.034914
v -0.096601 0.965963 0.079615
v -0.091746 0.980991 0.054331
v -0.090009 0.990711 -0.018936
v -0.089830 0.991317 0.013497
v -0.083564 0.989100 0.029432
v -0.078974 0.955957 -0.089797
v -0.079212 0.972073 0.070510
v -0.085176 0.992558 0.001613
v -0.080186 0.978280 -0.060250
v -0.070246 0.944704 -0.100013
v -0.073191 0.970124 -0.073288
v -0.076844 0.956829 0.089117
v -0.075061 0.983521 0.047719
v -0.075484 0.983388 -0.048668
v -0.071463 0.989225 -0.027506
v -0.074777 0.991306 0.013274
v -0.069960 0.992025 -0.006257
v -0.064402 0.966914 0.078086
v -0.056380 0.987197 0.036665
v -0.055603 0.960052 0.085777
v -0.059590 0.965289 -0.080154
v -0.058430 0.980208 -0.056972
v -0.059056 0.989987 0.023697
v -0.058821 0.955999 -0.089755
v -0.062071 0.977953 0.060540
v -0.055173 0.985620 -0.041424
v -0.060433 0.992278 0.003942
v -0.053406 0.983152 0.048884
v -0.057089 0.990367 -0.021233
v -0.053765 0.973428 -0.068171
v -0.048585 0.992159 -0.004720
v -0.052804 0.945051 -0.099956
v -0.044859 0.974590 0.066166
v -0.041837 0.989925 -0.024001
v -0.047341 0.991646 0.010045
v -0.045108 0.964593 -0.080962
v -0.039263 0.974824 -0.065999
v -0.039088 0.955527 -0.090231
v -0.030104 0.965440 0.079962
v -0.031451 0.981648 -0.053356
v -0.030481 0.966259 -0.078891
v -0.031088 0.984926 0.043643
v -0.033845 0.989962 0.023060
v -0.026445 0.992441 0.000752
v -0.026896 0.948902 -0.096719
v -0.029599 0.986693 -0.037881
v -0.026417 0.991520 -0.010969
v -0.016624 0.974633 -0.066368
v -0.022490 0.980163 0.056105
v -0.014592 0.974038 0.067093
v -0.013915 0.985167 -0.042723
v -0.021993 0.989812 -0.025474
v -0.008949 0.988643 0.030963
v -0.012111 0.963087 -0.082584
v -0.006557 0.982071 0.051459
v -0.012536 0.990978 0.015985
v -0.003725 0.966629 0.078463
v -0.011494 0.991233 -0.013853
v -0.001621 0.946167 -0.099260
v -0.004252 0.979720 -0.057795
v -0.002216 0.989941 -0.024654
v -0.003860 0.992419 0.000518
v 0.001244 0.972144 -0.070325
v 0.003555 0.984408 -0.045163
v 0.005673 0.955596 -0.090289
v 0.004920 0.991614 -0.010723
v 0.001507 0.991533 0.011215
v 0.014521 0.970416 0.073036
v 0.014098 0.979728 0.056613
v 0.012358 0.980494 -0.056204
v 0.013138 0.987939 -0.034015
v 0.014668 0.986554 0.038621
v 0.014090 0.992466 0.003206
v 0.017277 0.966008 -0.079486
v 0.017621 0.960919 0.084888
v 0.016783 0.973851 -0.067460
v 0.017022 0.990636 -0.019518
v 0.022031 0.989889 0.024120
v 0.025379 0.943283 -0.101277
v 0.028039 0.991812 -0.009690
v 0.029584 0.954613 -0.091101
v 0.026378 0.982887 -0.049791
v 0.032542 0.988433 -0.031899
v 0.031298 0.967177 -0.077865
v 0.033378 0.974081 -0.067076
v 0.030911 0.976038 0.063796
v 0.033131 0.985516 0.041892
v 0.035881 0.992016 0.007841
v 0.041173 0.965452 0.079939
v 0.043284 0.980345 0.055878
v 0.042068 0.989958 0.024279
v 0.043600 0.992602 -0.002010
v 0.043577 0.961130 -0.084659
v 0.047673 0.981827 -0.052788
v 0.056091 0.962586 -0.083036
v 0.053129 0.973758 -0.067695
v 0.048946 0.974366 0.066772
v 0.052526 0.986859 -0.037824
v 0.049084 0.986491 0.038802
v 0.050610 0.949962 -0.095573
v 0.050948 0.990603 -0.020662
v 0.055897 0.991521 0.012371
v 0.059875 0.962241 0.083477
v 0.070317 0.992225 -0.005331
v 0.063337 0.981665 -0.053352
v 0.064771 0.988639 0.030962
v 0.074108 0.973945 -0.067436
v 0.070113 0.974302 0.067131
v 0.067484 0.980529 0.055551
v 0.079651 0.990997 0.016667
v 0.078782 0.951731 -0.093858
v 0.067920 0.944659 -0.100469
v 0.081889 0.964409 -0.081215
v 0.072323 0.989212 -0.028556
v 0.078425 0.983385 -0.048504
v 0.079664 0.964986 0.080599
v 0.088076 0.986152 0.040301
v 0.094646 0.973544 -0.068095
v 0.090680 0.976694 0.063189
v 0.089621 0.989256 -0.028919
v 0.095970 0.992435 0.000865
v 0.103713 0.957072 -0.088720
v 0.093028 0.980339 -0.056917
v 0.089328 0.991112 -0.016205
v 0.096407 0.984773 -0.044441
v 0.096197 0.991281 0.014174
v 0.098361 0.989260 0.028873
v 0.096599 0.946686 -0.098788
v 0.104627 0.967022 -0.078164
v 0.103709 0.989620 -0.026732
v 0.108195 0.964985 0.080649
v 0.108343 0.981957 0.052424
v 0.109167 0.991898 -0.008927
v 0.112530 0.973791 0.068320
v 0.108756 0.981465 -0.053985
v 0.115283 0.944782 -0.100193
v 0.115778 0.985921 -0.041126
v 0.113369 0.987601 0.035912
v 0.114954 0.990883 0.018521
v 0.114189 0.974281 -0.067018
v 0.121446 0.992576 -0.000372
v 0.128655 0.966750 -0.078516
v 0.123959 0.990448 -0.021964
v 0.128966 0.956344 -0.089345
v 0.131396 0.969369 0.075276
v 0.129362 0.981703 -0.053658
v 0.124272 0.983649 0.048494
v 0.135178 0.974347 -0.067227
v 0.134241 0.980309 0.057780
v 0.132584 0.989176 0.030091
v 0.131559 0.991924 0.010689
v 0.133433 0.945971 -0.099341
v 0.141525 0.987201 -0.037787
v 0.139762 0.984527 0.046442
v 0.136875 0.992269 -0.006872
v 0.144449 0.956605 -0.089124
v 0.147902 0.973130 0.069666
v 0.144931 0.982373 -0.052990
v 0.148528 0.990549 -0.023188
v 0.152312 0.991665 0.015020
v 0.154328 0.946579 -0.098759
v 0.151854 0.968823 -0.075963
v 0.149848 0.957410 0.088677
v 0.159858 0.976105 -0.064776
v 0.156768 0.981942 0.053869
v 0.157437 0.988093 0.035852
v 0.157042 0.992490 -0.006749
v 0.165047 0.983827 -0.048361
v 0.160482 0.960777 -0.085236
v 0.163147 0.962826 0.083344
v 0.161996 0.974392 0.067868
v 0.163399 0.989759 -0.028162
v 0.169876 0.966495 -0.079061
v 0.172181 0.990495 0.022520
v 0.171905 0.992515 0.005344
v 0.172351 0.948252 -0.096999
v 0.172905 0.978108 0.061065
v 0.171164 0.985763 0.042715
v 0.176632 0.991041 -0.013507
v 0.178242 0.962945 0.081857
v 0.174225 0.970644 0.072692
v 0.180342 0.979128 -0.056667
v 0.179651 0.954181 -0.090446
v 0.182490 0.971735 -0.068721
v 0.182892 0.963297 -0.080606
v 0.182913 0.979719 0.053280
v 0.180455 0.985757 -0.038205
v 0.179494 0.988575 0.029722
v 0.184384 0.968652 0.072063
v 0.184291 0.990559 0.001714
v 0.185662 0.943494 -0.098087
v 0.187053 0.954402 -0.087048
v 0.186024 0.984796 0.034679
v 0.187243 0.987481 -0.015258
v 0.184328 0.989473 0.015215
v 0.190548 0.963353 -0.073071
v 0.184392 0.954418 0.088479
v 0.188626 0.974013 -0.058572
v 0.193203 0.967499 0.061552
v 0.189048 0.979064 -0.045784
v 0.190714 0.982756 -0.027784
v 0.190633 0.986077 -0.002474
v 0.189365 0.986279 0.012418
v 0.193075 0.958570 0.075183
v 0.193940 0.976931 0.037980
v 0.195862 0.978312 0.020889
v 0.195166 0.976747 -0.033306
v 0.195108 0.980849 -0.013574
v 0.192887 0.753407 -0.069502
v 0.184443 0.752516 -0.078786
v 0.189168 0.760781 -0.083096
v 0.194490 0.945187 -0.087237
v 0.185662 0.943494 -0.098087
v 0.187053 0.954402 -0.087048
v 0.190548 0.963353 -0.073071
v 0.184392 0.954418 0.088479
v 0.192751 0.946018 0.087977
v 0.193075 0.958570 0.075183
v 0.196080 0.967008 -0.054599
v 0.188626 0.974013 -0.058572
v 0.193381 0.736192 -0.014759
v 0.189559 0.735274 -0.031391
v 0.196427 0.741917 -0.027241
v 0.194268 0.744058 0.045929
v 0.188596 0.735984 0.036555
v 0.192556 0.736595 0.021031
v 0.195173 0.764895 -0.079783
v 0.186600 0.762372 0.087351
v 0.193259 0.755131 0.071575
v 0.196799 0.766480 0.077831
v 0.192906 0.774614 -0.091988
v 0.193774 0.772717 0.089723
v 0.196996 0.847712 -0.109998
v 0.194115 0.831022 -0.111958
v 0.188538 0.846209 -0.119428
v 0.193860 0.866081 -0.114298
v 0.196830 0.862261 0.110698
v 0.187765 0.869794 0.120021
v 0.189533 0.854054 0.119080
v 0.195354 0.887080 0.110958
v 0.196087 0.919164 -0.101838
v 0.193366 0.903528 -0.109230
v 0.188611 0.917631 -0.110227
v 0.194671 0.934006 -0.096059
v 0.195840 0.954923 -0.075287
v 0.189048 0.979064 -0.045784
v 0.197608 0.742045 0.013947
v 0.193290 0.734644 0.002399
v 0.197908 0.740715 -0.001594
v 0.194264 0.744057 -0.046411
v 0.199994 0.748300 -0.017279
v 0.198640 0.747680 0.031805
v 0.198908 0.749796 -0.039187
v 0.199406 0.753760 0.046285
v 0.189715 0.743419 -0.056778
v 0.198526 0.756907 -0.059194
v 0.193610 0.748409 0.058858
v 0.199758 0.763756 0.063789
v 0.199716 0.772551 -0.074011
v 0.199876 0.779546 0.079446
v 0.199373 0.786141 -0.086915
v 0.195226 0.789174 -0.098672
v 0.199470 0.790163 0.090378
v 0.194249 0.790098 0.100626
v 0.199646 0.799258 -0.093208
v 0.195919 0.805565 -0.105066
v 0.197578 0.805127 0.101997
v 0.199886 0.813564 -0.097561
v 0.188152 0.803674 0.112010
v 0.190357 0.818861 0.113652
v 0.199778 0.821366 0.100357
v 0.191532 0.812866 -0.111158
v 0.200625 0.831241 -0.098538
v 0.195651 0.826039 0.110189
v 0.198824 0.843473 0.105959
v 0.192673 0.838950 0.115144
v 0.198980 0.864883 -0.106256
v 0.197900 0.881705 -0.107104
v 0.199632 0.880591 0.102642
v 0.191327 0.885608 -0.115285
v 0.199767 0.897859 -0.099176
v 0.199560 0.900684 0.098074
v 0.194998 0.904963 0.107055
v 0.197361 0.916141 0.099529
v 0.193359 0.916978 0.105678
v 0.193302 0.932540 0.097491
v 0.197809 0.928719 0.091952
v 0.198135 0.933467 -0.089626
v 0.200389 0.921569 -0.086978
v 0.199541 0.939637 -0.078512
v 0.199050 0.938822 0.081135
v 0.199495 0.948332 0.070229
v 0.200354 0.950847 -0.061891
v 0.193203 0.967499 0.061552
v 0.199104 0.962501 0.052276
v 0.195166 0.976747 -0.033306
v 0.198444 0.968953 -0.036186
v 0.198966 0.969178 0.034221
v 0.193940 0.976931 0.037980
v 0.198135 0.974004 -0.017045
v 0.195862 0.978312 0.020889
v 0.195108 0.980849 -0.013574
v 0.190714 0.982756 -0.027784
v 0.197279 0.978143 0.002929
v 0.190633 0.986077 -0.002474
v 0.189365 0.986279 0.012418
v 0.200449 0.748275 0.004314
v 0.200619 0.758139 0.022254
v 0.200769 0.755248 0.032197
v 0.200915 0.759378 -0.031216
v 0.200634 0.759822 -0.003830
v 0.200895 0.763347 -0.052723
v 0.199642 0.768054 0.010603
v 0.200924 0.764759 0.047562
v 0.199267 0.774177 -0.021561
v 0.199988 0.776615 -0.047784
v 0.198815 0.777791 -0.001080
v 0.198621 0.782337 0.017549
v 0.199458 0.778027 0.037781
v 0.200699 0.777675 0.059471
v 0.200667 0.782377 -0.070350
v 0.198142 0.787694 -0.014539
v 0.198338 0.788465 -0.031841
v 0.198121 0.794878 0.026683
v 0.198541 0.797695 -0.047162
v 0.198845 0.796304 0.050458
v 0.200737 0.796744 0.076625
v 0.200960 0.796533 -0.081859
v 0.197681 0.801656 -0.003513
v 0.199828 0.800066 -0.068725
v 0.197789 0.810308 -0.028627
v 0.198141 0.809787 0.040411
v 0.200755 0.806309 0.092579
v 0.197670 0.812620 0.016801
v 0.200916 0.814740 -0.086421
v 0.198839 0.813020 0.060471
v 0.200690 0.816492 0.083091
v 0.198606 0.816826 -0.057580
v 0.197530 0.820318 -0.002885
v 0.197937 0.831749 -0.039932
v 0.200148 0.833843 -0.080805
v 0.197593 0.833517 -0.019216
v 0.197598 0.836200 0.011513
v 0.197879 0.835220 0.032602
v 0.198337 0.833015 0.054587
v 0.199128 0.827398 0.068607
v 0.200591 0.833698 0.088183
v 0.200784 0.836490 0.099646
v 0.198394 0.839258 -0.059290
v 0.199681 0.843157 0.077190
v 0.197775 0.851843 -0.027689
v 0.197596 0.855486 -0.000305
v 0.200833 0.849653 -0.087469
v 0.198046 0.859558 -0.046115
v 0.198071 0.856318 0.044995
v 0.198491 0.849919 0.061396
v 0.200924 0.853440 0.090766
v 0.201286 0.855652 -0.098569
v 0.199224 0.861807 -0.068197
v 0.197744 0.859877 0.025212
v 0.199379 0.869136 0.071165
v 0.200982 0.860563 0.100111
v 0.200822 0.865362 -0.087209
v 0.201004 0.876517 -0.097577
v 0.197633 0.868485 -0.009040
v 0.197671 0.877245 -0.023781
v 0.197511 0.881969 0.007222
v 0.197862 0.875653 0.035007
v 0.198276 0.875721 0.055436
v 0.200848 0.882528 0.085738
v 0.200242 0.883691 -0.077960
v 0.198356 0.879466 -0.055437
v 0.197905 0.887215 -0.041761
v 0.197493 0.888539 0.023890
v 0.198146 0.896349 0.047815
v 0.197506 0.895460 -0.026666
v 0.197367 0.900082 -0.007150
v 0.199211 0.890982 0.065828
v 0.201175 0.897630 -0.084974
v 0.199150 0.896374 -0.061825
v 0.197333 0.900575 0.007862
v 0.200719 0.899269 0.081948
v 0.201396 0.907541 -0.091110
v 0.198187 0.906879 -0.044535
v 0.197901 0.910864 0.034521
v 0.199572 0.912198 0.063771
v 0.200269 0.913073 -0.067419
v 0.197733 0.916829 -0.024060
v 0.200748 0.914076 0.087382
v 0.197580 0.917637 0.010241
v 0.199199 0.924133 -0.046939
v 0.198014 0.929191 -0.009060
v 0.200854 0.931628 0.070353
v 0.201081 0.926751 -0.070924
v 0.199327 0.926367 0.052002
v 0.198530 0.933621 0.014837
v 0.199301 0.935819 0.034371
v 0.200612 0.927644 0.083375
v 0.199378 0.942057 -0.026712
v 0.200992 0.939885 -0.062731
v 0.200396 0.943510 0.052691
v 0.200548 0.944346 -0.045864
v 0.199131 0.943470 -0.004126
v 0.200589 0.956192 0.008957
v 0.200798 0.958256 0.030583
v 0.200866 0.954577 0.050064
v 0.200639 0.955631 -0.032387
v 0.200545 0.957269 -0.015728
v 0.200625 0.957945 -0.046405
v 0.200654 0.965027 -0.022383
v 0.200632 0.967596 -0.002318
v 0.200696 0.966977 0.017615
v -0.064545 0.011424 -0.014088
v -0.060262 0.004767 -0.017367
v -0.062618 0.004782 -0.002588
v -0.067091 0.015365 0.001376
v -0.063473 0.005744 0.009235
v -0.064311 0.010571 0.016708
v -0.065794 0.021385 -0.011550
v -0.063096 0.028074 -0.020915
v -0.064829 0.023407 0.016995
v -0.066759 0.026953 0.003443
v -0.065580 0.036436 -0.011647
v -0.066463 0.038407 0.000516
v -0.064494 0.038441 0.016502
v -0.062791 0.041263 -0.020164
v -0.061676 0.029411 0.025646
v -0.064470 0.043852 -0.007039
v -0.063809 0.044242 0.008219
v -0.060825 0.046688 -0.015828
v -0.058869 0.004879 0.022390
v -0.059764 0.009745 -0.028343
v -0.060735 0.014032 0.027977
v -0.060278 0.017960 -0.029070
v -0.057816 0.031131 -0.031976
v -0.056877 0.041266 0.031043
v -0.056705 0.040511 -0.032950
v -0.053416 0.049703 -0.027771
v -0.054964 0.050725 0.023749
v -0.059370 0.051496 -0.003286
v -0.057348 0.053760 0.012207
v -0.054370 0.006247 0.032456
v -0.052368 0.015090 0.037670
v -0.052252 0.028722 0.038144
v -0.056064 0.055768 -0.014017
v -0.056093 0.060771 -0.000266
v -0.053496 0.064718 -0.016929
v -0.054869 0.070459 0.012823
v -0.055480 0.073599 -0.000658
v -0.055356 0.088246 -0.003018
v -0.054036 0.079306 -0.014658
v -0.054579 0.093737 0.009224
v -0.054146 0.099553 -0.011183
v -0.054582 0.109001 0.001190
v -0.046713 0.039049 0.043437
v -0.047532 0.060721 -0.028099
v -0.051974 0.065665 0.020044
v -0.048600 0.078144 -0.025976
v -0.051856 0.078100 0.019907
v -0.051098 0.093579 0.020642
v -0.049010 0.104787 -0.023921
v -0.052690 0.112412 0.014998
v -0.053371 0.118522 -0.013105
v -0.046616 0.130169 -0.025760
v -0.054306 0.124012 -0.002379
v -0.052344 0.145154 -0.014191
v -0.052470 0.136372 0.013288
v -0.053797 0.144492 -0.001265
v -0.052111 0.160613 0.011902
v -0.053350 0.162308 -0.003636
v -0.050675 0.167035 -0.016960
v -0.051509 0.182804 -0.013055
v -0.052708 0.184245 0.001649
v -0.051223 0.182246 0.013688
v -0.052238 0.198801 -0.000588
v -0.049587 0.201024 -0.017087
v -0.051095 0.205216 0.010789
v -0.046245 0.189091 0.022976
v -0.051085 0.217948 -0.010335
v -0.051492 0.218793 0.002246
v -0.050468 0.221810 0.013529
v -0.049516 0.227796 0.009081
v -0.050657 0.226265 -0.007004
v -0.043610 0.007938 0.045325
v -0.043599 0.025543 0.047216
v -0.044402 0.051378 0.036277
v -0.045659 0.062886 0.029555
v -0.046842 0.082733 0.027350
v -0.044760 0.101688 0.029074
v -0.047956 0.121420 0.024311
v -0.046005 0.136146 0.025970
v -0.047218 0.151960 0.023940
v -0.045298 0.165447 0.025961
v -0.044890 0.184872 -0.025905
v -0.047415 0.210636 0.020251
v -0.045542 0.217434 -0.023788
v -0.047064 0.225914 -0.019742
v -0.044327 0.223861 0.025162
v -0.045586 0.229749 0.020675
v -0.046710 0.230889 -0.008972
v -0.046923 0.231846 0.002961
v -0.041261 0.015692 0.050180
v -0.039126 0.044853 0.048701
v -0.036993 0.067925 0.038660
v -0.038648 0.086156 0.036207
v -0.041740 0.120205 0.031707
v -0.038722 0.145422 0.034040
v -0.037304 0.171929 0.034371
v -0.039658 0.216823 0.030204
v -0.039261 0.233046 -0.021821
v -0.043355 0.236463 0.005043
v -0.041689 0.234908 -0.010978
v -0.043094 0.250005 0.001498
v -0.042877 0.274949 0.001508
v -0.041101 0.261582 -0.010786
v -0.041928 0.283545 -0.008396
v -0.043061 0.293212 0.003928
v -0.042552 0.299879 -0.005752
v -0.042110 0.304007 0.009850
v -0.043088 0.322326 0.002712
v -0.041901 0.316705 -0.008109
v -0.041738 0.340897 -0.008324
v -0.042825 0.346862 0.003940
v -0.042654 0.358358 -0.002516
v -0.042752 0.366648 0.005579
v -0.042733 0.373047 -0.002467
v -0.042917 0.383351 0.003842
v -0.041589 0.388580 -0.008651
v -0.042837 0.405240 0.002430
v -0.042850 0.421474 0.002849
v -0.041677 0.417920 -0.007725
v -0.042767 0.441747 -0.002931
v -0.042121 0.439510 0.009276
v -0.042371 0.457790 0.008321
v -0.042858 0.457771 -0.003274
v -0.042857 0.474589 -0.000314
v -0.040008 0.475833 -0.013079
v -0.041912 0.480448 0.010271
v -0.042939 0.490314 0.001400
v -0.041753 0.497424 -0.007446
v -0.041157 0.495108 0.013514
v -0.042876 0.511697 0.001069
v -0.041507 0.518798 0.012414
v -0.042954 0.534131 0.001791
v -0.041316 0.534412 -0.008972
v -0.041157 0.547042 0.013120
v -0.042851 0.554159 0.001714
v -0.041821 0.556643 -0.006678
v -0.041783 0.566853 0.010806
v -0.042837 0.571735 0.001784
v -0.041689 0.579131 -0.007190
v -0.041705 0.584132 0.011374
v -0.042965 0.591905 0.002045
v -0.041563 0.595472 -0.008223
v -0.042927 0.610520 0.001576
v -0.039770 0.603899 0.017216
v -0.043039 0.632890 0.001823
v -0.041538 0.630971 -0.008079
v -0.041568 0.615836 -0.008003
v -0.041641 0.627461 0.012174
v -0.041769 0.645578 0.011713
v -0.042780 0.646223 -0.002020
v -0.043134 0.659895 0.001719
v -0.041614 0.660044 -0.008302
v -0.041891 0.664877 0.011456
v -0.043124 0.679645 0.002564
v -0.041674 0.684663 -0.008542
v -0.042984 0.702154 0.005141
v -0.042597 0.722299 0.010794
v -0.042393 0.710584 -0.005650
v -0.043104 0.722441 -0.002017
v -0.045291 0.727675 0.009096
v -0.045771 0.726710 -0.003024
v -0.035892 0.054814 0.043301
v -0.035533 0.194933 0.035483
v -0.035988 0.234392 0.027246
v -0.042048 0.234848 0.017631
v -0.040143 0.243068 -0.014141
v -0.042003 0.245989 0.012931
v -0.037279 0.248505 0.022799
v -0.041031 0.266141 0.013284
v -0.036818 0.268208 0.022022
v -0.039072 0.282233 -0.016733
v -0.037703 0.286723 0.020893
v -0.041331 0.288792 0.012401
v -0.039150 0.306350 -0.016365
v -0.037395 0.310837 0.021536
v -0.041154 0.317855 0.013304
v -0.039075 0.330791 -0.016418
v -0.037751 0.330049 0.020964
v -0.041225 0.334246 0.012925
v -0.037375 0.350646 0.021887
v -0.038846 0.349945 -0.016939
v -0.041211 0.349830 0.012960
v -0.040127 0.366150 -0.013628
v -0.039832 0.371615 0.017023
v -0.036563 0.376606 -0.020209
v -0.041514 0.387744 0.013059
v -0.034735 0.386696 0.026020
v -0.038902 0.396739 -0.016099
v -0.041221 0.405093 0.013526
v -0.037087 0.411985 0.022529
v -0.038709 0.417488 -0.016244
v -0.041540 0.420020 0.012089
v -0.039900 0.437956 -0.013523
v -0.036251 0.439310 0.023806
v -0.039286 0.457343 -0.015278
v -0.038222 0.455272 0.020735
v -0.037383 0.480878 0.022079
v -0.038762 0.494072 -0.016295
v -0.037475 0.501659 0.021993
v -0.039025 0.515156 -0.015372
v -0.036639 0.526368 0.023481
v -0.038116 0.535491 -0.017224
v -0.035569 0.551377 -0.020893
v -0.038347 0.567693 -0.016798
v -0.038161 0.558229 0.020629
v -0.036269 0.572086 0.023839
v -0.036148 0.585923 -0.020094
v -0.038611 0.588327 0.020128
v -0.037492 0.606574 -0.017879
v -0.038546 0.617623 0.020326
v -0.037239 0.628817 -0.018193
v -0.038430 0.635501 0.020588
v -0.039437 0.643564 -0.013910
v -0.036628 0.655044 0.023685
v -0.037279 0.664328 -0.018239
v -0.037870 0.673207 0.021691
v -0.038095 0.686519 -0.016976
v -0.040183 0.691962 0.016654
v -0.038199 0.702826 -0.017051
v -0.038604 0.706675 0.020256
v -0.039448 0.718403 -0.013892
v -0.038826 0.722789 0.020164
v -0.039515 0.726067 -0.014539
v -0.040389 0.729311 0.021297
v -0.034941 0.009782 0.054188
v -0.035861 0.029339 0.055351
v -0.032462 0.015853 0.056352
v -0.034162 0.041252 0.055525
v -0.030452 0.089008 0.044870
v -0.033184 0.105518 0.041564
v -0.029132 0.180952 0.042466
v -0.032143 0.227802 0.036965
v -0.034850 0.255413 -0.023797
v -0.034044 0.271682 -0.024672
v -0.031188 0.281886 0.029589
v -0.031457 0.331563 0.029736
v -0.031956 0.366980 0.029525
v -0.033938 0.426600 0.027266
v -0.033195 0.454248 0.028039
v -0.033880 0.469838 0.027329
v -0.033363 0.508082 0.028050
v -0.033780 0.550333 0.027643
v -0.029794 0.586635 0.031615
v -0.033580 0.602433 0.027838
v -0.030128 0.620627 0.031307
v -0.032649 0.637832 0.029053
v -0.034038 0.696959 0.027220
v -0.031967 0.681429 0.029724
v -0.033171 0.722102 0.028129
v -0.034274 0.728989 0.028280
v -0.036966 0.004801 0.048364
v -0.029540 0.072203 0.045970
v -0.028174 0.117787 0.045261
v -0.028692 0.164010 0.043804
v -0.030711 0.145585 0.043272
v -0.029214 0.214898 0.041262
v -0.025114 0.234463 0.036452
v -0.027343 0.248667 0.032729
v -0.027043 0.264593 0.033089
v -0.031202 0.303293 0.029847
v -0.028016 0.351565 0.033007
v -0.027858 0.407345 0.033208
v -0.027231 0.441152 0.033829
v -0.031360 0.489724 0.030251
v -0.028287 0.537542 0.033005
v -0.028564 0.662367 0.032985
v -0.029044 0.048073 0.053168
v -0.029075 0.058706 0.047652
v -0.025922 0.194971 0.044412
v -0.024112 0.469252 0.035911
v -0.027072 0.562423 0.034130
v -0.024256 0.645791 0.036105
v -0.027355 0.709821 0.033709
v -0.023871 0.096836 0.047943
v -0.025334 0.227858 0.042382
v -0.023763 0.286421 0.035848
v -0.020752 0.304296 0.037435
v -0.023911 0.319497 0.035718
v -0.019272 0.332890 0.038325
v -0.024286 0.375544 0.035920
v -0.023764 0.391933 0.036126
v -0.022501 0.425107 0.036994
v -0.023339 0.488303 0.036451
v -0.023361 0.508417 0.036473
v -0.023746 0.523365 0.036421
v -0.023694 0.577744 0.036318
v -0.023715 0.609266 0.036295
v -0.023553 0.629527 0.036421
v -0.023045 0.677631 0.036707
v -0.023761 0.693338 0.036303
v -0.026482 0.723316 0.034435
v -0.027057 0.729636 0.034605
v -0.017555 0.349385 0.039422
v -0.016384 0.409724 0.039781
v -0.019454 0.442392 0.038629
v -0.016809 0.456541 0.039724
v -0.017567 0.550876 0.039466
v -0.018140 0.593586 0.039227
v -0.018507 0.663469 0.039302
v -0.017707 0.705173 0.039451
v -0.022656 0.733076 0.039656
v -0.017045 0.260243 0.038997
v -0.016344 0.278509 0.039445
v -0.011178 0.367446 0.041293
v -0.059764 0.009745 -0.028343
v -0.050439 0.008791 -0.038911
v -0.054759 0.004875 -0.030142
v -0.060278 0.017960 -0.029070
v -0.049695 0.016672 -0.041643
v -0.057816 0.031131 -0.031976
v -0.056705 0.040511 -0.032950
v -0.046419 0.040174 -0.043939
v -0.046387 0.028631 -0.044838
v -0.053416 0.049703 -0.027771
v -0.045525 0.156588 -0.025979
v -0.046616 0.130169 -0.025760
v -0.052344 0.145154 -0.014191
v -0.050675 0.167035 -0.016960
v -0.044890 0.184872 -0.025905
v -0.041151 0.007205 -0.047708
v -0.039681 0.053963 -0.039862
v -0.047532 0.060721 -0.028099
v -0.048600 0.078144 -0.025976
v -0.041074 0.077580 -0.034191
v -0.041216 0.092555 -0.033962
v -0.049010 0.104787 -0.023921
v -0.039110 0.112802 -0.035514
v -0.039752 0.146745 -0.032690
v -0.041209 0.204557 -0.029433
v -0.049587 0.201024 -0.017087
v -0.045542 0.217434 -0.023788
v -0.036780 0.013910 -0.054503
v -0.034381 0.040648 -0.055139
v -0.036863 0.031872 -0.054514
v -0.037117 0.046034 -0.049150
v -0.034903 0.065365 -0.040880
v -0.033078 0.179799 -0.038493
v -0.035571 0.162512 -0.036354
v -0.033186 0.198011 -0.037833
v -0.034158 0.215041 -0.036464
v -0.047064 0.225914 -0.019742
v -0.034532 0.224188 -0.036062
v -0.036493 0.229829 -0.030431
v -0.039261 0.233046 -0.021821
v -0.029441 0.071214 -0.046111
v -0.030155 0.090802 -0.045121
v -0.031714 0.133890 -0.042273
v -0.040143 0.243068 -0.014141
v -0.030931 0.243968 -0.028052
v -0.034850 0.255413 -0.023797
v -0.034295 0.290054 -0.023969
v -0.034044 0.271682 -0.024672
v -0.039072 0.282233 -0.016733
v -0.039150 0.306350 -0.016365
v -0.033892 0.320494 -0.024268
v -0.039075 0.330791 -0.016418
v -0.033166 0.340499 -0.025146
v -0.038846 0.349945 -0.016939
v -0.030777 0.361681 -0.027563
v -0.040127 0.366150 -0.013628
v -0.036563 0.376606 -0.020209
v -0.038902 0.396739 -0.016099
v -0.034681 0.389247 -0.022987
v -0.034297 0.403954 -0.023158
v -0.038709 0.417488 -0.016244
v -0.033595 0.420837 -0.024093
v -0.039900 0.437956 -0.013523
v -0.034276 0.439944 -0.023340
v -0.039286 0.457343 -0.015278
v -0.032730 0.458492 -0.024888
v -0.033081 0.473950 -0.024616
v -0.040008 0.475833 -0.013079
v -0.032643 0.491261 -0.024920
v -0.038762 0.494072 -0.016295
v -0.039025 0.515156 -0.015372
v -0.028861 0.510300 -0.028725
v -0.032266 0.529149 -0.025444
v -0.038116 0.535491 -0.017224
v -0.032468 0.569881 -0.025055
v -0.035569 0.551377 -0.020893
v -0.038347 0.567693 -0.016798
v -0.036148 0.585923 -0.020094
v -0.037492 0.606574 -0.017879
v -0.030220 0.597732 -0.027297
v -0.037239 0.628817 -0.018193
v -0.031479 0.621834 -0.026082
v -0.039437 0.643564 -0.013910
v -0.032038 0.641249 -0.025467
v -0.037279 0.664328 -0.018239
v -0.038095 0.686519 -0.016976
v -0.032523 0.679599 -0.024857
v -0.031553 0.660860 -0.025997
v -0.030926 0.702578 -0.026454
v -0.038199 0.702826 -0.017051
v -0.039448 0.718403 -0.013892
v -0.031683 0.720862 -0.025718
v -0.039515 0.726067 -0.014539
v -0.034248 0.728431 -0.024033
v -0.032592 0.004087 -0.051814
v -0.030895 0.056141 -0.047443
v -0.023999 0.104166 -0.047926
v -0.027860 0.121702 -0.045750
v -0.029712 0.153395 -0.043135
v -0.027388 0.192582 -0.043434
v -0.024149 0.228795 -0.042269
v -0.029021 0.236068 -0.030401
v -0.028708 0.264998 -0.030090
v -0.027457 0.403121 -0.030353
v -0.025689 0.008981 -0.057525
v -0.023389 0.022707 -0.059796
v -0.023205 0.039358 -0.059105
v -0.027613 0.048800 -0.052650
v -0.027231 0.174926 -0.044366
v -0.026883 0.207786 -0.043606
v -0.027022 0.219698 -0.043514
v -0.025758 0.284800 -0.032123
v -0.025389 0.309913 -0.032441
v -0.027398 0.380010 -0.030669
v -0.027614 0.426599 -0.030050
v -0.024503 0.684423 -0.031632
v -0.020545 0.061533 -0.050079
v -0.018876 0.136895 -0.048630
v -0.023282 0.152019 -0.046741
v -0.024371 0.232499 -0.036740
v -0.023327 0.336986 -0.033592
v -0.026153 0.452939 -0.031160
v -0.026107 0.474711 -0.031165
v -0.026114 0.493066 -0.031217
v -0.026078 0.524889 -0.031242
v -0.026073 0.541638 -0.031289
v -0.025991 0.561885 -0.031260
v -0.025908 0.579045 -0.031233
v -0.022994 0.611280 -0.032716
v -0.024460 0.639040 -0.031812
v -0.023179 0.660386 -0.032614
v -0.021855 0.720542 -0.033480
v -0.022735 0.730870 -0.034762
v -0.019205 0.004780 -0.056831
v -0.019416 0.080860 -0.049809
v -0.011037 0.116763 -0.051779
v -0.010750 0.175066 -0.050059
v -0.014933 0.195375 -0.047961
v -0.019464 0.211517 -0.046081
v -0.013988 0.224817 -0.047452
v -0.020808 0.248853 -0.035688
v -0.020751 0.269922 -0.035368
v -0.016269 0.301904 -0.037343
v -0.020112 0.361037 -0.035370
v -0.020155 0.379058 -0.035325
v -0.015322 0.403624 -0.037129
v -0.017170 0.423317 -0.036383
v -0.019859 0.441678 -0.035081
v -0.018437 0.459397 -0.035632
v -0.014941 0.479986 -0.036919
v -0.017378 0.497881 -0.035948
v -0.017135 0.519621 -0.035943
v -0.013016 0.534179 -0.037305
v -0.014785 0.550268 -0.036528
v -0.017662 0.568851 -0.035542
v -0.020462 0.590927 -0.034230
v -0.015412 0.651149 -0.036243
v -0.014658 0.696927 -0.036592
v -0.013142 0.054809 -0.053867
v -0.014086 0.236525 -0.038900
v -0.009479 0.263195 -0.039538
v -0.006711 0.014743 -0.065287
v -0.008537 0.035575 -0.064935
v -0.005094 0.047109 -0.061787
v -0.011185 0.152897 -0.050577
v -0.009271 0.231870 -0.044208
v -0.009302 0.245489 -0.039885
v -0.013106 0.282395 -0.038645
v -0.012389 0.318320 -0.038675
v -0.011699 0.344238 -0.038605
v -0.009318 0.366839 -0.038990
v -0.010189 0.382746 -0.038845
v -0.010597 0.445112 -0.038499
v -0.011640 0.592706 -0.037578
v -0.013450 0.616786 -0.037003
v -0.013300 0.634175 -0.036896
v -0.009808 0.674462 -0.038001
v -0.008540 0.718042 -0.038091
v -0.007870 0.006926 -0.062173
v -0.006903 0.068209 -0.053745
v -0.007961 0.090729 -0.053295
v -0.007712 0.214972 -0.049938
v -0.005169 0.424591 -0.039641
v -0.006042 0.458256 -0.039644
v -0.007817 0.474449 -0.039423
v -0.004909 0.494172 -0.039609
v -0.008724 0.513497 -0.038872
v -0.005650 0.569825 -0.038763
v -0.003873 0.607918 -0.038862
v -0.004457 0.629366 -0.038607
v -0.005290 0.643788 -0.038430
v -0.006353 0.730582 -0.038448
v -0.005263 0.138319 -0.052949
v -0.004515 0.191893 -0.051569
v 0.000969 0.234647 -0.042219
v -0.003600 0.289459 -0.040515
v 0.000168 0.306872 -0.040309
v -0.000589 0.327776 -0.040128
v -0.001456 0.346905 -0.040003
v -0.003206 0.401602 -0.039885
v -0.002560 0.660551 -0.038824
v -0.005030 0.691579 -0.039005
v -0.000665 0.003265 -0.060203
v -0.000054 0.008838 -0.065274
v -0.000489 0.023862 -0.067640
v 0.000239 0.039410 -0.067484
v -0.000706 0.056335 -0.057022
v -0.001168 0.103869 -0.055028
v 0.001281 0.088026 -0.055077
v -0.001632 0.155379 -0.053313
v 0.000860 0.169822 -0.052834
v -0.001069 0.227396 -0.050996
v 0.001317 0.443473 -0.039721
v 0.003148 0.469365 -0.039575
v -0.000230 0.508842 -0.039652
v 0.000299 0.525275 -0.039386
v -0.001458 0.549123 -0.039214
v 0.009394 0.024567 -0.064620
v 0.002488 0.045879 -0.063638
v 0.000452 0.067921 -0.055844
v 0.002273 0.128560 -0.054020
v 0.002238 0.186045 -0.052335
v 0.002437 0.206081 -0.051490
v 0.002938 0.221000 -0.051126
v 0.002205 0.230593 -0.047698
v 0.003546 0.239011 -0.040820
v 0.001011 0.254049 -0.040694
v 0.002753 0.270658 -0.040503
v 0.006408 0.362525 -0.039425
v 0.003734 0.387519 -0.039642
v 0.005844 0.421248 -0.039035
v 0.006257 0.488268 -0.039269
v 0.007221 0.557252 -0.038178
v 0.005143 0.583229 -0.038479
v 0.005362 0.680419 -0.038149
v 0.005450 0.703465 -0.037959
v 0.005411 0.721227 -0.037718
v 0.003732 0.730315 -0.038011
v -0.008015 0.734101 -0.041790
v 0.009391 0.011982 -0.063595
v 0.010687 0.004384 -0.058811
v 0.008648 0.040396 -0.064695
v 0.013717 0.050823 -0.055974
v 0.011622 0.069281 -0.052244
v 0.013823 0.106672 -0.050960
v 0.012110 0.144267 -0.050412
v 0.009960 0.252141 -0.039032
v 0.008291 0.332737 -0.039103
v 0.007101 0.537080 -0.038330
v 0.005136 0.605166 -0.038404
v 0.008631 0.623179 -0.037667
v 0.006848 0.644366 -0.037889
v 0.012409 0.658285 -0.036141
v 0.014490 0.733446 -0.039814
v 0.015496 0.088125 -0.050677
v 0.011196 0.161171 -0.050200
v 0.015248 0.188096 -0.048035
v 0.011543 0.271836 -0.038479
v 0.010046 0.289044 -0.038859
v 0.011796 0.312742 -0.038244
v 0.011770 0.346092 -0.038091
v 0.012810 0.378881 -0.037294
v 0.012434 0.409161 -0.037283
v 0.011888 0.433328 -0.037375
v 0.014351 0.455756 -0.036375
v 0.012583 0.510781 -0.036938
v 0.015184 0.128980 -0.049815
v 0.019738 0.211256 -0.046088
v 0.017419 0.226601 -0.045895
v 0.015512 0.231937 -0.041420
v 0.016705 0.236233 -0.036884
v 0.015417 0.564703 -0.035448
v 0.015976 0.588791 -0.035166
v 0.014984 0.639046 -0.035402
v 0.014463 0.674246 -0.035451
v 0.013433 0.728051 -0.035733
v 0.021260 0.060598 -0.049624
v 0.019117 0.303677 -0.034863
v 0.019960 0.324665 -0.034342
v 0.016376 0.362495 -0.036030
v 0.015966 0.393428 -0.036056
v 0.020266 0.431081 -0.033515
v 0.019947 0.484891 -0.033680
v 0.020113 0.530657 -0.033187
v 0.016256 0.546067 -0.035124
v 0.019392 0.618846 -0.033216
v 0.016608 0.694901 -0.034563
v 0.016115 0.714709 -0.034544
v 0.023383 0.012433 -0.059261
v 0.027070 0.032824 -0.058369
v 0.025831 0.043153 -0.056721
v 0.024988 0.122226 -0.046652
v 0.022882 0.245355 -0.032867
v 0.021801 0.265071 -0.033420
v 0.020683 0.287844 -0.034086
v 0.021693 0.341071 -0.033219
v 0.027083 0.004165 -0.053233
v 0.030665 0.055635 -0.046974
v 0.027601 0.145137 -0.044604
v 0.026417 0.230139 -0.039993
v 0.022717 0.500006 -0.031913
v 0.029725 0.069897 -0.045853
v 0.029792 0.087528 -0.045078
v 0.027926 0.106024 -0.045964
v 0.027005 0.166287 -0.044545
v 0.027907 0.183735 -0.043032
v 0.027112 0.199609 -0.043467
v 0.026947 0.215114 -0.043117
v 0.026579 0.225109 -0.043101
v 0.035908 0.009126 -0.053495
v 0.034760 0.017202 -0.055178
v 0.035103 0.042652 -0.053151
v 0.035971 0.030778 -0.055155
vn -0.7920 -0.6087 -0.0461
vn -0.5581 -0.8247 -0.0913
vn -0.4250 -0.9051 -0.0144
vn -0.7102 -0.7007 0.0682
vn -0.6977 -0.7155 0.0368
vn -0.1753 -0.9810 0.0835
vn -0.7424 -0.6569 -0.1314
vn -0.6654 -0.7037 -0.2490
vn -0.4158 -0.8835 -0.2157
vn -0.7016 -0.5853 0.4064
vn -0.7092 -0.6524 0.2671
vn -0.3880 -0.8014 0.4553
vn -0.4250 -0.9051 -0.0143
vn -0.5581 -0.8247 -0.0914
vn -0.4159 -0.8835 -0.2157
vn -0.7103 -0.7006 0.0682
vn -0.4452 -0.8849 0.1372
vn -0.2246 -0.9088 -0.3517
vn -0.3585 -0.8744 0.3271
vn -0.5862 -0.7808 0.2161
vn -0.2246 -0.9087 -0.3518
vn -0.5741 -0.7398 -0.3510
vn -0.3879 -0.8014 0.4553
vn -0.3585 -0.8743 0.3271
vn -0.6948 -0.5667 -0.4429
vn -0.3311 -0.7589 -0.5608
vn -0.4419 -0.6624 0.6050
vn -0.3879 -0.8013 0.4554
vn -0.5581 -0.8248 -0.0914
vn -0.4158 -0.8835 -0.2156
vn -0.0892 -0.9895 -0.1134
vn -0.0597 -0.9981 -0.0134
vn -0.1752 -0.9810 0.0835
vn -0.4249 -0.9051 -0.0144
vn -0.0596 -0.9981 -0.0134
vn -0.1124 -0.9703 0.2141
vn -0.4451 -0.8849 0.1372
vn -0.0507 -0.9606 -0.2732
vn -0.4157 -0.8835 -0.2157
vn -0.2245 -0.9088 -0.3518
vn -0.5862 -0.7808 0.2162
vn -0.4452 -0.8849 0.1373
vn -0.3585 -0.8744 0.3270
vn -0.1201 -0.8799 -0.4598
vn -0.1201 -0.8798 -0.4598
vn -0.3310 -0.7589 -0.5608
vn -0.0524 -0.7656 -0.6412
vn -0.0059 -0.9603 0.2790
vn -0.3584 -0.8744 0.3271
vn -0.0667 -0.9088 0.4119
vn -0.0204 -0.9195 -0.3925
vn -0.0307 -0.8716 0.4892
vn -0.0668 -0.9087 0.4120
vn -0.1216 -0.7828 0.6102
vn -0.4418 -0.6624 0.6050
vn -0.3879 -0.8014 0.4554
vn -0.1216 -0.7829 0.6102
vn -0.0095 -0.9866 0.1629
vn -0.1123 -0.9703 0.2140
vn -0.0506 -0.9606 -0.2732
vn -0.0204 -0.9195 -0.3926
vn -0.0192 -0.8774 -0.4793
vn -0.0192 -0.8774 -0.4794
vn 0.0034 -0.9991 0.0414
vn -0.0043 -0.9851 -0.1719
vn -0.0891 -0.9895 -0.1134
vn -0.0020 -0.7901 0.6130
vn -0.1215 -0.7829 0.6102
vn -0.0042 -0.9977 -0.0672
vn -0.1123 -0.9703 0.2141
vn -0.0095 -0.9866 0.1630
vn 0.0040 -0.9546 -0.2980
vn 0.0086 -0.8686 0.4954
vn -0.0042 -0.9977 -0.0671
vn -0.0024 -0.9585 0.2849
vn 0.0151 -0.9245 0.3808
vn -0.0058 -0.9603 0.2790
vn 0.0151 -0.9245 0.3809
vn -0.0667 -0.9088 0.4120
vn -0.0191 -0.8774 -0.4794
vn -0.0523 -0.7656 -0.6412
vn 0.0040 -0.7909 -0.6120
vn 0.0110 -0.8785 -0.4776
vn 0.0007 -0.9991 -0.0419
vn 0.0102 -0.9205 -0.3907
vn -0.0024 -0.9585 0.2850
vn 0.0102 -0.9204 -0.3907
vn 0.0043 -0.9209 0.3898
vn 0.0043 -0.9209 0.3899
vn 0.0091 -0.7613 0.6483
vn 0.0005 -0.9976 0.0699
vn 0.0005 -0.9976 0.0698
vn 0.0007 -0.9991 -0.0418
vn 0.0010 -0.9842 -0.1771
vn 0.0011 -0.9842 -0.1770
vn 0.0077 -0.9792 0.2029
vn 0.0077 -0.9792 0.2030
vn 0.0087 -0.7440 -0.6681
vn 0.0010 -0.9842 -0.1770
vn 0.0031 -0.9565 -0.2916
vn 0.0031 -0.9565 -0.2917
vn -0.0005 -0.7835 0.6214
vn 0.0091 -0.7613 0.6484
vn 0.0008 -0.9968 -0.0797
vn 0.0043 -0.9586 0.2848
vn 0.0110 -0.8785 -0.4775
vn -0.0013 -0.8497 -0.5273
vn -0.0093 -0.9993 0.0362
vn 0.0009 -0.9968 -0.0797
vn -0.0094 -0.9993 0.0362
vn 0.0082 -0.9869 0.1612
vn -0.0052 -0.9084 -0.4181
vn 0.0004 -0.8770 0.4804
vn 0.0053 -0.9791 -0.2031
vn 0.0082 -0.9869 0.1613
vn -0.0019 -0.9465 -0.3227
vn -0.0012 -0.9179 0.3969
vn 0.0004 -0.8770 0.4805
vn -0.0012 -0.9178 0.3969
vn -0.0031 -0.7206 -0.6933
vn -0.0013 -0.8496 -0.5274
vn 0.0088 -0.7440 -0.6681
vn 0.0053 -0.9791 -0.2032
vn 0.0032 -0.9565 -0.2917
vn -0.0038 -0.9871 0.1602
vn -0.0054 -0.9627 0.2705
vn -0.0019 -0.9465 -0.3228
vn 0.0032 -0.9187 -0.3949
vn 0.0026 -0.8917 -0.4526
vn -0.0013 -0.8496 -0.5273
vn -0.0053 -0.7922 -0.6102
vn -0.0053 -0.7922 -0.6103
vn -0.0032 -0.7206 -0.6933
vn 0.0013 -1.0000 0.0043
vn -0.0065 -0.9966 -0.0826
vn 0.0005 -0.8739 0.4861
vn 0.0071 -0.7604 0.6494
vn 0.0006 -0.8739 0.4861
vn 0.0011 -0.9469 -0.3216
vn -0.0024 -0.9828 -0.1848
vn 0.0012 -0.9469 -0.3216
vn 0.0015 -0.9209 0.3898
vn -0.0005 -0.9984 -0.0572
vn 0.0036 -0.9981 0.0610
vn 0.0006 -0.9819 0.1893
vn -0.0021 -0.8481 0.5299
vn 0.0015 -0.9209 0.3899
vn -0.0031 -0.8798 -0.4754
vn 0.0070 -0.7604 0.6494
vn -0.0031 -0.7130 0.7012
vn 0.0071 -0.7604 0.6495
vn -0.0020 -0.8481 0.5299
vn -0.0068 -0.9683 -0.2497
vn -0.0052 -0.9145 -0.4045
vn -0.0051 -0.9145 -0.4045
vn 0.0025 -0.8917 -0.4526
vn 0.0036 -0.9981 0.0609
vn -0.0009 -0.9105 0.4135
vn -0.0031 -0.8797 -0.4754
vn -0.0010 -0.7978 -0.6029
vn 0.0065 -0.9570 0.2899
vn -0.0050 -0.7606 0.6492
vn 0.0169 -0.9924 -0.1217
vn 0.0090 -0.9482 -0.3177
vn 0.0012 -0.9469 -0.3217
vn 0.0186 -0.9998 -0.0101
vn 0.0002 -0.8873 -0.4612
vn 0.0078 -0.9662 -0.2578
vn 0.0169 -0.9924 -0.1216
vn 0.0090 -0.9482 -0.3176
vn 0.0021 -0.8740 0.4859
vn -0.0021 -0.8481 0.5298
vn 0.0042 -0.8023 -0.5969
vn 0.0290 -0.9955 0.0899
vn 0.0290 -0.9955 0.0900
vn 0.0082 -0.9296 0.3685
vn 0.0078 -0.9997 -0.0212
vn 0.0187 -0.9998 -0.0101
vn 0.0252 -0.9780 0.2070
vn 0.0120 -0.9969 -0.0775
vn 0.0243 -0.9814 -0.1906
vn 0.0252 -0.9780 0.2069
vn 0.0179 -0.9555 0.2944
vn 0.0151 -0.9540 -0.2993
vn 0.0027 -0.9194 -0.3934
vn 0.0243 -0.9813 -0.1907
vn 0.0013 -0.7618 0.6478
vn 0.0021 -0.8740 0.4860
vn 0.0213 -0.9926 0.1192
vn 0.0078 -0.9997 -0.0211
vn 0.0212 -0.9926 0.1192
vn -0.0010 -0.8504 -0.5262
vn -0.4924 -0.8578 -0.1473
vn -0.1010 -0.9793 -0.1751
vn -0.1010 -0.9794 -0.1751
vn -0.5039 -0.8480 0.1641
vn -0.4924 -0.8578 -0.1474
vn -0.5039 -0.8480 0.1642
vn -0.0275 -0.9646 0.2624
vn -0.0275 -0.9645 0.2625
vn 0.0082 -0.9296 0.3686
vn 0.0110 -0.9176 0.3973
vn -0.8559 -0.3212 -0.4052
vn -0.4925 -0.8578 -0.1474
vn -0.1009 -0.9794 -0.1751
vn 0.0243 -0.9814 -0.1907
vn -0.0200 -0.9629 -0.2691
vn -0.5435 -0.7500 0.3769
vn 0.0044 -0.9275 -0.3737
vn 0.0110 -0.9177 0.3972
vn 0.0179 -0.9555 0.2943
vn 0.0014 -0.8440 0.5363
vn 0.0088 -0.7369 -0.6759
vn -0.0010 -0.8503 -0.5262
vn -0.6495 -0.4858 -0.5849
vn -0.8560 -0.3212 -0.4052
vn -0.0275 -0.9646 0.2625
vn 0.0004 -0.9541 0.2996
vn -0.0023 -0.7141 0.7000
vn -0.0200 -0.9629 -0.2692
vn -0.5435 -0.7501 0.3769
vn -0.6280 -0.5181 0.5807
vn 0.0001 -0.9520 -0.3062
vn 0.0044 -0.9275 -0.3738
vn 0.0073 -0.8951 -0.4459
vn -0.0034 -0.7053 -0.7089
vn -0.3092 -0.5407 -0.7824
vn -0.6496 -0.4858 -0.5849
vn -0.5324 -0.4602 0.7105
vn -0.2092 -0.7406 0.6386
vn -0.0030 -0.9249 0.3803
vn 0.0143 -0.9333 -0.3587
vn 0.0073 -0.8951 -0.4458
vn 0.0130 -0.8890 0.4577
vn 0.0110 -0.9176 0.3972
vn -0.0031 -0.7815 0.6238
vn -0.3092 -0.5407 -0.7823
vn 0.0143 -0.9334 -0.3586
vn -0.0068 -0.7935 -0.6085
vn -0.0068 -0.7935 -0.6086
vn -0.0031 -0.7816 0.6238
vn 0.0130 -0.8890 0.4578
vn 0.0078 -0.9159 -0.4013
vn -0.0000 -0.9520 -0.3061
vn 0.0078 -0.9159 -0.4014
vn 0.0143 -0.9334 -0.3587
vn 0.0059 -0.8972 -0.4416
vn 0.0072 -0.8951 -0.4459
vn -0.0878 -0.1753 -0.9806
vn -0.0031 -0.9249 0.3803
vn -0.1011 -0.6175 0.7801
vn 0.0013 -0.9237 -0.3831
vn -0.0075 -0.9039 0.4278
vn -0.0075 -0.9038 0.4278
vn -0.0076 -0.8855 0.4645
vn -0.1012 -0.6174 0.7801
vn 0.0056 -0.8260 -0.5637
vn -0.0076 -0.8354 0.5496
vn 0.0063 -0.6977 0.7164
vn -0.0031 -0.7815 0.6239
vn -0.0076 -0.8354 0.5497
vn 0.0286 -0.9095 -0.4147
vn -0.0076 -0.8855 0.4646
vn -0.1012 -0.6175 0.7801
vn 0.1736 -0.3560 0.9182
vn 0.0057 -0.8260 -0.5637
vn 0.0079 -0.7099 0.7043
vn 0.0246 -0.9163 0.3998
vn 0.0246 -0.9163 0.3997
vn -0.0076 -0.8856 0.4645
vn -0.0103 -0.9295 -0.3688
vn 0.0247 -0.9163 0.3997
vn 0.1194 -0.8802 0.4594
vn 0.0057 -0.9072 0.4208
vn 0.0057 -0.9071 0.4208
vn -0.0029 -0.8601 -0.5101
vn -0.0075 -0.9612 -0.2756
vn -0.0103 -0.9295 -0.3687
vn -0.0103 -0.9294 -0.3688
vn 0.0012 -0.7170 -0.6970
vn -0.0029 -0.8601 -0.5102
vn 0.0057 -0.8259 -0.5637
vn -0.0075 -0.8354 0.5497
vn 0.0033 -0.8479 0.5302
vn 0.4935 -0.3752 -0.7846
vn 0.3642 -0.1572 -0.9180
vn 0.1633 -0.8749 -0.4560
vn 0.1216 -0.8807 0.4577
vn -0.0080 -0.9224 0.3861
vn -0.0080 -0.9224 0.3862
vn -0.0035 -0.6960 0.7181
vn 0.0033 -0.8478 0.5302
vn 0.0286 -0.9095 -0.4148
vn 0.0007 -0.8861 -0.4634
vn 0.6211 -0.5419 -0.5663
vn 0.1193 -0.8802 0.4594
vn 0.0486 -0.9448 0.3242
vn -0.0007 -0.7661 -0.6427
vn -0.0068 -0.7703 0.6377
vn 0.0170 -0.9872 -0.1584
vn 0.6211 -0.5419 -0.5662
vn -0.0074 -0.9612 -0.2756
vn 0.1575 -0.9683 0.1940
vn 0.6507 -0.3519 0.6729
vn 0.8463 -0.3013 0.4393
vn 0.0486 -0.9447 0.3242
vn 0.6507 -0.3518 0.6729
vn 0.0486 -0.9448 0.3241
vn 0.1576 -0.9683 0.1941
vn -0.0207 -0.9539 0.2994
vn -0.0133 -0.9350 -0.3544
vn 0.0007 -0.8861 -0.4635
vn -0.0007 -0.7662 -0.6427
vn 0.5809 -0.7753 -0.2480
vn 0.0170 -0.9872 -0.1583
vn -0.0206 -0.9539 0.2994
vn -0.0213 -0.9790 0.2028
vn -0.0213 -0.9790 0.2027
vn -0.0054 -0.8805 0.4741
vn -0.0068 -0.7703 0.6376
vn 0.0510 -0.9957 -0.0775
vn 0.5809 -0.7752 -0.2480
vn 0.8463 -0.3014 0.4393
vn 0.1177 -0.9927 0.0267
vn 0.8463 -0.3013 0.4392
vn 0.9151 -0.3761 0.1453
vn -0.0360 -0.9982 0.0483
vn 0.7837 -0.6107 -0.1134
vn 0.0511 -0.9957 -0.0776
vn 0.7836 -0.6108 -0.1134
vn 0.0510 -0.9957 -0.0776
vn 0.9151 -0.3761 0.1452
vn 0.1178 -0.9927 0.0267
vn 0.0169 -0.9872 -0.1584
vn -0.0261 -0.9720 -0.2337
vn -0.0114 -0.9237 0.3830
vn -0.0114 -0.9236 0.3831
vn -0.0382 -0.9972 -0.0649
vn 0.1177 -0.9927 0.0268
vn 0.0169 -0.9872 -0.1583
vn -0.0034 -0.9540 0.2998
vn -0.0133 -0.9350 -0.3545
vn -0.0069 -0.8810 -0.4730
vn 0.0032 -0.7541 0.6568
vn -0.0054 -0.8804 0.4741
vn -0.0382 -0.9972 -0.0650
vn -0.0261 -0.9720 -0.2336
vn -0.0022 -0.9293 -0.3694
vn 0.0028 -0.7811 -0.6244
vn -0.0298 -0.9987 0.0424
vn -0.0088 -0.9818 0.1895
vn -0.0034 -0.9540 0.2997
vn -0.0302 -0.9956 -0.0891
vn 0.0131 -0.8660 -0.4999
vn 0.0131 -0.8659 -0.5000
vn 0.0029 -0.7811 -0.6244
vn -0.0020 -0.7620 0.6476
vn 0.0031 -0.7540 0.6568
vn -0.0088 -0.9819 0.1894
vn -0.0025 -0.9545 0.2982
vn -0.0002 -0.9164 0.4002
vn -0.0114 -0.9237 0.3831
vn -0.0002 -0.9164 0.4003
vn 0.0131 -0.8660 -0.5000
vn 0.0016 -0.7715 -0.6363
vn -0.0016 -1.0000 0.0076
vn -0.0099 -0.9829 -0.1838
vn 0.0009 -0.8720 0.4895
vn -0.0020 -0.7619 0.6476
vn 0.0010 -0.8720 0.4895
vn 0.0002 -0.9881 0.1536
vn -0.0088 -0.9819 0.1895
vn -0.0025 -0.9545 0.2981
vn 0.0002 -0.9881 0.1537
vn -0.0039 -0.9477 -0.3192
vn -0.0260 -0.9720 -0.2337
vn -0.0035 -0.8956 -0.4449
vn 0.0003 -0.9991 -0.0418
vn -0.0016 -1.0000 0.0075
vn -0.0302 -0.9956 -0.0890
vn 0.0018 -0.9185 0.3954
vn -0.0035 -0.8955 -0.4450
vn 0.0086 -0.9833 -0.1818
vn -0.0109 -0.8115 -0.5843
vn -0.0036 -0.9739 0.2268
vn 0.0014 -0.9503 0.3112
vn 0.0004 -0.8688 0.4952
vn 0.0018 -0.9185 0.3955
vn -0.0008 -0.7476 0.6641
vn 0.0052 -0.9969 0.0791
vn 0.0053 -0.9969 0.0791
vn 0.0035 -0.9649 -0.2627
vn 0.0052 -0.9968 0.0791
vn 0.0035 -0.9649 -0.2628
vn -0.0032 -0.9255 -0.3788
vn 0.0054 -0.8820 -0.4713
vn -0.0032 -0.9254 -0.3789
vn -0.0035 -0.8955 -0.4449
vn -0.0022 -1.0000 0.0088
vn 0.0002 -0.9180 0.3966
vn 0.0011 -0.7930 0.6092
vn -0.0008 -0.7476 0.6642
vn 0.0045 -0.9943 -0.1062
vn 0.0029 -0.9784 0.2067
vn 0.0014 -0.9503 0.3113
vn 0.0029 -0.9784 0.2068
vn 0.0009 -0.9245 -0.3813
vn 0.0021 -0.7712 -0.6365
vn 0.0045 -0.9943 -0.1061
vn 0.0036 -0.9950 0.0997
vn -0.0042 -0.8792 0.4764
vn 0.0005 -0.9841 -0.1779
vn 0.0034 -0.9649 -0.2627
vn 0.0036 -0.9950 0.0998
vn 0.0020 -0.9572 -0.2896
vn 0.0020 -0.9572 -0.2895
vn -0.0009 -0.9506 0.3105
vn 0.0002 -0.9180 0.3965
vn -0.0047 -0.8841 -0.4673
vn -0.0047 -0.8840 -0.4674
vn 0.0021 -0.7713 -0.6365
vn -0.0082 -0.9094 0.4159
vn -0.0007 -0.9981 -0.0609
vn -0.0087 -0.9128 -0.4084
vn -0.0061 -0.8176 0.5758
vn 0.0072 -0.7140 0.7001
vn 0.0011 -0.7930 0.6093
vn -0.0061 -0.8175 0.5758
vn 0.0001 -0.9990 0.0441
vn -0.0034 -0.9837 0.1796
vn -0.0012 -0.9600 -0.2798
vn 0.0009 -0.9245 -0.3812
vn -0.0047 -0.8841 -0.4674
vn -0.0018 -0.8338 -0.5521
vn -0.0012 -0.9601 -0.2798
vn -0.0017 -0.8338 -0.5520
vn 0.0001 -0.9990 0.0442
vn -0.0128 -0.9530 0.3028
vn -0.0169 -0.6935 0.7203
vn -0.0061 -0.8175 0.5759
vn 0.0080 -0.9591 -0.2829
vn -0.0087 -0.9128 -0.4083
vn -0.0038 -0.8780 0.4787
vn -0.0052 -0.9885 -0.1514
vn 0.0080 -0.9591 -0.2828
vn -0.0052 -0.9885 -0.1513
vn 0.0008 -0.9972 0.0752
vn 0.0021 -0.7899 0.6133
vn 0.0021 -0.7898 0.6134
vn -0.0022 -0.9995 -0.0316
vn -0.0022 -0.9995 -0.0315
vn 0.0215 -0.9243 -0.3810
vn 0.0050 -0.9185 0.3954
vn 0.0215 -0.9243 -0.3811
vn 0.0493 -0.8795 -0.4733
vn 0.0216 -0.6887 0.7247
vn -0.0169 -0.6934 0.7203
vn 0.0009 -0.9972 0.0752
vn 0.0354 -0.9793 0.1992
vn 0.0341 -0.9550 0.2948
vn 0.0354 -0.9793 0.1993
vn 0.0553 -0.7776 -0.6263
vn 0.0771 -0.9931 -0.0878
vn 0.0472 -0.9817 -0.1844
vn 0.0341 -0.9549 0.2948
vn 0.0849 -0.8781 0.4708
vn 0.0852 -0.9963 0.0086
vn 0.0008 -0.9972 0.0751
vn 0.0852 -0.9963 0.0087
vn 0.0771 -0.9932 -0.0878
vn 0.1376 -0.9243 -0.3560
vn 0.0975 -0.9256 0.3657
vn 0.0850 -0.8781 0.4708
vn 0.1038 -0.9888 0.1068
vn 0.0472 -0.9817 -0.1845
vn 0.1725 -0.9479 -0.2678
vn 0.2175 -0.9384 0.2686
vn 0.1375 -0.9243 -0.3560
vn 0.0216 -0.6888 0.7247
vn 0.0021 -0.7898 0.6133
vn 0.1242 -0.6933 0.7099
vn 0.3374 -0.9320 -0.1323
vn 0.3374 -0.9320 -0.1322
vn 0.0772 -0.9931 -0.0878
vn 0.1375 -0.9243 -0.3561
vn 0.2234 -0.7895 0.5717
vn 0.1243 -0.6933 0.7099
vn 0.0022 -0.7898 0.6133
vn 0.4110 -0.9094 -0.0629
vn 0.4110 -0.9095 -0.0630
vn 0.1039 -0.9888 0.1068
vn 0.0853 -0.9963 0.0086
vn 0.4520 -0.8889 0.0745
vn 0.3495 -0.9219 0.1671
vn 0.1726 -0.9479 -0.2678
vn 0.4574 -0.8471 -0.2705
vn 0.1376 -0.9243 -0.3561
vn 0.3143 -0.8376 -0.4469
vn 0.4112 -0.8372 0.3606
vn 0.4457 -0.7627 0.4686
vn 0.4112 -0.8372 0.3607
vn 0.0553 -0.7776 -0.6264
vn 0.2919 -0.7542 -0.5882
vn 0.2234 -0.7895 0.5716
vn 0.4457 -0.7628 0.4686
vn 0.0853 -0.9963 0.0087
vn 0.4111 -0.9094 -0.0629
vn 0.5957 -0.7851 -0.1696
vn 0.5599 -0.7972 0.2258
vn 0.3496 -0.9219 0.1672
vn 0.0976 -0.9256 0.3657
vn 0.4928 -0.6069 0.6235
vn 0.4458 -0.7627 0.4686
vn 0.7266 -0.6812 -0.0894
vn 0.4111 -0.9094 -0.0630
vn 0.3375 -0.9320 -0.1322
vn 0.7198 -0.6837 0.1201
vn 0.3496 -0.9219 0.1671
vn 0.7198 -0.6838 0.1201
vn 0.5598 -0.7972 0.2258
vn 0.3143 -0.8376 -0.4468
vn 0.5430 -0.7707 -0.3334
vn 0.7699 -0.6001 -0.2173
vn 0.4575 -0.8471 -0.2705
vn 0.5431 -0.7706 -0.3333
vn 0.5431 -0.7707 -0.3334
vn 0.7509 -0.6300 0.1984
vn 0.4113 -0.8372 0.3606
vn 0.5431 -0.7706 -0.3334
vn 0.7495 -0.5543 -0.3619
vn 0.4458 -0.7627 0.4685
vn 0.4113 -0.8371 0.3606
vn 0.7724 -0.5702 0.2797
vn 0.3143 -0.8375 -0.4469
vn 0.4929 -0.6069 0.6235
vn 0.7327 -0.5479 0.4037
vn 0.6943 -0.7189 0.0325
vn 0.6943 -0.7189 0.0326
vn 0.7699 -0.6001 -0.2172
vn 0.7724 -0.5703 0.2796
vn -0.6225 -0.7636 -0.1715
vn -0.8421 -0.3278 -0.4282
vn -0.4369 -0.8439 -0.3113
vn -0.1208 -0.9914 -0.0507
vn -0.4369 -0.8440 -0.3113
vn -0.5983 -0.8003 -0.0400
vn -0.1124 -0.9933 0.0255
vn -0.5983 -0.8003 -0.0401
vn -0.6816 -0.7283 0.0706
vn -0.4907 -0.8465 0.2066
vn -0.6816 -0.7283 0.0707
vn -0.6632 -0.5188 0.5395
vn -0.4907 -0.8465 0.2067
vn -0.1601 -0.9776 0.1366
vn -0.1600 -0.9776 0.1366
vn -0.1956 -0.9635 -0.1825
vn -0.0518 -0.9987 -0.0043
vn -0.1123 -0.9933 0.0255
vn -0.1207 -0.9914 -0.0507
vn -0.1957 -0.9635 -0.1825
vn -0.4369 -0.8439 -0.3114
vn -0.6913 -0.3699 -0.6207
vn -0.6450 -0.4579 0.6118
vn -0.6632 -0.5188 0.5394
vn -0.1956 -0.9636 -0.1825
vn -0.0486 -0.9976 -0.0501
vn -0.0443 -0.9981 0.0427
vn -0.6317 -0.4431 -0.6361
vn -0.6913 -0.3699 -0.6208
vn -0.2912 -0.8825 0.3693
vn -0.6450 -0.4580 0.6118
vn -0.0487 -0.9976 -0.0501
vn -0.0445 -0.9971 -0.0610
vn -0.2911 -0.8826 0.3692
vn -0.0645 -0.9936 0.0924
vn -0.3490 -0.7241 -0.5949
vn -0.1957 -0.9635 -0.1826
vn -0.0482 -0.9935 -0.1031
vn -0.3490 -0.7240 -0.5950
vn -0.0483 -0.9935 -0.1031
vn -0.0218 -0.9983 -0.0544
vn -0.1855 -0.8819 0.4335
vn -0.4693 -0.3799 0.7971
vn -0.2911 -0.8825 0.3693
vn -0.1855 -0.8818 0.4335
vn -0.0455 -0.9980 0.0445
vn -0.2177 -0.6587 -0.7203
vn -0.0249 -0.9984 0.0504
vn -0.0224 -0.9997 -0.0034
vn -0.0752 -0.9873 0.1397
vn -0.0553 -0.9845 -0.1662
vn -0.0482 -0.9935 -0.1032
vn -0.2177 -0.6587 -0.7202
vn -0.0163 -0.9980 -0.0603
vn -0.0552 -0.9846 -0.1661
vn -0.0752 -0.9873 0.1396
vn -0.3003 -0.5131 0.8041
vn 0.0213 -0.9966 -0.0790
vn -0.0249 -0.9984 0.0503
vn 0.0102 -0.9989 0.0464
vn -0.2503 -0.5666 -0.7851
vn -0.3002 -0.5131 0.8041
vn -0.1086 -0.9248 0.3647
vn -0.1784 -0.4366 0.8818
vn -0.3003 -0.5132 0.8040
vn 0.0281 -0.9988 0.0404
vn 0.0009 -0.9107 -0.4130
vn -0.0552 -0.9846 -0.1662
vn 0.0356 -0.9991 -0.0224
vn -0.0224 -0.9997 -0.0035
vn 0.0213 -0.9967 -0.0790
vn 0.0009 -0.9108 -0.4129
vn 0.0173 -0.9986 -0.0503
vn 0.0172 -0.9986 -0.0503
vn 0.0336 -0.9963 0.0792
vn 0.0337 -0.9963 0.0792
vn 0.0281 -0.9988 0.0403
vn -0.1085 -0.9248 0.3647
vn 0.2113 -0.7396 -0.6390
vn 0.0658 -0.3790 -0.9230
vn 0.1731 -0.7587 0.6280
vn 0.2114 -0.7397 -0.6389
vn 0.0514 -0.9979 -0.0398
vn 0.0527 -0.9981 0.0332
vn 0.0356 -0.9991 -0.0223
vn 0.1781 -0.9051 0.3862
vn 0.0487 -0.9973 -0.0558
vn 0.0528 -0.9981 0.0332
vn 0.1934 -0.8949 -0.4022
vn 0.1935 -0.8949 -0.4022
vn 0.0470 -0.9979 0.0451
vn 0.0836 -0.9919 0.0957
vn 0.3326 -0.7820 0.5271
vn 0.0836 -0.9919 0.0958
vn 0.1780 -0.9051 0.3862
vn 0.0600 -0.9978 -0.0290
vn 0.0616 -0.9981 -0.0059
vn 0.0711 -0.9947 0.0738
vn 0.0579 -0.9980 0.0241
vn 0.0711 -0.9947 0.0739
vn 0.4346 -0.7792 0.4517
vn 0.2307 -0.9502 -0.2098
vn 0.4347 -0.7792 0.4517
vn 0.5112 -0.4667 -0.7217
vn 0.2307 -0.9501 -0.2098
vn 0.0486 -0.9973 -0.0558
vn 0.0842 -0.9964 -0.0056
vn 0.0615 -0.9981 -0.0059
vn 0.0843 -0.9964 -0.0056
vn 0.6415 -0.5082 -0.5747
vn 0.2457 -0.9572 0.1530
vn 0.2460 -0.9658 -0.0819
vn 0.0843 -0.9964 -0.0055
vn 0.1829 -0.9824 0.0378
vn 0.2461 -0.9658 -0.0820
vn 0.7393 -0.5284 -0.4173
vn 0.7440 -0.4429 0.5002
vn 0.4347 -0.7792 0.4516
vn 0.2457 -0.9572 0.1531
vn 0.7393 -0.5285 -0.4173
vn 0.3500 -0.9368 -0.0020
vn 0.2461 -0.9658 -0.0819
vn 0.3499 -0.9368 -0.0020
vn 0.7440 -0.4429 0.5003
vn 0.8084 -0.5255 0.2651
vn 0.8019 -0.5816 -0.1371
vn 0.3500 -0.9367 -0.0020
vn 0.8019 -0.5815 -0.1371
vn 0.8085 -0.5255 0.2651
vn 0.3501 -0.9367 -0.0020
vn 0.8951 -0.4388 0.0785
vn 0.8951 -0.4389 0.0785
vn -0.3296 0.0235 0.9438
vn -0.5595 0.0318 0.8282
vn -0.3891 -0.0903 0.9168
vn -0.4115 0.1902 0.8913
vn -0.5594 0.0318 0.8283
vn -0.3003 -0.5132 0.8041
vn -0.4693 -0.3799 0.7972
vn -0.3078 0.2743 0.9111
vn -0.4116 0.1902 0.8913
vn -0.4006 0.4814 0.7796
vn -0.4116 0.1903 0.8913
vn -0.3078 0.2744 0.9110
vn -0.3081 0.3557 0.8823
vn -0.5194 0.2135 0.8274
vn -0.3290 0.0715 0.9416
vn -0.5603 0.0505 0.8268
vn -0.5194 0.2134 0.8275
vn -0.5541 0.0260 0.8320
vn -0.5602 0.0505 0.8268
vn -0.3620 0.0297 0.9317
vn -0.5396 0.0246 0.8415
vn -0.5996 0.0166 0.8002
vn -0.3134 -0.1498 0.9377
vn -0.3291 0.0716 0.9416
vn -0.5194 0.2134 0.8274
vn -0.3191 0.0119 0.9477
vn -0.4171 0.0247 0.9085
vn -0.5397 0.0247 0.8415
vn -0.2948 0.0324 0.9550
vn -0.3350 0.0241 0.9419
vn -0.5801 0.0374 0.8137
vn -0.3383 0.0270 0.9406
vn -0.3383 0.0271 0.9406
vn -0.6140 0.0303 0.7887
vn -0.5800 0.0374 0.8137
vn -0.4596 0.0331 0.8875
vn -0.3360 0.0785 0.9386
vn -0.5958 0.0503 0.8016
vn -0.4596 0.0332 0.8875
vn -0.2698 0.3917 0.8796
vn -0.4092 0.2724 0.8708
vn -0.4092 0.2723 0.8709
vn -0.3277 -0.0051 0.9448
vn -0.6125 0.0017 0.7905
vn -0.3872 -0.0048 0.9220
vn -0.5058 0.0039 0.8626
vn -0.3263 -0.0664 0.9429
vn -0.5265 -0.0561 0.8483
vn -0.4040 0.0040 0.9147
vn -0.5265 -0.0562 0.8483
vn -0.3296 0.0234 0.9438
vn -0.3891 -0.0902 0.9168
vn -0.3348 0.0234 0.9420
vn -0.5995 0.0166 0.8002
vn -0.4171 0.0248 0.9085
vn -0.5996 0.0166 0.8001
vn -0.2642 0.0315 0.9639
vn -0.2501 0.0277 0.9678
vn -0.3383 0.0270 0.9407
vn -0.2698 0.3918 0.8796
vn -0.4763 0.3547 0.8046
vn -0.4093 0.2724 0.8708
vn -0.2784 0.1103 0.9541
vn -0.5666 0.0547 0.8222
vn -0.4763 0.3546 0.8046
vn -0.3990 -0.0189 0.9167
vn -0.2784 0.1102 0.9541
vn -0.2537 -0.0051 0.9673
vn -0.5297 -0.0021 0.8482
vn -0.3442 -0.0085 0.9389
vn -0.4857 -0.0064 0.8741
vn -0.5297 -0.0022 0.8482
vn -0.3138 -0.0050 0.9495
vn -0.5560 -0.0000 0.8312
vn -0.4857 -0.0063 0.8741
vn -0.4750 -0.0065 0.8800
vn -0.5559 -0.0000 0.8312
vn -0.2511 -0.0016 0.9680
vn -0.5282 -0.0071 0.8491
vn -0.5948 -0.0054 0.8039
vn -0.2873 -0.0081 0.9578
vn -0.5590 -0.0015 0.8291
vn -0.5282 -0.0070 0.8491
vn -0.6007 -0.0147 0.7994
vn -0.5846 0.0083 0.8113
vn -0.3242 0.0082 0.9459
vn -0.3228 -0.0009 0.9465
vn -0.4927 0.0067 0.8702
vn -0.5545 -0.0043 0.8322
vn -0.3990 -0.0189 0.9168
vn -0.0953 -0.0044 0.9954
vn -0.3355 0.0024 0.9420
vn -0.5591 -0.0015 0.8291
vn -0.1935 -0.0073 0.9811
vn -0.5072 -0.0051 0.8618
vn -0.1936 -0.0073 0.9811
vn -0.3761 -0.0030 0.9266
vn -0.1590 -0.0006 0.9873
vn -0.5401 -0.0031 0.8416
vn -0.3769 0.0136 0.9261
vn -0.3019 -0.0113 0.9533
vn -0.5402 -0.0031 0.8416
vn -0.1590 -0.0007 0.9873
vn -0.4989 0.0005 0.8667
vn -0.2904 -0.0034 0.9569
vn -0.4988 0.0005 0.8667
vn -0.2904 -0.0033 0.9569
vn -0.5288 0.0001 0.8487
vn -0.2904 -0.0039 0.9569
vn -0.3710 0.0018 0.9286
vn -0.3229 -0.0009 0.9464
vn -0.3711 0.0018 0.9286
vn -0.2584 0.0023 0.9660
vn -0.5325 -0.0066 0.8464
vn -0.2069 -0.0011 0.9784
vn -0.3582 0.0002 0.9336
vn -0.5411 -0.0016 0.8409
vn -0.5070 0.0115 0.8619
vn -0.2644 -0.0075 0.9644
vn -0.4040 0.0040 0.9148
vn -0.5411 -0.0017 0.8409
vn -0.3081 0.3558 0.8823
vn -0.1618 0.4623 0.8718
vn -0.2570 0.2194 0.9412
vn -0.1618 0.4623 0.8719
vn -0.2570 0.2193 0.9412
vn -0.3290 0.0716 0.9416
vn -0.3081 0.3557 0.8824
vn -0.0782 0.0381 0.9962
vn -0.3190 0.0119 0.9477
vn -0.2699 0.3917 0.8796
vn -0.3990 -0.0188 0.9168
vn -0.0569 -0.0052 0.9984
vn -0.3137 -0.0050 0.9495
vn -0.4858 -0.0064 0.8741
vn -0.1253 0.0034 0.9921
vn -0.4110 0.0180 0.9115
vn -0.4749 -0.0065 0.8800
vn -0.1338 0.0004 0.9910
vn -0.2872 -0.0081 0.9578
vn -0.1541 -0.0100 0.9880
vn -0.3769 0.0136 0.9262
vn -0.1542 -0.0100 0.9880
vn -0.3871 -0.0048 0.9220
vn -0.0260 -0.0016 0.9997
vn -0.1339 0.0061 0.9910
vn -0.0645 -0.0008 0.9979
vn -0.3582 0.0002 0.9337
vn -0.1511 -0.0037 0.9885
vn -0.4039 0.0040 0.9148
vn -0.3263 -0.0665 0.9429
vn -0.1785 -0.4365 0.8818
vn -0.1797 -0.0230 0.9835
vn -0.3134 -0.1497 0.9377
vn -0.2250 0.0392 0.9736
vn -0.1687 0.0312 0.9852
vn -0.2642 0.0315 0.9640
vn -0.1071 0.0336 0.9937
vn -0.1072 0.0336 0.9937
vn -0.0003 0.4079 0.9130
vn -0.0810 -0.0036 0.9967
vn -0.0570 -0.0052 0.9984
vn -0.0009 -0.0021 1.0000
vn -0.2510 -0.0016 0.9680
vn -0.1338 0.0003 0.9910
vn 0.0234 0.0007 0.9997
vn -0.3355 0.0024 0.9421
vn 0.0235 0.0007 0.9997
vn -0.3769 0.0135 0.9262
vn 0.0144 0.0028 0.9999
vn -0.3018 -0.0113 0.9533
vn -0.2903 -0.0034 0.9569
vn -0.0117 -0.0045 0.9999
vn -0.2903 -0.0033 0.9569
vn 0.0290 -0.0007 0.9996
vn 0.0291 -0.0007 0.9996
vn -0.3241 0.0082 0.9460
vn -0.2903 -0.0039 0.9569
vn -0.3242 0.0082 0.9460
vn 0.0003 -0.0028 1.0000
vn -0.1339 0.0062 0.9910
vn -0.2583 0.0023 0.9660
vn -0.0539 -0.0351 0.9979
vn -0.1511 -0.0036 0.9885
vn 0.1298 -0.2219 0.9664
vn -0.1784 -0.4365 0.8818
vn -0.0527 0.2379 0.9699
vn -0.0528 0.2379 0.9699
vn -0.0351 0.0180 0.9992
vn -0.0352 0.0180 0.9992
vn 0.0519 0.0398 0.9979
vn -0.3349 0.0241 0.9419
vn -0.1269 0.0200 0.9917
vn -0.0604 0.1697 0.9836
vn -0.1268 0.0201 0.9917
vn -0.0604 0.1698 0.9836
vn 0.0120 0.6137 0.7895
vn -0.2783 0.1102 0.9541
vn 0.0552 0.0219 0.9982
vn 0.0129 0.0041 0.9999
vn 0.0073 -0.0193 0.9998
vn 0.1029 -0.0015 0.9947
vn -0.0538 -0.0352 0.9979
vn -0.1510 -0.0036 0.9885
vn 0.1393 -0.0037 0.9902
vn -0.0539 -0.0352 0.9979
vn 0.2294 0.0194 0.9731
vn -0.1796 -0.0230 0.9835
vn 0.2294 0.0193 0.9731
vn -0.2249 0.0392 0.9736
vn 0.1620 0.2961 0.9413
vn 0.1193 0.0314 0.9924
vn 0.1631 0.0266 0.9862
vn 0.1251 0.0175 0.9920
vn 0.1632 0.0266 0.9862
vn -0.1268 0.0200 0.9917
vn 0.1250 0.0174 0.9920
vn 0.0130 0.0041 0.9999
vn 0.1040 0.0004 0.9946
vn 0.0074 -0.0193 0.9998
vn 0.1314 -0.0040 0.9913
vn 0.1314 -0.0041 0.9913
vn 0.1092 -0.0052 0.9940
vn 0.0235 0.0008 0.9997
vn -0.1589 -0.0007 0.9873
vn 0.1105 -0.0021 0.9939
vn 0.1106 -0.0021 0.9939
vn 0.1465 -0.0012 0.9892
vn -0.1338 0.0061 0.9910
vn -0.0259 -0.0016 0.9997
vn 0.0851 -0.0058 0.9964
vn -0.2068 -0.0011 0.9784
vn -0.2583 0.0023 0.9661
vn 0.0955 -0.0009 0.9954
vn 0.0670 -0.0034 0.9977
vn -0.2644 -0.0074 0.9644
vn 0.1732 -0.7587 0.6280
vn 0.2541 0.2898 0.9227
vn -0.0527 0.2378 0.9699
vn 0.2541 0.2899 0.9227
vn -0.1617 0.4623 0.8718
vn -0.0782 0.0382 0.9962
vn 0.1621 0.2961 0.9413
vn 0.3010 0.0434 0.9526
vn -0.0350 0.0180 0.9992
vn -0.0781 0.0381 0.9962
vn 0.2704 0.0001 0.9628
vn -0.0350 0.0181 0.9992
vn 0.2513 0.0295 0.9675
vn 0.2722 0.0438 0.9612
vn -0.1267 0.0200 0.9917
vn 0.1251 0.0174 0.9920
vn 0.2722 0.0437 0.9612
vn -0.0603 0.1698 0.9836
vn -0.1267 0.0201 0.9917
vn 0.0120 0.6137 0.7894
vn -0.0003 0.4080 0.9130
vn 0.2387 -0.0043 0.9711
vn 0.1136 -0.0119 0.9935
vn 0.2145 0.0009 0.9767
vn -0.0809 -0.0036 0.9967
vn 0.1136 -0.0118 0.9935
vn 0.2145 0.0010 0.9767
vn 0.2836 -0.0013 0.9589
vn 0.1040 0.0003 0.9946
vn -0.0568 -0.0052 0.9984
vn -0.1252 0.0034 0.9921
vn 0.2684 -0.0005 0.9633
vn -0.0116 -0.0045 0.9999
vn 0.0145 0.0028 0.9999
vn 0.3361 0.0011 0.9418
vn 0.2883 0.0023 0.9575
vn 0.2884 0.0023 0.9575
vn 0.0004 -0.0028 1.0000
vn 0.3087 -0.0080 0.9511
vn 0.0670 -0.0033 0.9977
vn 0.3119 -0.4527 0.8353
vn 0.1299 -0.2219 0.9664
vn 0.3287 -0.0995 0.9392
vn 0.3286 -0.0994 0.9392
vn 0.3002 0.4368 0.8480
vn 0.3010 0.0433 0.9526
vn 0.2704 0.0002 0.9628
vn -0.1686 0.0312 0.9852
vn 0.2512 0.0295 0.9675
vn 0.0520 0.0398 0.9979
vn 0.1194 0.0314 0.9924
vn 0.3114 0.0320 0.9497
vn 0.2990 0.0267 0.9539
vn 0.2849 0.0320 0.9580
vn -0.1070 0.0336 0.9937
vn 0.1632 0.0265 0.9862
vn 0.2849 0.0319 0.9580
vn 0.3197 0.3045 0.8973
vn 0.2723 0.0438 0.9612
vn 0.0121 0.6136 0.7895
vn 0.3197 0.3045 0.8972
vn 0.3139 0.3821 0.8692
vn 0.0553 0.0219 0.9982
vn 0.1911 0.0050 0.9816
vn 0.3872 -0.0011 0.9220
vn 0.1912 0.0050 0.9815
vn 0.1315 -0.0041 0.9913
vn 0.3873 -0.0011 0.9220
vn 0.3585 0.0118 0.9335
vn 0.1093 -0.0052 0.9940
vn 0.3370 -0.0063 0.9415
vn 0.3480 -0.0009 0.9375
vn 0.3337 -0.0015 0.9427
vn 0.3119 -0.4528 0.8353
vn 0.1781 -0.9050 0.3863
vn 0.2295 0.0194 0.9731
vn 0.3337 0.0251 0.9423
vn 0.3418 0.0295 0.9393
vn 0.3456 0.0348 0.9377
vn 0.3387 0.0268 0.9405
vn 0.3387 0.0267 0.9405
vn 0.3473 0.0682 0.9353
vn 0.3139 0.3822 0.8691
vn 0.0121 0.6137 0.7895
vn 0.3197 0.3046 0.8972
vn 0.3533 0.0220 0.9353
vn 0.3138 0.3821 0.8692
vn 0.3532 0.0220 0.9353
vn 0.4395 -0.0080 0.8982
vn 0.4187 -0.0056 0.9081
vn 0.1041 0.0004 0.9946
vn 0.3481 -0.0009 0.9375
vn 0.2884 0.0024 0.9575
vn 0.3413 -0.0085 0.9399
vn 0.1466 -0.0012 0.9892
vn 0.3414 -0.0085 0.9399
vn 0.3314 0.0079 0.9435
vn 0.0004 -0.0029 1.0000
vn 0.3643 -0.0065 0.9312
vn 0.0852 -0.0058 0.9964
vn 0.3904 0.0011 0.9206
vn 0.3644 -0.0064 0.9312
vn 0.0956 -0.0009 0.9954
vn 0.0852 -0.0058 0.9963
vn 0.3062 0.0024 0.9520
vn -0.0644 -0.0008 0.9979
vn 0.0671 -0.0034 0.9977
vn 0.3792 0.0007 0.9253
vn 0.0671 -0.0033 0.9977
vn 0.3914 -0.0019 0.9202
vn 0.3438 0.1937 0.9188
vn 0.3002 0.4367 0.8480
vn 0.3011 0.0433 0.9526
vn 0.1621 0.2960 0.9413
vn 0.3438 0.1936 0.9188
vn 0.3520 0.0221 0.9357
vn 0.2704 0.0001 0.9627
vn 0.4392 0.0288 0.8979
vn 0.2991 0.0267 0.9539
vn 0.2850 0.0320 0.9580
vn 0.4792 0.0010 0.8777
vn 0.2146 0.0009 0.9767
vn 0.2837 -0.0013 0.9589
vn 0.2146 0.0010 0.9767
vn 0.3632 -0.0028 0.9317
vn 0.1030 -0.0015 0.9947
vn 0.3631 -0.0028 0.9317
vn 0.3370 -0.0062 0.9415
vn 0.4317 -0.0053 0.9020
vn 0.5565 -0.0060 0.8308
vn 0.2685 -0.0005 0.9633
vn 0.3062 0.0024 0.9519
vn 0.3905 0.0011 0.9206
vn 0.4447 -0.1156 0.8882
vn 0.1736 -0.3561 0.9182
vn 0.4447 -0.1157 0.8882
vn 0.3338 0.0250 0.9423
vn 0.2295 0.0193 0.9731
vn 0.3287 -0.0994 0.9392
vn 0.3225 0.2447 0.9144
vn 0.2542 0.2899 0.9227
vn 0.3337 0.0250 0.9423
vn 0.2542 0.2900 0.9227
vn 0.3225 0.2448 0.9144
vn 0.3003 0.4367 0.8480
vn 0.4578 0.3995 0.7942
vn 0.3521 0.0221 0.9357
vn 0.2704 0.0002 0.9627
vn 0.2513 0.0295 0.9674
vn 0.1781 -0.9050 0.3862
vn 0.3419 0.0295 0.9393
vn 0.5814 0.0249 0.8132
vn 0.5332 0.0443 0.8448
vn 0.5260 0.3593 0.7708
vn 0.5260 0.3594 0.7708
vn 0.5697 0.4500 0.6877
vn 0.5375 0.0201 0.8430
vn 0.5697 0.4499 0.6877
vn 0.5820 -0.0040 0.8132
vn 0.3533 0.0220 0.9352
vn 0.5555 0.0049 0.8315
vn 0.2388 -0.0043 0.9711
vn 0.5554 0.0049 0.8315
vn 0.5554 0.0048 0.8315
vn 0.4396 -0.0080 0.8982
vn 0.6860 -0.0006 0.7276
vn 0.4793 0.0010 0.8777
vn 0.5518 -0.0054 0.8340
vn 0.5518 -0.0054 0.8339
vn 0.6612 0.0108 0.7501
vn 0.6808 -0.0073 0.7324
vn 0.5836 0.0057 0.8120
vn 0.3873 -0.0011 0.9219
vn 0.7043 -0.0010 0.7099
vn 0.5836 0.0058 0.8120
vn 0.6039 -0.0041 0.7971
vn 0.7043 -0.0011 0.7099
vn 0.3586 0.0118 0.9334
vn 0.6351 -0.0014 0.7724
vn 0.3371 -0.0063 0.9415
vn 0.3586 0.0119 0.9334
vn 0.5836 0.0003 0.8120
vn 0.4318 -0.0054 0.9020
vn 0.6352 -0.0014 0.7724
vn 0.5836 0.0002 0.8121
vn 0.5287 -0.0023 0.8488
vn 0.3481 -0.0009 0.9374
vn 0.5885 0.0044 0.8085
vn 0.5566 -0.0060 0.8308
vn 0.5639 -0.0024 0.8258
vn 0.3362 0.0011 0.9418
vn 0.5640 -0.0024 0.8258
vn 0.5737 0.0049 0.8190
vn 0.5737 0.0049 0.8191
vn 0.5865 -0.0043 0.8099
vn 0.5929 -0.0000 0.8053
vn 0.3415 -0.0085 0.9399
vn 0.3315 0.0079 0.9434
vn 0.6100 0.0013 0.7924
vn 0.6100 0.0012 0.7924
vn 0.3088 -0.0080 0.9511
vn 0.5659 -0.0019 0.8245
vn 0.5533 -0.0016 0.8330
vn 0.5532 -0.0015 0.8330
vn 0.3644 -0.0065 0.9312
vn 0.6198 0.0042 0.7847
vn 0.5533 -0.0015 0.8330
vn 0.5848 0.0014 0.8112
vn 0.3063 0.0024 0.9519
vn 0.5848 0.0013 0.8112
vn 0.3793 0.0007 0.9253
vn 0.5931 0.0027 0.8052
vn 0.5930 0.0027 0.8052
vn 0.3915 -0.0019 0.9202
vn 0.5771 -0.0073 0.8167
vn 0.5771 -0.0073 0.8166
vn 0.5394 0.0239 0.8417
vn 0.5306 0.0212 0.8474
vn 0.5893 0.0361 0.8071
vn 0.3388 0.0268 0.9405
vn 0.5826 0.0221 0.8124
vn 0.3474 0.0681 0.9353
vn 0.3388 0.0267 0.9405
vn 0.5589 0.0531 0.8275
vn 0.3473 0.0681 0.9353
vn 0.7571 0.0162 0.6531
vn 0.5376 0.0201 0.8430
vn 0.5697 0.4499 0.6878
vn 0.5821 -0.0040 0.8131
vn 0.7318 -0.0016 0.6815
vn 0.7571 0.0161 0.6531
vn 0.7530 -0.0033 0.6580
vn 0.5837 0.0058 0.8120
vn 0.6808 -0.0074 0.7324
vn 0.5836 0.0002 0.8120
vn 0.7934 -0.0044 0.6087
vn 0.6101 0.0012 0.7924
vn 0.7559 -0.0032 0.6547
vn 0.7585 0.0024 0.6517
vn 0.4215 -0.1646 0.8918
vn 0.4214 -0.1646 0.8918
vn 0.4215 -0.1645 0.8918
vn 0.4637 0.3139 0.8285
vn 0.4637 0.3140 0.8285
vn 0.5708 0.1194 0.8124
vn 0.3439 0.1936 0.9188
vn 0.6136 0.0225 0.7893
vn 0.5815 0.0249 0.8131
vn 0.7378 0.0253 0.6745
vn 0.6135 0.0225 0.7894
vn 0.5333 0.0443 0.8448
vn 0.7362 0.0325 0.6760
vn 0.6135 0.0226 0.7894
vn 0.7114 0.0277 0.7022
vn 0.4392 0.0289 0.8979
vn 0.3115 0.0320 0.9497
vn 0.5306 0.0212 0.8473
vn 0.5307 0.0212 0.8473
vn 0.7337 0.0266 0.6790
vn 0.5894 0.0360 0.8070
vn 0.7215 0.0279 0.6919
vn 0.5590 0.0531 0.8275
vn 0.5827 0.0221 0.8124
vn 0.5261 0.3594 0.7708
vn 0.7215 0.0278 0.6919
vn 0.5930 0.5851 0.5532
vn 0.8301 0.0049 0.5576
vn 0.6861 -0.0006 0.7275
vn 0.8301 0.0048 0.5577
vn 0.7591 0.0041 0.6509
vn 0.5519 -0.0054 0.8339
vn 0.6861 -0.0006 0.7276
vn 0.6613 0.0108 0.7501
vn 0.8337 0.0062 0.5522
vn 0.6809 -0.0074 0.7324
vn 0.5837 0.0057 0.8120
vn 0.6039 -0.0041 0.7970
vn 0.8110 0.0001 0.5850
vn 0.8110 0.0001 0.5851
vn 0.7934 -0.0044 0.6086
vn 0.7587 -0.0019 0.6515
vn 0.7587 -0.0019 0.6514
vn 0.5288 -0.0023 0.8488
vn 0.5886 0.0044 0.8084
vn 0.7551 0.0085 0.6556
vn 0.7364 -0.0079 0.6766
vn 0.7364 -0.0079 0.6765
vn 0.7912 -0.0016 0.6115
vn 0.5738 0.0049 0.8190
vn 0.5866 -0.0043 0.8099
vn 0.7614 0.0032 0.6482
vn 0.5930 -0.0000 0.8052
vn 0.7676 0.0003 0.6409
vn 0.7565 0.0082 0.6539
vn 0.7757 -0.0024 0.6311
vn 0.5848 0.0013 0.8111
vn 0.6199 0.0042 0.7847
vn 0.7610 -0.0013 0.6487
vn 0.5931 0.0027 0.8051
vn 0.5849 0.0014 0.8111
vn 0.7674 0.0037 0.6412
vn 0.7646 -0.0064 0.6445
vn 0.5771 -0.0074 0.8166
vn 0.7645 -0.0064 0.6445
vn 0.5357 0.0176 0.8442
vn 0.4638 0.3138 0.8285
vn 0.4579 0.3995 0.7942
vn 0.5934 0.4906 0.6381
vn 0.6585 0.3843 0.6471
vn 0.5709 0.1194 0.8123
vn 0.6585 0.3842 0.6471
vn 0.7204 0.0989 0.6864
vn 0.4579 0.3994 0.7942
vn 0.7205 0.0988 0.6864
vn 0.5395 0.0239 0.8417
vn 0.5708 0.1194 0.8123
vn 0.7204 0.0988 0.6864
vn 0.7395 0.0276 0.6726
vn 0.7336 0.0266 0.6790
vn 0.5894 0.0361 0.8070
vn 0.7489 0.0274 0.6622
vn 0.5827 0.0222 0.8124
vn 0.5894 0.0361 0.8071
vn 0.7488 0.0275 0.6622
vn 0.7488 0.0274 0.6622
vn 0.7225 0.1263 0.6797
vn 0.5931 0.5850 0.5532
vn 0.7362 0.4581 0.4981
vn 0.7571 0.0162 0.6530
vn 0.7572 0.0162 0.6530
vn 0.9112 0.0414 0.4099
vn 0.7319 -0.0016 0.6815
vn 0.8709 -0.0053 0.4915
vn 0.9112 0.0413 0.4099
vn 0.8301 0.0048 0.5576
vn 0.8759 0.0014 0.4825
vn 0.7592 0.0041 0.6509
vn 0.6809 -0.0073 0.7324
vn 0.8528 -0.0128 0.5221
vn 0.8779 0.0058 0.4788
vn 0.7044 -0.0011 0.7098
vn 0.8765 -0.0016 0.4814
vn 0.8765 -0.0017 0.4814
vn 0.6352 -0.0014 0.7723
vn 0.8704 -0.0051 0.4924
vn 0.7935 -0.0044 0.6086
vn 0.8704 -0.0051 0.4923
vn 0.9384 0.0043 0.3454
vn 0.9384 0.0043 0.3455
vn 0.9158 -0.0039 0.4016
vn 0.9034 0.0022 0.4289
vn 0.7551 0.0085 0.6555
vn 0.9033 0.0022 0.4289
vn 0.9050 0.0033 0.4254
vn 0.7364 -0.0078 0.6765
vn 0.9043 0.0015 0.4270
vn 0.7913 -0.0016 0.6115
vn 0.9042 0.0015 0.4270
vn 0.7913 -0.0016 0.6114
vn 0.8934 0.0003 0.4492
vn 0.7615 0.0032 0.6482
vn 0.9008 0.0079 0.4343
vn 0.7566 0.0082 0.6539
vn 0.9008 0.0079 0.4342
vn 0.7676 0.0003 0.6410
vn 0.8457 0.0016 0.5337
vn 0.8457 0.0017 0.5337
vn 0.6101 0.0013 0.7923
vn 0.7559 -0.0032 0.6546
vn 0.8805 -0.0032 0.4741
vn 0.7585 0.0024 0.6516
vn 0.8793 0.0025 0.4762
vn 0.8602 -0.0025 0.5099
vn 0.7758 -0.0024 0.6310
vn 0.7758 -0.0025 0.6310
vn 0.9043 0.0031 0.4268
vn 0.7611 -0.0013 0.6487
vn 0.9046 -0.0084 0.4261
vn 0.9057 0.0126 0.4237
vn 0.9011 -0.0015 0.4337
vn 0.6508 -0.3518 0.6729
vn 0.3327 -0.7820 0.5271
vn 0.6728 -0.2043 0.7110
vn 0.7347 0.0096 0.6783
vn 0.5358 0.0176 0.8442
vn 0.6729 -0.2042 0.7110
vn 0.7026 0.0979 0.7048
vn 0.7026 0.0980 0.7048
vn 0.4638 0.3139 0.8285
vn 0.7225 0.1264 0.6797
vn 0.8065 0.3025 0.5080
vn 0.7674 0.0037 0.6411
vn 0.6729 -0.2043 0.7110
vn 0.4347 -0.7791 0.4517
vn 0.7246 0.2357 0.6475
vn 0.5935 0.4905 0.6381
vn 0.7247 0.2357 0.6475
vn 0.7600 0.3247 0.5630
vn 0.7771 0.0757 0.6249
vn 0.7115 0.0277 0.7022
vn 0.8064 0.0282 0.5907
vn 0.7489 0.0275 0.6622
vn 0.8275 0.0193 0.5612
vn 0.7821 0.0356 0.6221
vn 0.8065 0.3024 0.5080
vn 0.5931 0.5851 0.5532
vn 0.7495 -0.1254 0.6501
vn 0.7348 0.0096 0.6783
vn 0.7027 0.0979 0.7048
vn 0.7247 0.2358 0.6475
vn 0.5935 0.4906 0.6381
vn 0.7771 0.0757 0.6248
vn 0.8719 0.0328 0.4886
vn 0.8205 0.0261 0.5711
vn 0.8225 0.0299 0.5680
vn 0.8044 0.0291 0.5933
vn 0.8045 0.0291 0.5933
vn 0.7489 0.0275 0.6621
vn 0.8565 0.0298 0.5153
vn 0.8275 0.0193 0.5611
vn 0.9279 0.0486 0.3695
vn 0.9279 0.0486 0.3696
vn 0.7204 0.6378 0.2725
vn 0.4347 -0.7791 0.4516
vn 0.7494 -0.1255 0.6501
vn 0.7672 -0.0068 0.6414
vn 0.9313 0.1719 0.3210
vn 0.7495 -0.1255 0.6500
vn 0.9010 -0.0674 0.4285
vn 0.7246 0.2358 0.6475
vn 0.7837 0.3969 0.4779
vn 0.7600 0.3248 0.5630
vn 0.8288 0.4674 0.3076
vn 0.9010 -0.0673 0.4285
vn 0.7495 -0.1254 0.6500
vn 0.7441 -0.4429 0.5002
vn 0.7672 -0.0068 0.6413
vn 0.8259 0.0423 0.5622
vn 0.8259 0.0424 0.5622
vn 0.7837 0.3968 0.4778
vn 0.4839 0.6940 -0.5330
vn 0.3500 0.7143 -0.6060
vn 0.2511 0.6811 -0.6878
vn 0.4355 0.2057 -0.8764
vn 0.4839 0.6940 -0.5331
vn 0.2512 0.6811 -0.6878
vn 0.6563 0.0018 -0.7545
vn 0.5602 0.0039 -0.8283
vn 0.4573 0.0120 -0.8892
vn 0.5855 0.0028 -0.8107
vn 0.6562 0.0018 -0.7545
vn 0.5854 0.0028 -0.8107
vn 0.3690 0.0104 -0.9294
vn 0.5855 0.0027 -0.8107
vn 0.4189 0.0051 -0.9080
vn 0.6178 0.0052 -0.7863
vn 0.5854 0.0027 -0.8107
vn 0.6178 0.0053 -0.7863
vn 0.3195 0.0103 -0.9475
vn 0.5188 0.0015 -0.8549
vn 0.5707 0.0004 -0.8212
vn 0.3609 0.0066 -0.9326
vn 0.6110 0.0025 -0.7917
vn 0.4420 -0.0025 -0.8970
vn 0.6507 0.0080 -0.7593
vn 0.5672 0.0142 -0.8235
vn 0.3556 0.0120 -0.9346
vn 0.5051 0.0026 -0.8630
vn 0.6508 0.0080 -0.7592
vn 0.6270 0.0007 -0.7790
vn 0.4390 -0.0015 -0.8985
vn 0.5931 -0.0008 -0.8052
vn 0.5931 -0.0007 -0.8052
vn 0.3813 0.0046 -0.9244
vn 0.6224 0.0053 -0.7827
vn 0.4122 0.0074 -0.9111
vn 0.5931 -0.0007 -0.8051
vn 0.6144 0.0073 -0.7889
vn 0.4122 0.0073 -0.9111
vn 0.4679 0.0018 -0.8838
vn 0.6126 0.0020 -0.7904
vn 0.4265 0.0111 -0.9044
vn 0.5883 0.0073 -0.8086
vn 0.5882 0.0073 -0.8086
vn 0.3379 0.0018 -0.9412
vn 0.5763 -0.0030 -0.8172
vn 0.5764 -0.0030 -0.8172
vn 0.4205 -0.0032 -0.9073
vn 0.5935 0.0005 -0.8048
vn 0.6232 0.0075 -0.7820
vn 0.3994 0.0040 -0.9168
vn 0.3993 0.0040 -0.9168
vn 0.4084 0.0095 -0.9127
vn 0.6042 -0.0092 -0.7968
vn 0.4935 -0.3752 -0.7847
vn 0.6042 -0.0091 -0.7968
vn 0.7208 0.1630 -0.6737
vn 0.4840 0.6940 -0.5331
vn 0.5399 0.0221 -0.8415
vn 0.7208 0.1630 -0.6738
vn 0.4356 0.2056 -0.8764
vn 0.7165 0.0053 -0.6975
vn 0.5220 0.0025 -0.8530
vn 0.5372 0.0022 -0.8434
vn 0.6879 0.0048 -0.7258
vn 0.7165 0.0053 -0.6976
vn 0.5372 0.0022 -0.8435
vn 0.5121 0.0009 -0.8589
vn 0.7218 0.0019 -0.6921
vn 0.5121 0.0008 -0.8589
vn 0.5186 0.0096 -0.8549
vn 0.7451 0.0025 -0.6670
vn 0.5186 0.0096 -0.8550
vn 0.7961 0.0064 -0.6051
vn 0.7263 -0.0013 -0.6874
vn 0.7461 0.0093 -0.6658
vn 0.5188 0.0014 -0.8549
vn 0.7263 -0.0014 -0.6874
vn 0.5707 0.0004 -0.8211
vn 0.6110 0.0025 -0.7916
vn 0.5708 0.0004 -0.8211
vn 0.7551 -0.0006 -0.6556
vn 0.5672 0.0142 -0.8234
vn 0.7356 -0.0008 -0.6774
vn 0.5052 0.0026 -0.8630
vn 0.6271 0.0007 -0.7790
vn 0.7817 0.0004 -0.6236
vn 0.5931 -0.0008 -0.8051
vn 0.6225 0.0052 -0.7826
vn 0.7669 0.0024 -0.6417
vn 0.6145 0.0073 -0.7889
vn 0.4680 0.0018 -0.8837
vn 0.4680 0.0018 -0.8838
vn 0.7625 0.0048 -0.6470
vn 0.5936 0.0005 -0.8048
vn 0.7764 -0.0023 -0.6302
vn 0.6233 0.0075 -0.7820
vn 0.6210 -0.5419 -0.5662
vn 0.7212 0.0243 -0.6923
vn 0.6107 0.0249 -0.7915
vn 0.4988 0.0264 -0.8663
vn 0.7067 0.0364 -0.7066
vn 0.5049 0.0327 -0.8626
vn 0.7264 0.0302 -0.6866
vn 0.5048 0.0327 -0.8626
vn 0.5578 0.0255 -0.8296
vn 0.7193 0.0236 -0.6943
vn 0.5578 0.0254 -0.8296
vn 0.4162 0.0289 -0.9088
vn 0.6097 0.0250 -0.7922
vn 0.7296 0.0299 -0.6832
vn 0.6098 0.0249 -0.7922
vn 0.4852 0.0116 -0.8743
vn 0.4852 0.0115 -0.8743
vn 0.6371 0.0397 -0.7698
vn 0.6715 0.3812 -0.6355
vn 0.6371 0.0398 -0.7698
vn 0.6715 0.3811 -0.6355
vn 0.4884 0.1513 -0.8594
vn 0.6714 0.3812 -0.6355
vn 0.3500 0.7143 -0.6061
vn 0.4840 0.6940 -0.5330
vn 0.7287 0.0139 -0.6847
vn 0.5399 0.0221 -0.8414
vn 0.5220 0.0025 -0.8529
vn 0.7451 0.0024 -0.6669
vn 0.7218 0.0019 -0.6920
vn 0.8100 0.0041 -0.5864
vn 0.8100 0.0041 -0.5863
vn 0.7962 0.0064 -0.6051
vn 0.8321 -0.0021 -0.5546
vn 0.7461 0.0094 -0.6658
vn 0.8321 -0.0022 -0.5546
vn 0.7678 0.0069 -0.6407
vn 0.7677 0.0069 -0.6407
vn 0.7970 0.0093 -0.6038
vn 0.7765 -0.0000 -0.6301
vn 0.7788 0.0084 -0.6272
vn 0.5936 0.0004 -0.8048
vn 0.6583 0.4716 -0.5868
vn 0.5017 0.3609 -0.7862
vn 0.5349 0.3266 -0.7792
vn 0.7369 0.0611 -0.6732
vn 0.5349 0.3265 -0.7793
vn 0.4582 0.0502 -0.8874
vn 0.7369 0.0610 -0.6732
vn 0.7067 0.0363 -0.7066
vn 0.7600 0.0287 -0.6493
vn 0.7311 0.0248 -0.6818
vn 0.6098 0.0250 -0.7922
vn 0.7600 0.0717 -0.6460
vn 0.5771 0.7403 -0.3448
vn 0.7208 0.1631 -0.6737
vn 0.8841 0.1891 -0.4274
vn 0.8755 0.0053 -0.4831
vn 0.8756 0.0053 -0.4831
vn 0.8661 0.0056 -0.4999
vn 0.8506 -0.0011 -0.5259
vn 0.7166 0.0053 -0.6975
vn 0.6879 0.0048 -0.7257
vn 0.7219 0.0019 -0.6920
vn 0.8407 0.0110 -0.5415
vn 0.8809 0.0045 -0.4733
vn 0.8407 0.0110 -0.5414
vn 0.7452 0.0024 -0.6669
vn 0.9156 0.0056 -0.4020
vn 0.7451 0.0025 -0.6669
vn 0.7452 0.0025 -0.6669
vn 0.8101 0.0041 -0.5863
vn 0.8978 -0.0002 -0.4404
vn 0.8322 -0.0021 -0.5545
vn 0.7461 0.0093 -0.6657
vn 0.8846 0.0047 -0.4663
vn 0.7461 0.0094 -0.6657
vn 0.7263 -0.0014 -0.6873
vn 0.8606 0.0026 -0.5092
vn 0.8846 0.0048 -0.4663
vn 0.7263 -0.0013 -0.6873
vn 0.8835 0.0022 -0.4685
vn 0.9066 0.0001 -0.4219
vn 0.8382 -0.0013 -0.5454
vn 0.9067 0.0001 -0.4219
vn 0.7357 -0.0008 -0.6773
vn 0.8954 -0.0018 -0.4453
vn 0.7357 -0.0008 -0.6774
vn 0.8063 0.0109 -0.5914
vn 0.9273 0.0031 -0.3743
vn 0.8063 0.0109 -0.5915
vn 0.9184 0.0103 -0.3956
vn 0.9184 0.0102 -0.3956
vn 0.8910 -0.0038 -0.4539
vn 0.9184 0.0102 -0.3955
vn 0.7970 0.0093 -0.6039
vn 0.7817 0.0004 -0.6237
vn 0.6225 0.0053 -0.7826
vn 0.7971 0.0093 -0.6038
vn 0.9344 0.0099 -0.3561
vn 0.7670 0.0024 -0.6417
vn 0.9113 -0.0031 -0.4117
vn 0.7766 -0.0000 -0.6301
vn 0.9041 0.0026 -0.4273
vn 0.7766 -0.0000 -0.6300
vn 0.7789 0.0084 -0.6271
vn 0.8984 -0.0014 -0.4391
vn 0.7625 0.0048 -0.6469
vn 0.9055 0.0086 -0.4243
vn 0.7717 -0.0105 -0.6359
vn 0.7765 -0.0023 -0.6302
vn 0.9345 -0.0133 -0.3558
vn 0.7373 0.0056 -0.6755
vn 0.4932 -0.0388 -0.8690
vn 0.5874 0.0396 -0.8083
vn 0.7153 0.1919 -0.6720
vn 0.5874 0.0397 -0.8083
vn 0.5017 0.3608 -0.7862
vn 0.7202 0.2582 -0.6439
vn 0.7202 0.2581 -0.6440
vn 0.7766 0.0216 -0.6297
vn 0.7766 0.0215 -0.6297
vn 0.8167 0.0337 -0.5761
vn 0.7833 0.0292 -0.6210
vn 0.9648 0.0106 -0.2627
vn 0.9390 -0.0027 -0.3439
vn 0.8709 -0.0053 0.4914
vn 0.9749 -0.0093 0.2225
vn 0.9744 0.0049 -0.2246
vn 0.8506 -0.0012 -0.5258
vn 0.9814 0.0044 0.1918
vn 0.9814 0.0044 0.1917
vn 0.9451 0.0012 -0.3267
vn 0.8506 -0.0011 -0.5258
vn 0.8759 0.0014 0.4824
vn 0.9802 0.0044 0.1980
vn 0.8809 0.0045 -0.4732
vn 0.8337 0.0062 0.5521
vn 0.9406 0.0149 0.3392
vn 0.9522 -0.0026 0.3055
vn 0.8528 -0.0128 0.5220
vn 0.9651 0.0016 -0.2617
vn 0.9689 0.0028 0.2473
vn 0.9267 0.0010 -0.3757
vn 0.8779 0.0058 0.4787
vn 0.7962 0.0064 -0.6050
vn 0.9690 0.0028 0.2472
vn 0.9767 -0.0057 0.2143
vn 0.9358 0.0002 -0.3526
vn 0.8780 0.0058 0.4787
vn 0.9768 -0.0057 0.2143
vn 0.8322 -0.0022 -0.5545
vn 0.9481 -0.0018 0.3180
vn 0.9582 -0.0021 -0.2860
vn 0.9481 -0.0017 0.3181
vn 0.8978 -0.0003 -0.4404
vn 0.9481 -0.0018 0.3181
vn 0.9824 0.0020 0.1868
vn 0.9871 -0.0003 -0.1599
vn 0.9871 -0.0003 -0.1598
vn 0.8846 0.0048 -0.4662
vn 0.9824 0.0021 0.1868
vn 0.9553 0.0014 -0.2957
vn 0.8607 0.0026 -0.5092
vn 0.8835 0.0022 -0.4684
vn 0.9034 0.0022 0.4288
vn 0.9158 -0.0039 0.4015
vn 0.9871 0.0003 0.1601
vn 0.9766 -0.0012 0.2151
vn 0.9607 0.0061 0.2777
vn 0.9668 0.0045 -0.2553
vn 0.9043 0.0015 0.4269
vn 0.9606 0.0061 0.2777
vn 0.9668 0.0045 -0.2554
vn 0.8954 -0.0018 -0.4452
vn 0.9899 -0.0042 -0.1419
vn 0.9796 0.0011 0.2011
vn 0.9796 0.0012 0.2011
vn 0.9732 0.0029 0.2301
vn 0.9967 0.0034 -0.0805
vn 0.9683 0.0088 0.2496
vn 0.8457 0.0017 0.5336
vn 0.9884 0.0224 -0.1502
vn 0.9184 0.0103 -0.3955
vn 0.8911 -0.0038 -0.4539
vn 0.8805 -0.0032 0.4740
vn 0.9635 -0.0005 0.2678
vn 0.9842 -0.0055 -0.1772
vn 0.8794 0.0025 0.4762
vn 0.9536 0.0063 0.3012
vn 0.8603 -0.0025 0.5099
vn 0.9844 0.0014 -0.1757
vn 0.9113 -0.0031 -0.4116
vn 0.9041 0.0026 -0.4272
vn 0.9535 0.0063 0.3012
vn 0.9536 0.0063 0.3011
vn 0.9884 -0.0052 0.1516
vn 0.9892 -0.0144 -0.1460
vn 0.8985 -0.0014 -0.4391
vn 0.9047 -0.0084 0.4261
vn 0.9743 0.0056 0.2250
vn 0.9673 0.0120 -0.2533
vn 0.9743 0.0056 0.2251
vn 0.9919 0.0168 -0.1256
vn 0.9841 0.0114 0.1775
vn 0.9922 -0.0574 -0.1110
vn 0.9011 -0.0015 0.4336
vn 0.9747 -0.0603 0.2154
vn 0.9186 -0.1099 -0.3795
vn 0.9345 -0.0134 -0.3557
vn 0.9186 -0.1099 -0.3796
vn 0.8473 -0.3029 0.4362
vn 0.7309 -0.0988 -0.6753
vn 0.4932 -0.0387 -0.8690
vn 0.7373 0.0056 -0.6756
vn 0.4932 -0.0387 -0.8691
vn 0.7153 0.1920 -0.6719
vn 0.7768 0.0303 -0.6290
vn 0.8070 0.0273 -0.5900
vn 0.7312 0.0248 -0.6818
vn 0.8069 0.0273 -0.5900
vn 0.8747 0.0236 -0.4841
vn 0.6357 0.6244 -0.4539
vn 0.6714 0.3811 -0.6355
vn 0.5771 0.7404 -0.3448
vn 0.9449 0.2797 -0.1700
vn 0.6750 0.7317 -0.0948
vn 0.5771 0.7403 -0.3447
vn 0.8902 0.4237 0.1676
vn 0.8841 0.1891 -0.4273
vn 0.8902 0.4236 0.1676
vn 0.9970 0.0404 0.0666
vn 0.8903 0.4235 0.1673
vn 0.9970 0.0404 0.0667
vn 0.7362 0.4581 0.4982
vn 0.9749 -0.0094 0.2225
vn 0.9112 0.0414 0.4098
vn 0.9983 0.0072 -0.0584
vn 0.9983 0.0071 -0.0583
vn 0.9983 0.0072 -0.0583
vn 0.9745 0.0049 -0.2246
vn 0.9815 0.0044 0.1917
vn 0.9745 0.0049 -0.2245
vn 0.9988 -0.0043 -0.0494
vn 0.9815 0.0044 0.1916
vn 0.9988 -0.0043 -0.0495
vn 0.9802 0.0044 0.1979
vn 0.9775 0.0058 -0.2111
vn 0.9774 0.0058 -0.2111
vn 0.9978 0.0018 0.0657
vn 0.9406 0.0149 0.3391
vn 0.9978 0.0018 0.0656
vn 0.9775 0.0058 -0.2110
vn 0.9157 0.0056 -0.4019
vn 0.9860 0.0027 -0.1670
vn 0.9859 0.0027 -0.1670
vn 0.9992 0.0087 0.0400
vn 0.9992 0.0087 0.0401
vn 0.9156 0.0056 -0.4019
vn 0.9652 0.0016 -0.2617
vn 0.9652 0.0016 -0.2616
vn 0.9993 -0.0018 -0.0373
vn 0.9993 -0.0019 -0.0373
vn 0.9993 -0.0018 -0.0374
vn 0.9268 0.0010 -0.3756
vn 0.9358 0.0002 -0.3525
vn 0.9979 -0.0097 -0.0648
vn 0.9979 -0.0097 -0.0647
vn 0.9991 0.0042 0.0427
vn 0.9979 -0.0096 -0.0647
vn 0.9582 -0.0021 -0.2859
vn 0.9991 0.0042 0.0428
vn 0.9481 -0.0017 0.3180
vn 0.9991 0.0043 0.0428
vn 0.9824 0.0020 0.1867
vn 0.9991 0.0043 0.0427
vn 0.9872 -0.0003 -0.1598
vn 0.9976 -0.0010 0.0687
vn 0.9778 0.0083 -0.2092
vn 0.9871 -0.0004 -0.1598
vn 0.8847 0.0047 -0.4662
vn 0.9976 -0.0009 0.0687
vn 0.9779 0.0083 -0.2091
vn 0.9385 0.0043 0.3454
vn 0.9976 -0.0009 0.0688
vn 0.9972 -0.0029 0.0741
vn 0.9973 -0.0029 0.0740
vn 0.9973 -0.0030 0.0740
vn 0.9553 0.0014 -0.2956
vn 0.9848 -0.0048 -0.1738
vn 0.9973 -0.0030 0.0741
vn 0.9848 -0.0048 -0.1737
vn 0.9871 0.0003 0.1600
vn 0.9973 -0.0029 0.0741
vn 0.9848 -0.0047 -0.1737
vn 0.9848 -0.0047 -0.1738
vn 0.9944 0.0046 -0.1055
vn 0.9067 0.0001 -0.4218
vn 0.9944 0.0046 -0.1054
vn 0.9766 -0.0012 0.2150
vn 0.9944 0.0046 -0.1053
vn 0.9999 0.0073 0.0124
vn 0.9669 0.0046 -0.2553
vn 0.9607 0.0061 0.2776
vn 0.9999 0.0073 0.0125
vn 0.9954 -0.0000 0.0959
vn 0.9954 -0.0000 0.0960
vn 0.9669 0.0045 -0.2553
vn 0.9899 -0.0042 -0.1418
vn 0.9796 0.0011 0.2010
vn 0.9273 0.0031 -0.3742
vn 0.9968 0.0034 -0.0804
vn 0.9732 0.0029 0.2300
vn 0.9993 0.0193 -0.0326
vn 0.9993 0.0193 -0.0327
vn 0.9968 0.0035 -0.0805
vn 0.9884 0.0224 -0.1501
vn 0.9683 0.0088 0.2495
vn 1.0000 -0.0007 -0.0064
vn 0.9635 -0.0005 0.2677
vn 0.9986 0.0035 0.0522
vn 0.9635 -0.0006 0.2677
vn 0.9841 -0.0055 -0.1773
vn 0.9892 -0.0144 -0.1459
vn 1.0000 0.0014 0.0017
vn 0.9884 -0.0052 0.1515
vn 1.0000 0.0015 0.0017
vn 0.9673 0.0119 -0.2533
vn 1.0000 0.0015 0.0016
vn 0.9673 0.0119 -0.2532
vn 0.9919 0.0168 -0.1255
vn 0.9841 0.0114 0.1774
vn 0.9922 -0.0574 -0.1109
vn 0.9747 -0.0603 0.2153
vn 0.9922 -0.0575 -0.1110
vn 0.9747 -0.0604 0.2153
vn 0.9747 -0.0604 0.2154
vn 0.6415 -0.5081 -0.5747
vn 0.7309 -0.0989 -0.6753
vn 0.7373 0.2407 -0.6312
vn 0.6583 0.4716 -0.5867
vn 0.7634 0.4274 -0.4843
vn 0.8421 0.1078 -0.5285
vn 0.7766 0.0216 -0.6296
vn 0.8774 0.0147 -0.4796
vn 0.7768 0.0303 -0.6291
vn 0.8728 0.0324 -0.4870
vn 0.7600 0.0286 -0.6493
vn 0.9475 0.0339 -0.3180
vn 0.8070 0.0273 -0.5899
vn 0.9174 0.1352 -0.3743
vn 0.6357 0.6243 -0.4539
vn 0.7600 0.0718 -0.6460
vn 0.6879 0.7131 -0.1354
vn 0.9174 0.1353 -0.3743
vn 0.6358 0.6243 -0.4539
vn 0.6878 0.7131 -0.1354
vn 0.6878 0.7132 -0.1354
vn 0.5770 0.7404 -0.3448
vn 0.6749 0.7318 -0.0948
vn 0.7790 0.6259 0.0384
vn 0.7790 0.6259 0.0385
vn 0.7374 0.2406 -0.6312
vn 0.7634 0.4273 -0.4844
vn 0.7202 0.2582 -0.6440
vn 0.9253 0.0188 -0.3788
vn 0.7766 0.0215 -0.6296
vn 0.9253 0.0188 -0.3789
vn 0.9205 0.0331 -0.3892
vn 0.9206 0.0331 -0.3892
vn 0.8167 0.0337 -0.5760
vn 0.8205 0.0261 0.5710
vn 0.9432 0.0344 0.3306
vn 0.9594 0.0288 0.2805
vn 0.9644 0.0322 -0.2626
vn 0.8728 0.0324 -0.4869
vn 0.8065 0.0282 0.5906
vn 0.9648 0.0235 0.2621
vn 0.9104 0.0212 -0.4132
vn 0.8565 0.0298 0.5152
vn 0.9648 0.0234 0.2621
vn 0.8566 0.0298 0.5152
vn 0.9757 0.0244 0.2176
vn 0.9865 0.0225 -0.1624
vn 0.9475 0.0340 -0.3179
vn 0.8747 0.0236 -0.4840
vn 0.9526 0.0410 0.3016
vn 0.9821 0.0303 -0.1861
vn 0.9280 0.0486 0.3694
vn 0.9526 0.0410 0.3015
vn 0.9974 0.0279 0.0660
vn 0.9891 0.1372 -0.0534
vn 0.9821 0.0303 -0.1860
vn 0.9174 0.1352 -0.3742
vn 0.9280 0.0486 0.3695
vn 0.9697 0.1083 0.2191
vn 0.8066 0.3024 0.5079
vn 0.9891 0.1373 -0.0534
vn 0.9174 0.1353 -0.3742
vn 0.7790 0.6258 0.0385
vn 0.9697 0.1084 0.2191
vn 0.9891 0.1373 -0.0533
vn 0.7204 0.6378 0.2724
vn 0.8065 0.3025 0.5079
vn 0.8469 -0.0380 -0.5304
vn 0.7393 -0.5284 -0.4174
vn 0.8469 -0.0379 -0.5305
vn 0.8516 -0.0012 -0.5241
vn 0.7373 0.2406 -0.6312
vn 0.8516 -0.0012 -0.5242
vn 0.7837 0.3969 0.4778
vn 0.9356 0.2593 -0.2397
vn 0.8421 0.1078 -0.5284
vn 0.9886 0.0638 -0.1367
vn 0.9356 0.2593 -0.2398
vn 0.9314 0.1719 0.3210
vn 0.9920 0.0358 0.1208
vn 0.9991 0.0214 -0.0366
vn 0.9920 0.0358 0.1207
vn 0.9991 0.0214 -0.0365
vn 0.9992 0.0309 0.0237
vn 0.8719 0.0328 0.4885
vn 0.9647 0.0249 0.2623
vn 0.9874 0.0276 -0.1558
vn 0.8774 0.0147 -0.4795
vn 0.9874 0.0277 -0.1558
vn 0.9874 0.0277 -0.1557
vn 0.9964 0.0294 0.0795
vn 0.9432 0.0344 0.3305
vn 0.9954 0.0248 -0.0927
vn 0.9206 0.0331 -0.3891
vn 0.9954 0.0247 -0.0927
vn 0.9964 0.0294 0.0794
vn 0.9989 0.0292 0.0376
vn 0.9644 0.0322 -0.2625
vn 0.9594 0.0288 0.2804
vn 0.9909 0.0331 -0.1308
vn 0.9955 0.0266 0.0915
vn 0.9909 0.0331 -0.1307
vn 0.9648 0.0235 0.2620
vn 0.9954 0.0266 0.0915
vn 0.8729 0.0324 -0.4869
vn 0.9997 0.0259 0.0048
vn 0.9757 0.0244 0.2175
vn 0.9648 0.0234 0.2620
vn 0.9997 0.0259 0.0047
vn 0.9475 0.0339 -0.3179
vn 0.9974 0.0279 0.0659
vn 0.9758 0.0244 0.2175
vn 0.9891 0.1372 -0.0533
vn 0.8085 -0.5254 0.2651
vn 0.8304 0.2569 -0.4944
vn 0.8304 0.2570 -0.4944
vn 0.8579 0.4895 -0.1561
vn 0.9789 0.2037 0.0185
vn 0.8579 0.4896 -0.1560
vn 0.8701 0.4881 0.0687
vn 0.8579 0.4895 -0.1560
vn 0.9789 0.2036 0.0185
vn 0.8289 0.4674 0.3075
vn 0.9886 0.0638 -0.1366
vn 0.9314 0.1718 0.3210
vn 0.9533 -0.1301 -0.2727
vn 0.9701 -0.1306 0.2047
vn 0.8952 -0.4388 0.0785
vn 0.9701 -0.1305 0.2047
vn 0.9787 -0.0090 -0.2051
vn 0.9533 -0.1300 -0.2727
vn 0.8469 -0.0379 -0.5304
vn 0.8517 -0.0012 -0.5241
vn 0.8260 0.0423 0.5621
vn 0.9481 0.0819 0.3073
vn 0.9250 0.2159 -0.3126
vn 0.8260 0.0424 0.5621
vn 0.9481 0.0819 0.3074
vn 0.9256 0.3342 0.1775
vn 0.9250 0.2160 -0.3126
vn 0.8304 0.2570 -0.4943
vn 0.8579 0.4896 -0.1561
vn 0.9657 0.2543 -0.0521
vn 0.9256 0.3343 0.1775
vn 0.8288 0.4674 0.3075
vn 0.8701 0.4881 0.0686
vn 0.9949 -0.0961 -0.0302
vn 0.9949 -0.0961 -0.0301
vn 0.9701 -0.1305 0.2046
vn 0.9949 -0.0960 -0.0302
vn 0.9937 0.0141 0.1108
vn 0.9937 0.0142 0.1108
vn 0.9787 -0.0090 -0.2050
vn 0.9011 -0.0674 0.4284
vn 0.9937 0.0141 0.1109
vn 0.9657 0.2542 -0.0521
vn 0.9787 -0.0089 -0.2051
vn 0.9257 0.3342 0.1775
vn 0.9657 0.2542 -0.0520
vn -0.9919 -0.1242 -0.0252
vn -0.8816 -0.4632 -0.0910
vn -0.9305 -0.3651 -0.0299
vn -0.9997 -0.0252 0.0014
vn -0.9919 -0.1242 -0.0251
vn -0.8908 -0.4543 0.0125
vn -0.9828 -0.1836 0.0191
vn -0.8907 -0.4543 0.0125
vn -0.8912 -0.4491 0.0639
vn -0.9421 -0.3237 0.0880
vn -0.9760 -0.2080 -0.0643
vn -0.8815 -0.4632 -0.0910
vn -0.9965 0.0817 0.0180
vn -0.9919 -0.1241 -0.0252
vn -0.9997 -0.0251 0.0014
vn -0.9967 0.0809 -0.0084
vn -0.9828 -0.1835 0.0191
vn -0.9999 -0.0068 0.0075
vn -0.9999 -0.0069 0.0075
vn -0.9828 -0.1836 0.0192
vn -0.9985 -0.0467 0.0294
vn -0.9034 -0.3857 0.1875
vn -0.9938 -0.0991 -0.0501
vn -0.9169 -0.3182 -0.2410
vn -0.8369 -0.4956 -0.2322
vn -0.9938 -0.0991 -0.0502
vn -0.9982 0.0540 0.0258
vn -0.9393 -0.2540 0.2308
vn -0.9962 0.0869 0.0023
vn -0.9962 0.0869 0.0022
vn -0.9968 0.0755 -0.0266
vn -0.9985 -0.0466 0.0293
vn -0.9958 -0.0572 -0.0710
vn -0.8489 -0.3640 -0.3833
vn -0.9169 -0.3182 -0.2411
vn -0.9958 -0.0572 -0.0711
vn -0.9169 -0.3181 -0.2411
vn -0.9999 -0.0058 -0.0097
vn -0.9393 -0.2540 0.2309
vn -0.9977 0.0658 0.0160
vn -0.9982 0.0541 0.0258
vn -0.9965 0.0826 -0.0093
vn -0.9966 0.0613 -0.0553
vn -0.9968 0.0754 -0.0266
vn -0.9999 -0.0057 -0.0098
vn -0.9367 -0.2012 0.2865
vn -0.9971 0.0574 0.0501
vn -0.9964 0.0719 0.0451
vn -0.9965 0.0825 -0.0093
vn -0.9261 -0.1806 -0.3313
vn -0.9990 0.0434 0.0063
vn -0.9962 0.0868 0.0022
vn -0.9988 0.0471 -0.0151
vn -0.9967 0.0478 -0.0652
vn -0.9367 -0.2012 0.2864
vn -0.9997 -0.0121 0.0232
vn -0.9890 -0.0512 -0.1389
vn -0.8949 -0.1384 -0.4242
vn -0.9981 0.0240 0.0571
vn -0.9957 0.0599 0.0710
vn -0.9981 0.0241 0.0571
vn -0.9992 0.0386 0.0141
vn -0.9977 0.0657 0.0160
vn -0.9989 0.0387 -0.0279
vn -0.9967 0.0477 -0.0652
vn -0.9965 0.0317 -0.0773
vn -0.9999 -0.0058 -0.0098
vn -0.9997 -0.0120 0.0231
vn -0.9567 -0.1036 0.2722
vn -0.9890 -0.0511 -0.1389
vn -0.9997 0.0244 0.0055
vn -0.9999 0.0171 -0.0026
vn -0.9567 -0.1035 0.2721
vn -0.9981 -0.0118 0.0611
vn -0.9997 -0.0120 0.0232
vn -0.9992 0.0174 0.0366
vn -0.9957 0.0598 0.0709
vn -0.9964 0.0718 0.0451
vn -0.9992 0.0173 0.0366
vn -0.9999 0.0135 -0.0105
vn -0.9999 0.0170 -0.0026
vn -0.9988 0.0470 -0.0151
vn -0.9999 0.0136 -0.0105
vn -0.9989 0.0386 -0.0279
vn -0.9998 0.0158 0.0103
vn -0.9997 0.0244 0.0054
vn -0.9868 -0.0336 -0.1584
vn -0.8950 -0.1384 -0.4242
vn -0.9965 0.0239 0.0805
vn -0.9992 0.0173 0.0365
vn -0.9991 0.0148 -0.0406
vn -0.9285 -0.0813 0.3624
vn -0.9981 0.0241 0.0570
vn -0.9868 -0.0335 -0.1583
vn -0.9969 0.0062 0.0778
vn -0.9957 0.0598 0.0710
vn -0.9989 0.0386 -0.0278
vn -0.9998 0.0175 -0.0025
vn -0.9969 0.0194 -0.0766
vn -0.9996 0.0004 0.0269
vn -0.9868 -0.0336 -0.1583
vn -0.9981 0.0240 0.0570
vn -0.9969 0.0061 0.0778
vn -0.9999 0.0110 0.0124
vn -0.9971 0.0123 -0.0747
vn -0.9965 0.0317 -0.0772
vn -0.9931 -0.0288 0.1137
vn -0.9969 0.0195 -0.0766
vn -0.9931 -0.0289 0.1138
vn -0.9632 -0.0329 -0.2668
vn -0.8427 -0.0939 -0.5302
vn -0.9632 -0.0329 -0.2667
vn -0.9970 0.0061 0.0778
vn -0.9998 0.0053 -0.0170
vn -0.9999 0.0078 -0.0083
vn -0.8824 -0.0493 0.4679
vn -0.9931 -0.0289 0.1137
vn -0.9285 -0.0812 0.3623
vn -0.9994 0.0033 0.0355
vn -0.9993 0.0042 -0.0373
vn -0.9969 0.0019 -0.0782
vn -0.9969 0.0019 -0.0781
vn -0.9986 -0.0003 -0.0528
vn -0.9972 0.0036 0.0752
vn -0.9999 0.0015 0.0132
vn -0.9999 0.0109 0.0124
vn -0.9975 -0.0031 -0.0711
vn -0.9605 -0.0179 0.2778
vn -0.9985 -0.0001 0.0553
vn -0.9970 0.0062 0.0778
vn -0.9989 -0.0092 -0.0452
vn -0.9989 -0.0010 0.0469
vn -0.9931 -0.0288 0.1138
vn -0.9986 -0.0003 -0.0529
vn -0.9228 -0.0037 -0.3851
vn -0.9972 0.0037 0.0751
vn -0.9998 -0.0041 0.0197
vn -0.9946 0.0195 -0.1018
vn -0.9972 0.0036 0.0751
vn -0.9998 -0.0042 0.0198
vn -0.9996 -0.0038 -0.0281
vn -0.9999 0.0016 -0.0126
vn -0.9967 -0.0071 -0.0808
vn -0.9966 0.0113 0.0820
vn -0.9967 -0.0071 -0.0807
vn -0.9989 -0.0010 0.0468
vn -0.9982 0.0022 0.0599
vn -0.9994 -0.0040 0.0330
vn -0.9998 -0.0041 0.0198
vn -0.9493 0.0373 0.3120
vn -0.9973 -0.0037 0.0728
vn -0.9966 0.0113 0.0821
vn -0.9225 0.0608 -0.3811
vn -0.9228 -0.0037 -0.3852
vn -0.9986 0.0148 -0.0516
vn -0.9976 -0.0106 -0.0689
vn -0.9986 0.0148 -0.0517
vn -0.9999 -0.0074 0.0112
vn -0.9996 -0.0042 -0.0289
vn -1.0000 -0.0079 -0.0052
vn -0.9975 -0.0031 -0.0710
vn -0.9999 0.0049 0.0106
vn -0.9982 0.0023 0.0599
vn -0.9977 -0.0208 0.0644
vn -0.9973 -0.0038 0.0728
vn -0.9965 -0.0163 -0.0823
vn -0.9999 0.0049 0.0105
vn -0.9967 -0.0295 0.0753
vn -0.9996 -0.0146 0.0251
vn -0.9584 0.0627 0.2785
vn -0.9422 0.0765 -0.3262
vn -0.9967 -0.0295 0.0754
vn -0.9999 -0.0078 0.0069
vn -0.9999 -0.0074 0.0110
vn -0.9999 -0.0112 0.0021
vn -0.9996 -0.0193 -0.0184
vn -0.9985 -0.0186 -0.0506
vn -0.9985 0.0079 -0.0550
vn -0.9955 -0.0448 -0.0832
vn -0.9993 -0.0370 -0.0113
vn -0.9996 0.0027 0.0296
vn -0.9965 -0.0163 -0.0822
vn -0.9996 0.0027 0.0297
vn -0.9958 -0.0534 0.0745
vn -0.9974 -0.0464 -0.0544
vn -0.9962 -0.0618 0.0618
vn -0.9962 -0.0617 0.0618
vn -0.9977 -0.0205 0.0643
vn -0.9999 -0.0079 0.0069
vn -0.9984 -0.0479 0.0302
vn -0.9996 -0.0145 0.0251
vn -0.9667 0.1142 -0.2292
vn -0.9991 -0.0414 0.0049
vn -0.9993 -0.0369 -0.0113
vn -0.9991 -0.0413 0.0049
vn -1.0000 0.0064 0.0017
vn -0.9996 0.0026 0.0296
vn -0.9721 0.1078 0.2081
vn -1.0000 0.0065 0.0017
vn -0.8331 0.2142 0.5099
vn -0.9721 0.1078 0.2082
vn -0.9968 -0.0688 -0.0409
vn -0.9968 -0.0688 -0.0410
vn -0.9977 -0.0459 -0.0504
vn -0.9977 -0.0459 -0.0503
vn -0.9949 0.0623 -0.0789
vn -0.9971 -0.0673 0.0364
vn -0.9992 -0.0263 0.0306
vn -0.9958 -0.0535 0.0745
vn -0.9955 -0.0902 0.0298
vn -0.9816 0.1308 0.1394
vn -0.9949 0.0623 -0.0790
vn -0.9956 -0.0932 0.0014
vn -0.9955 -0.0938 -0.0139
vn -0.9816 0.1308 0.1393
vn -0.9977 -0.0458 -0.0503
vn -0.9083 0.2686 -0.3207
vn -0.9815 0.1393 -0.1317
vn -0.9083 0.2685 -0.3207
vn -0.9992 -0.0262 0.0306
vn -0.9815 0.1393 -0.1316
vn -0.9992 -0.0394 -0.0113
vn -0.9986 -0.0381 -0.0368
vn -0.9992 -0.0394 -0.0112
vn -0.9947 0.0763 0.0689
vn -0.9870 0.1351 -0.0867
vn -0.9947 0.0764 0.0689
vn -0.9986 -0.0380 -0.0368
vn -0.9991 -0.0411 0.0073
vn -0.9998 -0.0198 0.0030
vn -0.9998 -0.0198 0.0031
vn -0.9955 -0.0939 -0.0139
vn -0.9991 -0.0428 0.0043
vn -0.9425 0.2731 0.1923
vn -0.9983 0.0509 -0.0292
vn -0.9870 0.1351 -0.0868
vn -0.9849 0.1609 0.0644
vn -0.9992 -0.0393 -0.0112
vn -0.9804 0.1932 -0.0380
vn -0.9983 0.0510 -0.0292
vn -0.9425 0.2732 0.1923
vn -0.9776 0.2103 -0.0107
vn -0.9998 -0.0197 0.0030
vn -0.9851 0.1662 0.0443
vn -0.9998 -0.0197 0.0031
vn -0.9991 -0.0427 0.0043
vn -0.9436 0.3001 -0.1401
vn -0.9436 0.3001 -0.1400
vn -0.9776 0.2103 -0.0106
vn -0.9700 0.2431 0.0010
vn -0.9776 0.2102 -0.0106
vn -0.8815 -0.4633 -0.0910
vn -0.7425 -0.6569 -0.1314
vn -0.7921 -0.6087 -0.0462
vn -0.9305 -0.3652 -0.0299
vn -0.7921 -0.6087 -0.0461
vn -0.8907 -0.4544 0.0125
vn -0.8544 -0.4962 -0.1542
vn -0.8032 -0.5804 0.1339
vn -0.7093 -0.6523 0.2671
vn -0.8032 -0.5805 0.1339
vn -0.9760 -0.2081 -0.0643
vn -0.9033 -0.3858 0.1875
vn -0.9420 -0.3237 0.0880
vn -0.7093 -0.6524 0.2671
vn -0.7017 -0.5853 0.4063
vn -0.9168 -0.3183 -0.2411
vn -0.6948 -0.5667 -0.4428
vn -0.8369 -0.4957 -0.2322
vn -0.9392 -0.2541 0.2309
vn -0.7116 -0.4584 0.5324
vn -0.8488 -0.3641 -0.3834
vn -0.6422 -0.5424 -0.5417
vn -0.7049 -0.3920 -0.5912
vn -0.9392 -0.2540 0.2309
vn -0.7117 -0.4583 0.5324
vn -0.7205 -0.3009 -0.6248
vn -0.8488 -0.3640 -0.3834
vn -0.7504 -0.3239 0.5762
vn -0.9566 -0.1036 0.2722
vn -0.7504 -0.3238 0.5762
vn -0.7775 -0.2192 0.5895
vn -0.7205 -0.3010 -0.6248
vn -0.9261 -0.1806 -0.3314
vn -0.7775 -0.2191 0.5895
vn -0.9998 0.0175 -0.0026
vn -0.9999 0.0108 0.0036
vn -0.9999 0.0136 -0.0104
vn -0.6681 -0.1301 0.7326
vn -0.8824 -0.0493 0.4680
vn -0.9999 0.0079 -0.0083
vn -0.9999 0.0109 0.0036
vn -0.9999 0.0016 0.0132
vn -0.7708 -0.0341 -0.6361
vn -1.0000 -0.0023 0.0049
vn -0.9999 0.0015 0.0133
vn -0.7221 0.0298 -0.6911
vn -0.7691 0.0118 0.6390
vn -1.0000 -0.0023 0.0050
vn -0.9493 0.0373 0.3121
vn -0.9999 -0.0075 0.0112
vn -0.9999 0.0016 -0.0125
vn -0.7222 0.0298 -0.6911
vn -1.0000 -0.0081 -0.0052
vn -0.7660 0.0726 0.6387
vn -0.9584 0.0627 0.2786
vn -0.7848 0.1544 0.6002
vn -0.9666 0.1142 -0.2292
vn -0.8183 0.1923 -0.5417
vn -0.8058 0.2965 -0.5127
vn -0.9666 0.1142 -0.2293
vn -0.8741 0.2787 0.3978
vn -0.8058 0.2965 -0.5126
vn -0.8429 0.3962 0.3641
vn -0.9425 0.2732 0.1924
vn -0.8822 0.3774 -0.2817
vn -0.9814 0.1393 -0.1317
vn -0.9814 0.1394 -0.1317
vn -0.9870 0.1352 -0.0868
vn -0.7001 0.6043 0.3804
vn -0.7837 0.5560 -0.2769
vn -0.8943 0.4153 0.1667
vn -0.8943 0.4154 0.1667
vn -0.7154 0.6647 -0.2152
vn -0.8943 0.4153 0.1666
vn -0.8688 0.4886 -0.0805
vn -0.7154 0.6648 -0.2152
vn -0.8864 0.4494 0.1112
vn -0.8003 0.5960 -0.0651
vn -0.9700 0.2432 0.0010
vn -0.8375 0.5463 0.0143
vn -0.9700 0.2432 0.0011
vn -0.6977 -0.7154 0.0368
vn -0.6655 -0.7037 -0.2490
vn -0.8544 -0.4963 -0.1542
vn -0.8544 -0.4962 -0.1543
vn -0.5741 -0.7397 -0.3510
vn -0.6614 -0.1874 -0.7263
vn -0.7204 -0.3009 -0.6249
vn -0.8949 -0.1384 -0.4243
vn -0.8426 -0.0939 -0.5303
vn -0.6399 -0.1800 0.7471
vn -0.6653 -0.0342 0.7458
vn -0.6862 0.1154 -0.7182
vn -0.9422 0.0765 -0.3263
vn -0.7023 0.1733 -0.6905
vn -0.7022 0.1733 -0.6905
vn -0.8183 0.1922 -0.5417
vn -0.8057 0.2965 -0.5127
vn -0.4827 0.3295 -0.8114
vn -0.6249 0.3995 -0.6707
vn -0.6168 0.3805 0.6890
vn -0.8741 0.2788 0.3979
vn -0.8331 0.2142 0.5100
vn -0.6530 0.4480 -0.6107
vn -0.9083 0.2686 -0.3208
vn -0.6323 0.5127 0.5808
vn -0.8741 0.2787 0.3979
vn -0.6168 0.3806 0.6890
vn -0.6858 0.5240 -0.5051
vn -0.6529 0.4480 -0.6107
vn -0.8428 0.3962 0.3641
vn -0.6323 0.5128 0.5808
vn -0.3722 0.6765 0.6355
vn -0.8821 0.3775 -0.2817
vn -0.6100 0.6618 -0.4359
vn -0.6137 0.6298 0.4762
vn -0.8428 0.3963 0.3641
vn -0.6137 0.6297 0.4762
vn -0.6100 0.6618 -0.4358
vn -0.7000 0.6043 0.3804
vn -0.6183 0.7124 0.3319
vn -0.8942 0.4154 0.1667
vn -0.5855 0.7790 0.2245
vn -0.8863 0.4495 0.1112
vn -0.4867 0.8735 0.0113
vn -0.8003 0.5961 -0.0651
vn -0.8374 0.5464 0.0143
vn -0.6379 0.7605 0.1214
vn -0.5863 -0.7808 0.2161
vn -0.6681 -0.1302 0.7326
vn -0.4073 0.6965 -0.5907
vn -0.4251 -0.9051 -0.0143
vn -0.7048 -0.3920 -0.5912
vn -0.7204 -0.3010 -0.6249
vn -0.3518 -0.4430 -0.8246
vn -0.5423 -0.1357 -0.8291
vn -0.6421 -0.5424 -0.5417
vn -0.2912 -0.6653 -0.6874
vn -0.7708 -0.0341 -0.6362
vn -0.7221 0.0298 -0.6912
vn -0.3875 -0.0121 -0.9218
vn -0.2912 -0.6653 -0.6875
vn -0.3671 -0.5470 -0.7524
vn -0.6421 -0.5424 -0.5418
vn -0.4292 -0.3295 -0.8410
vn -0.7204 -0.3010 -0.6248
vn -0.4292 -0.3294 -0.8410
vn -0.6614 -0.1874 -0.7262
vn -0.2679 -0.2335 -0.9347
vn -0.6614 -0.1873 -0.7263
vn -0.5423 -0.1357 -0.8292
vn -0.3875 -0.0120 -0.9218
vn -0.4172 0.0549 -0.9071
vn -0.2781 0.1202 -0.9530
vn -0.4172 0.0550 -0.9071
vn -0.4577 0.2182 -0.8619
vn -0.7022 0.1733 -0.6906
vn -0.3341 0.4674 -0.8185
vn -0.6249 0.3995 -0.6708
vn -0.6249 0.3996 -0.6707
vn -0.3011 0.5647 -0.7684
vn -0.0524 -0.7655 -0.6413
vn -0.2911 -0.6653 -0.6874
vn -0.3671 -0.5470 -0.7523
vn -0.3517 -0.4430 -0.8246
vn -0.0626 -0.5278 -0.8471
vn -0.3670 -0.5470 -0.7524
vn -0.0814 -0.3899 -0.9173
vn -0.2678 -0.2335 -0.9347
vn -0.4291 -0.3295 -0.8410
vn -0.1579 -0.1966 -0.9677
vn -0.5422 -0.1357 -0.8292
vn -0.1868 -0.1117 -0.9760
vn -0.1231 0.2337 -0.9645
vn -0.2781 0.1203 -0.9530
vn -0.1419 0.2968 -0.9443
vn -0.4576 0.2182 -0.8619
vn -0.4826 0.3295 -0.8115
vn -0.0469 -0.6719 -0.7392
vn -0.2911 -0.6653 -0.6875
vn -0.0625 -0.5279 -0.8470
vn -0.0626 -0.5279 -0.8470
vn -0.0469 -0.6718 -0.7392
vn -0.0626 -0.5278 -0.8470
vn -0.0814 -0.3899 -0.9172
vn -0.1868 -0.1118 -0.9760
vn -0.0475 -0.0308 -0.9984
vn -0.1867 -0.1117 -0.9760
vn -0.3874 -0.0120 -0.9218
vn -0.0751 0.0526 -0.9958
vn -0.4171 0.0549 -0.9072
vn -0.0751 0.0527 -0.9958
vn -0.4172 0.0550 -0.9072
vn -0.0867 0.3874 -0.9178
vn -0.0463 0.5305 -0.8464
vn -0.3340 0.4674 -0.8185
vn -0.3010 0.5647 -0.7684
vn -0.0873 0.6607 -0.7456
vn -0.0209 -0.2439 -0.9696
vn -0.0814 -0.3898 -0.9173
vn -0.1579 -0.1967 -0.9677
vn -0.0192 -0.1398 -0.9900
vn -0.1867 -0.1118 -0.9760
vn -0.0474 -0.0308 -0.9984
vn -0.0192 -0.1397 -0.9900
vn -0.0574 0.1591 -0.9856
vn -0.2780 0.1202 -0.9530
vn -0.0463 0.5304 -0.8465
vn -0.0022 -0.6947 -0.7193
vn -0.0468 -0.6719 -0.7392
vn -0.0024 -0.5867 -0.8098
vn -0.0468 -0.6718 -0.7392
vn -0.0023 -0.6946 -0.7194
vn -0.0474 -0.0307 -0.9984
vn -0.0187 0.2722 -0.9620
vn -0.1230 0.2337 -0.9645
vn -0.1418 0.2968 -0.9444
vn -0.0135 0.6295 -0.7769
vn -0.0077 -0.4502 -0.8929
vn -0.0625 -0.5278 -0.8470
vn 0.0027 -0.3284 -0.9445
vn 0.0040 -0.7908 -0.6120
vn -0.0523 -0.7655 -0.6413
vn -0.0022 -0.6946 -0.7194
vn 0.0027 -0.3285 -0.9445
vn 0.0033 0.3983 -0.9172
vn 0.0091 -0.0714 -0.9974
vn 0.0142 0.1515 -0.9884
vn -0.0750 0.0527 -0.9958
vn 0.0033 0.3983 -0.9173
vn 0.0052 0.0304 -0.9995
vn -0.0750 0.0526 -0.9958
vn 0.0142 0.1515 -0.9883
vn -0.0187 0.2722 -0.9621
vn 0.0143 0.1516 -0.9883
vn 0.0103 0.2690 -0.9631
vn -0.0187 0.2723 -0.9620
vn 0.0034 0.3983 -0.9173
vn 0.0036 0.5072 -0.8618
vn -0.0135 0.6294 -0.7769
vn -0.0022 -0.6946 -0.7193
vn 0.0051 -0.2739 -0.9617
vn 0.0051 -0.2739 -0.9618
vn 0.0109 -0.1814 -0.9833
vn 0.0109 -0.1813 -0.9834
vn 0.0011 0.3919 -0.9200
vn 0.0201 0.6242 -0.7810
vn 0.0134 -0.5057 -0.8626
vn 0.0037 0.5072 -0.8618
vn 0.0011 0.3920 -0.9200
vn 0.0034 0.3983 -0.9172
vn 0.0020 -0.6258 -0.7800
vn 0.0020 -0.6257 -0.7800
vn 0.0029 0.1891 -0.9819
vn 0.0064 0.0803 -0.9968
vn 0.0143 0.1515 -0.9884
vn 0.0029 0.1892 -0.9819
vn 0.0142 0.1516 -0.9883
vn -0.0021 0.5371 -0.8435
vn 0.0134 -0.5056 -0.8626
vn -0.0014 -0.4032 -0.9151
vn -0.0014 -0.4031 -0.9151
vn -0.0005 -0.0932 -0.9957
vn 0.0109 -0.1814 -0.9834
vn 0.0029 0.0029 -1.0000
vn -0.0001 -0.2099 -0.9777
vn -0.0005 -0.0932 -0.9956
vn -0.0005 -0.0931 -0.9957
vn 0.0030 0.0029 -1.0000
vn -0.0023 0.2683 -0.9633
vn -0.0023 0.2684 -0.9633
vn 0.0014 -0.3827 -0.9239
vn -0.0074 -0.4963 -0.8681
vn 0.0014 -0.3828 -0.9238
vn 0.0202 0.6242 -0.7810
vn 0.0012 0.6814 -0.7320
vn 0.0069 -0.6708 -0.7416
vn -0.0031 -0.7206 -0.6934
vn -0.0004 0.0945 -0.9955
vn 0.0064 0.0802 -0.9968
vn -0.0179 0.6296 -0.7767
vn 0.0011 0.6814 -0.7319
vn -0.0029 -0.5742 -0.8187
vn -0.0007 -0.2503 -0.9682
vn -0.0008 0.0042 -1.0000
vn 0.0044 0.2146 -0.9767
vn 0.0044 0.2147 -0.9767
vn -0.0015 0.5334 -0.8458
vn -0.0015 0.4304 -0.9026
vn -0.0014 -0.0680 -0.9977
vn 0.0032 0.3151 -0.9490
vn -0.0178 0.6296 -0.7767
vn -0.0000 -0.6824 -0.7310
vn -0.0028 -0.4712 -0.8820
vn -0.0028 -0.5742 -0.8187
vn 0.0004 -0.3609 -0.9326
vn -0.0017 -0.1657 -0.9862
vn 0.0004 -0.3610 -0.9326
vn -0.0028 -0.4711 -0.8820
vn -0.0007 -0.2502 -0.9682
vn -0.0017 -0.1656 -0.9862
vn 0.0032 0.3151 -0.9491
vn 0.0013 0.2761 -0.9611
vn -0.0008 0.6392 -0.7690
vn -0.0014 -0.0078 -1.0000
vn 0.0024 0.0667 -0.9978
vn -0.0017 0.5181 -0.8553
vn -0.0003 0.1587 -0.9873
vn -0.0003 0.1588 -0.9873
vn 0.0033 0.3151 -0.9490
vn 0.0013 -0.4919 -0.8707
vn 0.0009 -0.6973 -0.7168
vn 0.0023 -0.6234 -0.7819
vn 0.0023 -0.6233 -0.7819
vn 0.0023 -0.6233 -0.7820
vn -0.0026 -0.2632 -0.9647
vn 0.0039 -0.2086 -0.9780
vn -0.0004 -0.1111 -0.9938
vn -0.0004 -0.1112 -0.9938
vn -0.0010 -0.7978 -0.6030
vn 0.0013 -0.4918 -0.8707
vn 0.0005 -0.3758 -0.9267
vn -0.0026 -0.2631 -0.9648
vn -0.0016 -0.1656 -0.9862
vn -0.0008 0.0619 -0.9981
vn -0.0000 0.3967 -0.9180
vn -0.0017 0.5180 -0.8554
vn -0.0000 0.3967 -0.9179
vn -0.0015 0.4305 -0.9026
vn 0.0047 0.5262 -0.8503
vn 0.0005 -0.3759 -0.9267
vn -0.0012 0.2965 -0.9550
vn -0.0005 -0.0249 -0.9997
vn -0.0005 -0.0248 -0.9997
vn -0.0070 0.2300 -0.9732
vn -0.0012 0.2964 -0.9551
vn 0.0028 0.6032 -0.7976
vn -0.0015 -0.6861 -0.7275
vn -0.0043 -0.4848 -0.8746
vn -0.0007 -0.2261 -0.9741
vn -0.0026 -0.2632 -0.9648
vn 0.0039 -0.2087 -0.9780
vn 0.0058 -0.5804 -0.8143
vn 0.0003 -0.3513 -0.9363
vn -0.0043 -0.1397 -0.9902
vn 0.0013 0.1349 -0.9909
vn 0.0045 0.4566 -0.8897
vn -0.0012 0.2964 -0.9550
vn 0.0045 0.4566 -0.8896
vn 0.0059 -0.5804 -0.8143
vn -0.0013 0.3434 -0.9392
vn -0.0001 0.0613 -0.9981
vn -0.0008 0.0620 -0.9981
vn -0.0007 -0.4300 -0.9028
vn 0.0003 -0.3513 -0.9362
vn 0.0061 0.2433 -0.9699
vn -0.0047 0.5997 -0.8002
vn -0.0030 -0.6382 -0.7699
vn 0.0016 -0.2646 -0.9644
vn 0.0016 -0.2645 -0.9644
vn -0.0016 0.4787 -0.8780
vn -0.0030 -0.6381 -0.7699
vn 0.0088 -0.7369 -0.6760
vn 0.0011 0.0095 -1.0000
vn 0.0011 0.0096 -1.0000
vn 0.0080 -0.0779 -0.9969
vn 0.0030 -0.5190 -0.8547
vn 0.0030 -0.5190 -0.8548
vn 0.0014 -0.3804 -0.9248
vn -0.0060 -0.1937 -0.9810
vn -0.0061 -0.1937 -0.9810
vn 0.0031 0.1534 -0.9882
vn -0.0008 0.2585 -0.9660
vn -0.0028 -0.5929 -0.8053
vn -0.0060 0.3905 -0.9206
vn -0.0028 -0.5930 -0.8052
vn 0.0005 -0.2654 -0.9642
vn -0.0008 0.2584 -0.9660
vn 0.0031 0.1535 -0.9881
vn -0.0060 0.3904 -0.9206
vn 0.0043 0.5262 -0.8504
vn 0.0005 -0.2653 -0.9642
vn 0.0015 -0.1349 -0.9909
vn 0.0012 0.2919 -0.9565
vn -0.0009 0.6538 -0.7567
vn 0.0043 0.5262 -0.8503
vn 0.0016 -0.1349 -0.9909
vn -0.0010 -0.0129 -0.9999
vn 0.0016 -0.1348 -0.9909
vn -0.0039 0.1016 -0.9948
vn -0.0060 0.2310 -0.9729
vn -0.0038 0.1017 -0.9948
vn -0.0060 0.2311 -0.9729
vn -0.0004 -0.4971 -0.8677
vn -0.0004 -0.4970 -0.8677
vn 0.0005 -0.2654 -0.9641
vn -0.0001 -0.3508 -0.9365
vn 0.0014 -0.3803 -0.9248
vn -0.0038 0.1016 -0.9948
vn -0.0010 -0.0128 -0.9999
vn -0.0016 0.4322 -0.9018
vn -0.0017 0.4322 -0.9018
vn -0.0001 -0.3508 -0.9364
vn 0.0020 -0.2387 -0.9711
vn -0.0002 -0.6169 -0.7870
vn -0.0004 -0.6907 -0.7232
vn -0.0034 -0.7052 -0.7090
vn -0.0003 -0.6169 -0.7871
vn -0.0028 -0.5929 -0.8052
vn -0.0002 -0.6169 -0.7871
vn -0.0022 0.5201 -0.8541
vn 0.0020 -0.2388 -0.9711
vn -0.0080 -0.1075 -0.9942
vn 0.0036 0.1989 -0.9800
vn -0.0039 0.1017 -0.9948
vn 0.0016 0.2816 -0.9595
vn -0.0041 0.6303 -0.7763
vn -0.0079 -0.1075 -0.9942
vn -0.0006 0.0881 -0.9961
vn -0.0006 0.0882 -0.9961
vn 0.0036 0.1990 -0.9800
vn 0.0005 -0.5636 -0.8260
vn -0.0003 -0.6168 -0.7871
vn 0.0027 -0.0106 -0.9999
vn -0.0080 -0.1074 -0.9942
vn 0.0026 0.3920 -0.9199
vn 0.0012 0.2919 -0.9564
vn 0.0026 0.3921 -0.9199
vn 0.0005 -0.5637 -0.8260
vn -0.0004 -0.6906 -0.7232
vn -0.0003 -0.2840 -0.9588
vn -0.0010 0.2278 -0.9737
vn -0.0012 0.5044 -0.8635
vn -0.0041 0.6303 -0.7764
vn 0.0018 -0.4634 -0.8861
vn -0.0002 -0.1699 -0.9855
vn -0.0005 0.0882 -0.9961
vn -0.0014 -0.5983 -0.8013
vn 0.0007 0.4017 -0.9158
vn 0.0012 -0.7170 -0.6971
vn -0.0013 -0.5982 -0.8013
vn -0.0004 -0.3770 -0.9262
vn 0.0017 -0.4634 -0.8861
vn -0.0003 -0.2841 -0.9588
vn -0.0007 -0.0531 -0.9986
vn 0.0041 0.5760 -0.8175
vn -0.0013 -0.5983 -0.8013
vn -0.0028 0.1637 -0.9865
vn -0.0015 0.2857 -0.9583
vn -0.0015 0.2858 -0.9583
vn -0.0017 -0.5118 -0.8591
vn -0.0013 -0.2529 -0.9675
vn -0.0013 -0.2528 -0.9675
vn -0.0024 0.0655 -0.9978
vn -0.0025 0.0655 -0.9978
vn -0.0017 -0.5119 -0.8591
vn 0.0037 -0.6411 -0.7674
vn -0.0004 -0.3771 -0.9262
vn 0.0049 -0.1712 -0.9852
vn -0.0014 -0.2528 -0.9675
vn -0.0006 -0.0531 -0.9986
vn -0.0024 0.0655 -0.9979
vn 0.0022 0.2052 -0.9787
vn -0.0028 0.1638 -0.9865
vn 0.0007 0.4018 -0.9157
vn -0.0011 0.5044 -0.8635
vn 0.0037 -0.6412 -0.7674
vn -0.0186 0.0132 -0.9997
vn -0.0025 0.0655 -0.9979
vn 0.0022 0.2051 -0.9787
vn -0.0001 0.4009 -0.9161
vn -0.0020 -0.3581 -0.9337
vn -0.0051 0.5299 -0.8481
vn 0.0049 -0.1713 -0.9852
vn 0.0013 -0.2345 -0.9721
vn 0.0055 0.0501 -0.9987
vn -0.0186 0.0133 -0.9997
vn 0.0043 0.1394 -0.9902
vn 0.0036 -0.6822 -0.7311
vn 0.0029 -0.4803 -0.8771
vn 0.0054 -0.1262 -0.9920
vn -0.0025 0.2497 -0.9683
vn 0.0044 0.1395 -0.9902
vn -0.0001 0.4008 -0.9161
vn 0.0002 -0.5919 -0.8060
vn 0.0037 -0.6822 -0.7311
vn 0.0021 -0.0270 -0.9996
vn -0.0014 0.6677 -0.7445
vn 0.0036 -0.6823 -0.7311
vn -0.0007 -0.3515 -0.9362
vn -0.0020 -0.3582 -0.9337
vn -0.0007 -0.3514 -0.9362
vn 0.0025 -0.2437 -0.9698
vn -0.0011 0.3087 -0.9512
vn 0.0007 0.4452 -0.8954
vn -0.0052 0.5298 -0.8481
vn -0.0003 -0.6815 -0.7318
vn -0.0021 -0.1638 -0.9865
vn -0.0021 -0.1637 -0.9865
vn -0.0011 0.1766 -0.9843
vn 0.0043 0.1395 -0.9902
vn 0.0103 0.6026 -0.7980
vn -0.0052 0.5299 -0.8481
vn 0.0016 -0.7714 -0.6363
vn -0.0040 -0.4827 -0.8758
vn -0.0040 -0.4826 -0.8758
vn 0.0044 0.1394 -0.9902
vn -0.0011 0.1765 -0.9843
vn 0.0030 0.5291 -0.8486
vn 0.0103 0.6025 -0.7980
vn 0.0030 0.5290 -0.8486
vn -0.0051 0.5298 -0.8481
vn -0.0007 -0.0843 -0.9964
vn -0.0037 0.0792 -0.9969
vn 0.0032 0.2626 -0.9649
vn -0.0014 -0.6678 -0.7444
vn -0.0040 -0.5550 -0.8319
vn 0.0002 -0.5918 -0.8060
vn 0.0028 -0.2550 -0.9669
vn -0.0037 0.0791 -0.9969
vn -0.0032 0.3861 -0.9225
vn 0.0007 0.4452 -0.8955
vn -0.0014 -0.6677 -0.7444
vn -0.0039 -0.5550 -0.8318
vn -0.0020 -0.3875 -0.9219
vn 0.0006 -0.1725 -0.9850
vn -0.0031 0.3861 -0.9224
vn 0.0029 -0.2550 -0.9669
vn 0.0010 -0.0053 -1.0000
vn 0.0010 -0.0052 -1.0000
vn 0.0021 -0.0269 -0.9996
vn -0.0031 0.3860 -0.9225
vn -0.0001 0.6793 -0.7339
vn 0.0045 -0.5085 -0.8611
vn 0.0035 0.1771 -0.9842
vn 0.0035 0.1772 -0.9842
vn 0.0033 0.2626 -0.9649
vn -0.0031 0.2734 -0.9619
vn 0.0032 0.2627 -0.9649
vn 0.0029 -0.6903 -0.7236
vn 0.0029 -0.6902 -0.7236
vn 0.0037 -0.6118 -0.7910
vn -0.0040 -0.5550 -0.8318
vn -0.0046 -0.2629 -0.9648
vn -0.0020 -0.3874 -0.9219
vn -0.0106 0.6174 -0.7866
vn -0.0002 0.6793 -0.7339
vn -0.0017 -0.2035 -0.9791
vn -0.0047 -0.2629 -0.9648
vn 0.0008 -0.0975 -0.9952
vn 0.0007 -0.0975 -0.9952
vn 0.0029 0.0687 -0.9976
vn -0.0026 0.5034 -0.8640
vn -0.0017 -0.2034 -0.9791
vn 0.0005 -0.1725 -0.9850
vn 0.0147 0.3973 -0.9176
vn -0.0031 0.3861 -0.9225
vn -0.0106 0.6173 -0.7866
vn -0.0003 -0.6005 -0.7996
vn 0.0010 -0.0064 -1.0000
vn 0.0029 0.0686 -0.9976
vn 0.0014 0.2090 -0.9779
vn 0.0009 -0.4956 -0.8686
vn 0.0037 -0.3539 -0.9353
vn 0.0037 -0.3538 -0.9353
vn 0.0019 0.1080 -0.9941
vn 0.0008 0.6191 -0.7853
vn 0.0021 -0.7712 -0.6366
vn -0.0109 -0.8114 -0.5843
vn 0.0017 -0.2504 -0.9681
vn 0.0017 -0.2505 -0.9681
vn 0.0010 -0.0063 -1.0000
vn -0.0022 0.4730 -0.8810
vn 0.0148 0.3973 -0.9176
vn 0.0009 0.6191 -0.7853
vn -0.0022 0.4731 -0.8810
vn -0.0034 -0.1634 -0.9866
vn 0.0007 -0.0976 -0.9952
vn 0.0002 -0.0668 -0.9978
vn -0.0029 0.3165 -0.9486
vn 0.0010 -0.6866 -0.7270
vn 0.0010 -0.6866 -0.7271
vn -0.0034 -0.1634 -0.9865
vn -0.0035 0.0114 -0.9999
vn -0.0034 0.0115 -0.9999
vn -0.0073 0.2095 -0.9778
vn -0.0073 0.2096 -0.9778
vn -0.0075 -0.4888 -0.8723
vn -0.0075 -0.4888 -0.8724
vn 0.0009 -0.4955 -0.8686
vn -0.0034 -0.3131 -0.9497
vn -0.0104 0.1105 -0.9938
vn 0.0019 0.1080 -0.9942
vn -0.0028 0.3165 -0.9486
vn -0.0021 0.4730 -0.8811
vn -0.0089 -0.2444 -0.9696
vn -0.0084 -0.0734 -0.9973
vn -0.0104 0.1106 -0.9938
vn -0.0013 0.6147 -0.7887
vn -0.0204 0.3997 -0.9164
vn -0.0038 -0.6995 -0.7146
vn -0.0017 -0.8338 -0.5521
vn -0.0037 -0.6995 -0.7146
vn 0.0020 -0.7712 -0.6366
vn -0.0073 -0.6143 -0.7890
vn -0.0086 -0.1713 -0.9852
vn -0.0059 0.0797 -0.9968
vn -0.0035 0.0115 -0.9999
vn 0.0036 0.1780 -0.9840
vn 0.0096 0.5259 -0.8505
vn -0.0204 0.3998 -0.9164
vn 0.0096 0.5260 -0.8505
vn 0.0121 -0.5016 -0.8650
vn -0.0102 -0.3863 -0.9223
vn -0.0000 -0.2635 -0.9647
vn 0.0051 0.0052 -1.0000
vn -0.0034 0.0114 -0.9999
vn 0.0044 0.2791 -0.9603
vn 0.0071 0.6438 -0.7652
vn 0.0097 0.5259 -0.8505
vn -0.0013 0.6147 -0.7888
vn -0.0102 -0.3864 -0.9223
vn 0.0121 -0.5017 -0.8650
vn -0.0086 -0.1714 -0.9852
vn 0.0239 -0.0727 -0.9971
vn 0.0295 0.0921 -0.9953
vn 0.0015 -0.7012 -0.7129
vn -0.0038 -0.6996 -0.7146
vn 0.0015 -0.7012 -0.7130
vn 0.0687 -0.1885 -0.9797
vn 0.0237 -0.3688 -0.9292
vn 0.0292 0.4099 -0.9117
vn 0.0044 0.2791 -0.9602
vn 0.0292 0.4099 -0.9116
vn 0.0553 -0.7775 -0.6264
vn 0.0718 0.2461 -0.9666
vn 0.0680 -0.6965 -0.7143
vn -0.0072 -0.6143 -0.7890
vn 0.0632 -0.6008 -0.7969
vn -0.0073 -0.6143 -0.7891
vn 0.1185 0.0274 -0.9926
vn 0.0052 0.0052 -1.0000
vn 0.0295 0.0920 -0.9953
vn 0.1179 0.1647 -0.9793
vn 0.1178 0.1648 -0.9793
vn 0.1597 0.3320 -0.9297
vn 0.0719 0.2461 -0.9666
vn 0.0045 0.2791 -0.9602
vn 0.1597 0.3319 -0.9297
vn 0.0547 0.6285 -0.7759
vn 0.0097 0.5260 -0.8505
vn 0.0071 0.6438 -0.7651
vn 0.1510 -0.4468 -0.8818
vn 0.1163 -0.2591 -0.9588
vn 0.0687 -0.1886 -0.9797
vn 0.1974 -0.0889 -0.9763
vn 0.0688 -0.1885 -0.9797
vn 0.1020 0.5031 -0.8582
vn 0.0292 0.4100 -0.9116
vn 0.0097 0.5260 -0.8504
vn 0.2829 -0.5032 -0.8166
vn 0.0122 -0.5016 -0.8650
vn 0.2829 -0.5032 -0.8165
vn 0.1510 -0.4469 -0.8818
vn 0.1164 -0.2591 -0.9588
vn 0.1185 0.0273 -0.9926
vn 0.3360 -0.6172 -0.7115
vn 0.0681 -0.6965 -0.7143
vn 0.3360 -0.6171 -0.7115
vn 0.4445 0.0992 -0.8903
vn 0.3998 0.2169 -0.8906
vn 0.1179 0.1648 -0.9793
vn 0.3998 0.2168 -0.8906
vn 0.3859 0.4263 -0.8181
vn 0.1021 0.5031 -0.8582
vn 0.2918 -0.7542 -0.5883
vn 0.2918 -0.7542 -0.5882
vn 0.5301 -0.3782 -0.7589
vn 0.1511 -0.4468 -0.8818
vn 0.3878 -0.2863 -0.8762
vn 0.1511 -0.4469 -0.8818
vn 0.3742 -0.1686 -0.9119
vn 0.3878 -0.2862 -0.8762
vn 0.0688 -0.1886 -0.9797
vn 0.1974 -0.0890 -0.9763
vn 0.4540 0.0129 -0.8909
vn 0.1186 0.0274 -0.9926
vn 0.3831 0.5499 -0.7422
vn 0.3859 0.4264 -0.8181
vn 0.1020 0.5032 -0.8582
vn 0.6020 -0.5733 -0.5558
vn 0.6214 -0.0572 -0.7814
vn 0.3742 -0.1685 -0.9119
vn 0.1975 -0.0889 -0.9763
vn 0.5545 0.2877 -0.7808
vn 0.7721 0.1422 -0.6193
vn 0.3999 0.2168 -0.8905
vn 0.5545 0.2878 -0.7809
vn 0.5545 0.2877 -0.7809
vn 0.3361 -0.6171 -0.7115
vn 0.7077 -0.4219 -0.5667
vn 0.7077 -0.4219 -0.5668
vn 0.2830 -0.5032 -0.8165
vn 0.6474 -0.1837 -0.7397
vn 0.5302 -0.3782 -0.7589
vn 0.3879 -0.2862 -0.8762
vn 0.8118 -0.0899 -0.5770
vn 0.3743 -0.1686 -0.9119
vn 0.3879 -0.2862 -0.8761
vn 0.8117 -0.0899 -0.5770
vn 0.6215 -0.0572 -0.7814
vn 0.7362 0.0318 -0.6760
vn 0.4541 0.0129 -0.8909
vn 0.7362 0.0319 -0.6761
vn 0.4446 0.0992 -0.8902
vn 0.6929 0.1096 -0.7127
vn 0.7362 0.0319 -0.6760
vn 0.3999 0.2168 -0.8906
vn 0.6954 0.3769 -0.6119
vn 0.3860 0.4263 -0.8181
vn 0.3832 0.5499 -0.7422
vn 0.8071 -0.2889 -0.5150
vn 0.7077 -0.4218 -0.5668
vn 0.6929 0.1096 -0.7126
vn 0.8234 -0.1661 -0.5426
vn -0.4290 0.0286 0.9028
vn -0.7691 0.0118 0.6391
vn -0.6652 -0.0342 0.7458
vn -0.7660 0.0726 0.6388
vn -0.5493 0.1789 0.8163
vn -0.5313 0.2848 0.7979
vn -0.4142 -0.4591 0.7859
vn -0.7116 -0.4584 0.5325
vn -0.4599 -0.3407 0.8200
vn -0.7659 0.0726 0.6388
vn -0.5492 0.1789 0.8163
vn -0.3245 -0.5891 0.7401
vn -0.4419 -0.6623 0.6050
vn -0.7116 -0.4583 0.5325
vn -0.4599 -0.3408 0.8200
vn -0.4142 -0.4592 0.7859
vn -0.1185 -0.4533 0.8835
vn -0.3082 -0.1963 0.9309
vn -0.2332 -0.2418 0.9419
vn -0.6680 -0.1302 0.7327
vn -0.3336 -0.0841 0.9390
vn -0.3081 -0.1963 0.9309
vn -0.6680 -0.1301 0.7327
vn -0.3656 0.1040 0.9250
vn -0.3655 0.1040 0.9250
vn -0.5312 0.2849 0.7979
vn -0.2241 0.4467 0.8662
vn -0.2560 0.5960 0.7611
vn -0.6322 0.5127 0.5808
vn -0.6322 0.5128 0.5808
vn -0.2560 0.5959 0.7611
vn -0.0511 -0.6724 0.7384
vn -0.3244 -0.5891 0.7401
vn -0.0611 -0.5521 0.8315
vn -0.4290 0.0286 0.9029
vn -0.6652 -0.0342 0.7459
vn -0.3336 -0.0840 0.9390
vn -0.1838 0.2137 0.9595
vn -0.5312 0.2848 0.7979
vn -0.1837 0.2137 0.9595
vn -0.0512 -0.6724 0.7384
vn -0.1216 -0.7828 0.6103
vn -0.0611 -0.5522 0.8315
vn -0.0511 -0.6724 0.7385
vn -0.1185 -0.4533 0.8834
vn -0.0711 -0.3378 0.9385
vn -0.1185 -0.4532 0.8835
vn -0.2331 -0.2418 0.9419
vn -0.4598 -0.3408 0.8200
vn -0.0392 -0.2317 0.9720
vn -0.0711 -0.3377 0.9386
vn -0.0836 -0.1433 0.9861
vn -0.3335 -0.0841 0.9390
vn -0.1151 -0.0003 0.9933
vn -0.3335 -0.0840 0.9390
vn -0.0835 -0.1432 0.9862
vn -0.1152 -0.0003 0.9933
vn -0.4289 0.0286 0.9029
vn -0.0729 0.1068 0.9916
vn -0.0729 0.1069 0.9916
vn -0.1373 0.3203 0.9373
vn -0.2240 0.4467 0.8662
vn -0.0442 0.5465 0.8363
vn -0.2559 0.5959 0.7612
vn -0.3721 0.6765 0.6355
vn -0.2559 0.5960 0.7611
vn -0.0641 0.6896 0.7214
vn -0.0802 0.7938 0.6029
vn -0.1215 -0.7828 0.6103
vn -0.0067 -0.4711 0.8821
vn -0.1184 -0.4533 0.8835
vn -0.0835 -0.1433 0.9862
vn -0.1151 -0.0003 0.9934
vn -0.0335 0.2595 0.9651
vn -0.0335 0.2596 0.9651
vn -0.0269 0.4200 0.9071
vn -0.1373 0.3204 0.9373
vn -0.0442 0.5466 0.8362
vn -0.0002 -0.6183 0.7860
vn -0.0201 0.6560 0.7545
vn 0.0038 -0.6869 0.7267
vn -0.0111 -0.0664 0.9977
vn -0.0193 0.1995 0.9797
vn -0.0335 0.2595 0.9652
vn -0.0268 0.4199 0.9072
vn -0.1372 0.3203 0.9373
vn -0.0066 -0.4711 0.8821
vn -0.0002 -0.6182 0.7860
vn -0.0711 -0.3377 0.9385
vn 0.0010 -0.3713 0.9285
vn -0.0043 -0.1628 0.9866
vn -0.0043 -0.1628 0.9867
vn -0.0009 0.0358 0.9994
vn 0.0037 -0.4854 0.8743
vn -0.0010 0.0358 0.9994
vn 0.0016 0.1378 0.9905
vn -0.0268 0.4200 0.9071
vn 0.0014 0.4875 0.8731
vn 0.0005 0.6962 0.7179
vn -0.0640 0.6896 0.7214
vn -0.0040 0.7790 0.6270
vn 0.0019 -0.2088 0.9780
vn 0.0087 0.2535 0.9673
vn 0.0010 0.3248 0.9458
vn 0.0078 0.5852 0.8109
vn -0.0442 0.5466 0.8363
vn 0.0078 0.5852 0.8108
vn 0.0105 -0.0882 0.9960
vn 0.0014 0.4874 0.8732
vn 0.0046 -0.6904 0.7234
vn 0.0046 -0.6905 0.7233
vn 0.0031 -0.4131 0.9107
vn 0.0037 -0.4853 0.8743
vn 0.0033 -0.2644 0.9644
vn 0.0020 -0.2088 0.9780
vn -0.0391 -0.2317 0.9720
vn 0.0005 0.6961 0.7179
vn 0.0043 -0.5927 0.8054
vn -0.0014 0.0188 0.9998
vn -0.0010 0.0357 0.9994
vn 0.0105 -0.0882 0.9961
vn -0.0014 0.0189 0.9998
vn -0.0040 0.7790 0.6269
vn 0.0045 0.7746 0.6325
vn 0.0046 -0.6905 0.7234
vn 0.0027 -0.4993 0.8664
vn 0.0020 -0.2733 0.9619
vn -0.0016 -0.1739 0.9848
vn 0.0033 -0.2643 0.9644
vn 0.0023 0.2518 0.9678
vn 0.0003 0.3359 0.9419
vn 0.0013 0.4874 0.8732
vn 0.0046 0.6062 0.7953
vn 0.0026 -0.4993 0.8664
vn -0.0066 -0.0793 0.9968
vn -0.0012 0.0778 0.9970
vn 0.0045 0.6062 0.7953
vn 0.0013 0.4875 0.8731
vn -0.0010 0.5528 0.8333
vn 0.0023 0.6775 0.7355
vn 0.0045 0.7746 0.6324
vn 0.0025 -0.6066 0.7950
vn 0.0011 0.1751 0.9846
vn 0.0011 0.1751 0.9845
vn -0.0025 0.4375 0.8992
vn -0.0010 0.5529 0.8333
vn 0.0023 0.6775 0.7356
vn -0.0000 0.7730 0.6344
vn 0.0001 -0.4009 0.9161
vn 0.0001 -0.4008 0.9162
vn 0.0027 -0.1990 0.9800
vn -0.0000 -0.1208 0.9927
vn -0.0019 -0.0153 0.9999
vn -0.0037 -0.6893 0.7244
vn -0.0037 -0.6893 0.7245
vn 0.0047 -0.6905 0.7233
vn -0.0016 -0.1738 0.9848
vn 0.0027 -0.2780 0.9606
vn 0.0001 -0.4008 0.9161
vn -0.0019 -0.0154 0.9999
vn -0.0000 -0.1207 0.9927
vn -0.0020 0.2752 0.9614
vn 0.0009 -0.5035 0.8640
vn 0.0018 0.0737 0.9973
vn -0.0002 0.1888 0.9820
vn -0.0054 0.5838 0.8119
vn 0.0023 0.6774 0.7356
vn -0.0000 0.7730 0.6345
vn -0.0060 0.6835 0.7300
vn 0.0010 -0.6231 0.7821
vn 0.0025 -0.6065 0.7950
vn 0.0071 -0.3740 0.9274
vn 0.0009 -0.5034 0.8640
vn 0.0071 -0.3739 0.9274
vn 0.0011 -0.1272 0.9919
vn -0.0054 0.5838 0.8118
vn 0.0024 -0.2253 0.9743
vn 0.0033 0.3659 0.9306
vn 0.0087 0.5039 0.8637
vn 0.0124 0.7766 0.6298
vn 0.0024 -0.0158 0.9999
vn -0.0024 0.5966 0.8026
vn 0.0001 -0.4818 0.8763
vn 0.0024 -0.2254 0.9743
vn -0.0026 -0.1313 0.9913
vn 0.0045 0.1192 0.9929
vn -0.0003 0.1888 0.9820
vn -0.0024 0.5965 0.8026
vn 0.0088 0.5039 0.8637
vn 0.0028 0.2484 0.9686
vn 0.0018 -0.6743 0.7385
vn -0.0024 0.5966 0.8025
vn 0.0046 0.7244 0.6894
vn -0.0060 0.6834 0.7300
vn 0.0124 0.7766 0.6299
vn 0.0045 0.7244 0.6893
vn -0.0002 -0.3691 0.9294
vn -0.0002 -0.3690 0.9294
vn 0.0038 0.3278 0.9447
vn -0.0035 0.4902 0.8716
vn -0.0035 0.4903 0.8716
vn -0.0035 0.4903 0.8715
vn 0.0029 -0.1686 0.9857
vn 0.0031 -0.0691 0.9976
vn -0.0015 0.0622 0.9981
vn 0.0051 0.2084 0.9780
vn 0.0007 0.6096 0.7927
vn 0.0105 -0.5979 0.8015
vn -0.0029 -0.6486 0.7611
vn 0.0001 -0.4819 0.8762
vn 0.0010 -0.6231 0.7822
vn 0.0038 0.3278 0.9448
vn 0.0046 0.7244 0.6893
vn -0.0027 -0.2561 0.9666
vn -0.0015 0.0623 0.9981
vn 0.0010 0.4109 0.9117
vn -0.0004 -0.5074 0.8617
vn 0.0002 -0.3685 0.9296
vn -0.0004 -0.5073 0.8617
vn -0.0027 -0.2561 0.9667
vn 0.0027 0.2802 0.9599
vn 0.0066 0.5203 0.8539
vn -0.0036 0.1795 0.9838
vn 0.0010 0.4108 0.9117
vn 0.0066 0.5204 0.8539
vn -0.0000 0.7050 0.7092
vn 0.0008 0.6097 0.7926
vn 0.0038 -0.2964 0.9551
vn -0.0011 -0.0046 1.0000
vn 0.0030 -0.0691 0.9976
vn 0.0050 -0.4273 0.9041
vn 0.0008 -0.2037 0.9790
vn 0.0027 0.1154 0.9933
vn -0.0011 -0.0045 1.0000
vn 0.0020 0.6126 0.7904
vn 0.0007 0.6097 0.7927
vn 0.0038 -0.2964 0.9550
vn -0.0000 -0.1132 0.9936
vn 0.0008 -0.2036 0.9790
vn 0.0025 0.2161 0.9764
vn -0.0036 0.1795 0.9837
vn 0.0008 0.6096 0.7927
vn -0.0040 -0.6211 0.7837
vn 0.0025 0.2160 0.9764
vn 0.0013 -0.5095 0.8605
vn -0.0018 -0.0182 0.9998
vn -0.0006 0.0937 0.9956
vn 0.0001 0.3349 0.9423
vn 0.0024 0.2161 0.9764
vn 0.0001 0.3349 0.9422
vn 0.0004 0.5041 0.8636
vn 0.0004 0.5042 0.8636
vn -0.0019 -0.3943 0.9190
vn -0.0032 -0.1898 0.9818
vn 0.0045 -0.1186 0.9929
vn 0.0001 0.3350 0.9422
vn 0.0013 0.6970 0.7171
vn 0.0007 0.7853 0.6191
vn 0.0014 0.6970 0.7171
vn -0.0023 0.1724 0.9850
vn -0.0040 -0.6212 0.7837
vn 0.0020 -0.2722 0.9622
vn -0.0032 -0.1899 0.9818
vn 0.0010 0.2621 0.9650
vn 0.0024 0.2160 0.9764
vn -0.0022 0.1724 0.9850
vn -0.0018 0.5978 0.8016
vn 0.0005 -0.6456 0.7636
vn -0.0006 -0.5191 0.8547
vn 0.0005 -0.6456 0.7637
vn -0.0018 -0.3943 0.9190
vn -0.0016 0.3708 0.9287
vn -0.0017 0.5979 0.8016
vn -0.0005 0.7006 0.7135
vn 0.0021 -0.1922 0.9814
vn 0.0021 0.0818 0.9966
vn 0.0021 0.0819 0.9966
vn -0.0002 0.5119 0.8590
vn -0.0005 0.7006 0.7136
vn -0.0033 -0.2985 0.9544
vn -0.0023 -0.1036 0.9946
vn 0.0045 -0.1185 0.9929
vn 0.0021 -0.1922 0.9813
vn 0.0037 -0.0119 0.9999
vn 0.0037 -0.0118 0.9999
vn 0.0004 0.1830 0.9831
vn 0.0004 0.7862 0.6179
vn 0.0008 0.7853 0.6191
vn 0.0005 -0.6457 0.7636
vn -0.0033 -0.6008 0.7994
vn 0.0017 -0.4252 0.9051
vn 0.0017 -0.4251 0.9051
vn -0.0041 -0.1592 0.9872
vn 0.0004 0.4082 0.9129
vn -0.0016 0.5971 0.8021
vn -0.0037 0.5049 0.8632
vn -0.0036 0.5049 0.8632
vn -0.0016 0.5972 0.8021
vn -0.0018 0.5979 0.8016
vn -0.0006 0.2764 0.9610
vn -0.0006 0.2765 0.9610
vn 0.0006 -0.2379 0.9713
vn 0.0010 -0.0728 0.9973
vn -0.0041 -0.1591 0.9872
vn 0.0003 0.0577 0.9983
vn 0.0033 -0.4581 0.8889
vn -0.0007 -0.5191 0.8547
vn 0.0033 -0.4580 0.8889
vn 0.0021 -0.1651 0.9863
vn 0.0022 0.3804 0.9248
vn 0.0022 0.3805 0.9248
vn 0.0009 0.6276 0.7785
vn 0.0015 0.7256 0.6881
vn 0.0015 0.7257 0.6881
vn -0.0017 -0.3490 0.9371
vn -0.0017 -0.3489 0.9372
vn 0.0021 -0.1650 0.9863
vn 0.0022 0.5184 0.8551
vn -0.0035 -0.6959 0.7181
vn -0.0019 0.1684 0.9857
vn 0.0003 0.0578 0.9983
vn -0.0019 0.1685 0.9857
vn -0.0077 -0.4800 0.8772
vn -0.0026 -0.0807 0.9967
vn -0.0085 -0.5811 0.8138
vn -0.0033 -0.6009 0.7993
vn -0.0085 -0.5810 0.8139
vn -0.0026 -0.0806 0.9967
vn 0.0025 -0.3940 0.9191
vn 0.0025 -0.3941 0.9191
vn 0.0063 -0.4817 0.8763
vn 0.0011 -0.2641 0.9645
vn -0.0028 0.0489 0.9988
vn -0.0028 0.0490 0.9988
vn 0.0024 0.2623 0.9650
vn -0.0001 0.5156 0.8568
vn 0.0063 -0.4818 0.8763
vn -0.0085 -0.5810 0.8138
vn 0.0091 0.1575 0.9875
vn -0.0029 0.0489 0.9988
vn -0.0021 0.6589 0.7522
vn 0.0009 0.6276 0.7786
vn -0.0021 0.6590 0.7522
vn 0.0033 0.7757 0.6310
vn 0.0016 0.7256 0.6881
vn -0.0021 0.6590 0.7521
vn 0.0068 -0.6211 0.7837
vn 0.0015 -0.1999 0.9798
vn -0.0007 0.3757 0.9267
vn 0.0017 -0.6873 0.7264
vn -0.0034 -0.6959 0.7181
vn 0.0092 0.1575 0.9875
vn 0.0009 -0.3441 0.9389
vn -0.0004 -0.5927 0.8054
vn -0.0010 -0.1333 0.9911
vn -0.0064 0.2424 0.9701
vn -0.0007 0.3757 0.9268
vn -0.0064 0.2425 0.9701
vn 0.0048 0.5318 0.8469
vn 0.0031 -0.7540 0.6569
vn 0.0030 -0.0328 0.9995
vn -0.0018 0.0823 0.9966
vn 0.0091 0.1574 0.9875
vn -0.0030 0.7561 0.6545
vn 0.0033 0.7757 0.6311
vn -0.0011 -0.6888 0.7249
vn -0.0056 -0.4772 0.8788
vn 0.0018 0.6449 0.7643
vn 0.0018 0.6449 0.7642
vn -0.0107 0.1747 0.9846
vn -0.0065 0.2425 0.9701
vn -0.0019 0.0823 0.9966
vn -0.0060 0.4944 0.8692
vn 0.0019 0.6449 0.7643
vn 0.0048 0.5318 0.8468
vn -0.0020 -0.7619 0.6477
vn -0.0017 -0.2279 0.9737
vn 0.0024 0.2374 0.9714
vn -0.0107 0.1748 0.9845
vn 0.0018 0.3277 0.9448
vn -0.0007 0.3756 0.9268
vn -0.0060 0.4943 0.8692
vn 0.0018 0.3278 0.9448
vn 0.0010 -0.6155 0.7882
vn -0.0003 -0.5927 0.8054
vn 0.0010 -0.6154 0.7882
vn -0.0044 -0.3596 0.9331
vn 0.0020 -0.1089 0.9941
vn -0.0000 -0.0014 1.0000
vn 0.0031 -0.0328 0.9995
vn -0.0001 -0.0014 1.0000
vn 0.0011 0.1149 0.9934
vn -0.0044 -0.3595 0.9331
vn -0.0107 0.1748 0.9846
vn 0.0034 0.4268 0.9043
vn -0.0060 0.4943 0.8693
vn -0.0018 0.5719 0.8203
vn 0.0034 0.4269 0.9043
vn -0.0033 0.7714 0.6363
vn 0.0010 -0.6155 0.7881
vn -0.0053 -0.2728 0.9620
vn -0.0045 -0.1724 0.9850
vn -0.0040 0.1892 0.9819
vn 0.0047 0.2862 0.9582
vn 0.0002 -0.6374 0.7705
vn 0.0010 -0.4978 0.8673
vn 0.0048 0.2862 0.9582
vn 0.0021 0.6744 0.7384
vn 0.0010 -0.4977 0.8673
vn -0.0003 -0.2544 0.9671
vn -0.0052 -0.2728 0.9620
vn -0.0003 -0.2543 0.9671
vn -0.0018 -0.0993 0.9951
vn 0.0020 -0.1088 0.9941
vn 0.0006 0.5464 0.8375
vn -0.0018 0.5720 0.8203
vn 0.0021 0.6743 0.7384
vn -0.0008 -0.7475 0.6642
vn 0.0002 -0.6374 0.7706
vn 0.0033 0.0801 0.9968
vn -0.0006 0.3969 0.9179
vn 0.0006 0.5465 0.8375
vn -0.0022 -0.3809 0.9246
vn 0.0026 -0.1633 0.9866
vn 0.0026 -0.1632 0.9866
vn -0.0041 -0.0253 0.9997
vn 0.0033 0.0800 0.9968
vn -0.0040 0.1891 0.9819
vn -0.0039 0.7649 0.6441
vn -0.0039 -0.5184 0.8551
vn -0.0022 -0.3808 0.9246
vn -0.0022 -0.3808 0.9247
vn 0.0027 0.2723 0.9622
vn 0.0003 0.5127 0.8586
vn 0.0022 -0.6909 0.7229
vn 0.0024 -0.1000 0.9950
vn 0.0018 0.1830 0.9831
vn -0.0035 -0.6072 0.7945
vn -0.0040 -0.5185 0.8551
vn -0.0035 -0.6072 0.7946
vn 0.0047 -0.1919 0.9814
vn -0.0042 0.0233 0.9997
vn -0.0043 0.0234 0.9997
vn -0.0043 0.6369 0.7710
vn -0.0043 0.6369 0.7709
vn 0.0005 0.5465 0.8375
vn -0.0039 0.7650 0.6441
vn 0.0085 -0.2917 0.9565
vn 0.0034 0.0801 0.9968
vn -0.0042 0.0234 0.9997
vn 0.0010 -0.4304 0.9026
vn -0.0040 -0.5184 0.8551
vn 0.0010 -0.4304 0.9027
vn 0.0047 -0.1920 0.9814
vn 0.0085 -0.2916 0.9565
vn -0.0040 0.7649 0.6441
vn -0.0032 0.7059 0.7083
vn 0.0011 -0.4303 0.9027
vn -0.0051 -0.2584 0.9660
vn -0.0092 -0.1243 0.9922
vn -0.0022 0.2853 0.9584
vn -0.0006 0.3969 0.9178
vn -0.0019 0.3978 0.9175
vn 0.0046 0.7931 0.6091
vn -0.0053 0.1047 0.9945
vn -0.0005 0.3969 0.9179
vn -0.0022 0.2854 0.9584
vn -0.0046 0.6066 0.7950
vn -0.0047 0.6066 0.7950
vn -0.0078 0.2174 0.9761
vn 0.0018 0.1831 0.9831
vn -0.0181 -0.5706 0.8210
vn -0.0159 -0.2065 0.9783
vn -0.0044 -0.0252 0.9997
vn -0.0044 -0.0251 0.9997
vn -0.0078 0.2174 0.9760
vn -0.0047 0.6065 0.7950
vn -0.0009 0.5061 0.8625
vn 0.0010 -0.4303 0.9027
vn -0.0122 -0.3418 0.9397
vn -0.0024 0.2885 0.9575
vn -0.0023 0.7201 0.6939
vn -0.0016 0.4193 0.9079
vn -0.0019 0.3979 0.9174
vn -0.0016 0.4193 0.9078
vn -0.0181 -0.5706 0.8211
vn -0.0096 -0.4489 0.8935
vn -0.0122 -0.3417 0.9397
vn -0.0071 -0.1131 0.9936
vn -0.0159 -0.2064 0.9783
vn 0.0087 0.6066 0.7950
vn -0.0000 0.1945 0.9809
vn 0.0143 0.0728 0.9972
vn -0.0000 0.1946 0.9809
vn 0.0018 -0.6129 0.7902
vn -0.0096 -0.4490 0.8935
vn 0.0018 -0.6128 0.7902
vn 0.0342 -0.2477 0.9682
vn 0.0382 -0.0468 0.9982
vn 0.0632 0.5036 0.8616
vn 0.0633 0.5037 0.8616
vn 0.0099 0.7444 0.6676
vn 0.0087 0.6066 0.7949
vn -0.0123 -0.3418 0.9397
vn 0.0281 -0.3669 0.9298
vn 0.0842 -0.1652 0.9827
vn 0.0343 -0.2476 0.9683
vn 0.0143 0.0727 0.9972
vn 0.0381 -0.0468 0.9982
vn 0.0558 0.2738 0.9602
vn 0.0620 0.3709 0.9266
vn -0.0016 0.4192 0.9079
vn 0.1633 -0.6191 0.7681
vn 0.0882 -0.4956 0.8641
vn 0.0881 -0.4955 0.8641
vn 0.0343 -0.2477 0.9682
vn 0.0843 -0.1652 0.9827
vn 0.0869 0.1670 0.9821
vn 0.0632 0.5037 0.8616
vn 0.0960 0.6346 0.7668
vn 0.1633 -0.6191 0.7682
vn 0.0870 0.1671 0.9821
vn 0.3053 -0.4043 0.8622
vn 0.0882 -0.4955 0.8641
vn 0.2126 -0.2414 0.9469
vn 0.0343 -0.2476 0.9682
vn 0.2127 -0.2414 0.9468
vn 0.1687 0.0460 0.9846
vn 0.1401 0.7321 0.6667
vn 0.0960 0.6347 0.7668
vn 0.4183 -0.4959 0.7610
vn 0.1634 -0.6191 0.7682
vn 0.2126 -0.2414 0.9468
vn 0.2629 -0.0489 0.9636
vn 0.0870 0.1670 0.9821
vn 0.0621 0.3709 0.9266
vn 0.3358 0.3134 0.8883
vn 0.4928 -0.6069 0.6236
vn 0.1243 -0.6932 0.7099
vn 0.1634 -0.6191 0.7681
vn 0.3874 -0.1469 0.9101
vn 0.2126 -0.2413 0.9469
vn 0.2628 -0.0489 0.9636
vn 0.0843 -0.1651 0.9827
vn 0.3549 0.1341 0.9252
vn 0.3186 0.2283 0.9200
vn 0.3549 0.1342 0.9252
vn 0.0559 0.2738 0.9602
vn 0.3359 0.3134 0.8883
vn 0.3664 0.4370 0.8215
vn 0.3359 0.3134 0.8882
vn 0.3530 0.5278 0.7725
vn 0.0961 0.6346 0.7668
vn 0.3530 0.5279 0.7725
vn 0.4190 0.6383 0.6458
vn 0.1402 0.7321 0.6667
vn 0.4184 -0.4959 0.7609
vn 0.5930 -0.2514 0.7649
vn 0.3053 -0.4042 0.8622
vn 0.3875 -0.1469 0.9101
vn 0.6654 -0.1659 0.7279
vn 0.6442 -0.0170 0.7647
vn 0.3875 -0.1468 0.9101
vn 0.6130 0.0536 0.7882
vn 0.2629 -0.0488 0.9636
vn 0.3550 0.1341 0.9252
vn 0.3550 0.1342 0.9252
vn 0.6131 0.0536 0.7882
vn 0.6178 0.1546 0.7710
vn 0.6177 0.1546 0.7710
vn 0.3187 0.2283 0.9199
vn 0.3187 0.2283 0.9200
vn 0.5958 0.2115 0.7748
vn 0.3531 0.5278 0.7725
vn 0.7309 0.4473 0.5154
vn 0.4929 -0.6069 0.6236
vn 0.7545 -0.4083 0.5138
vn 0.3054 -0.4043 0.8622
vn 0.7022 -0.3316 0.6300
vn 0.5931 -0.2514 0.7649
vn 0.7022 -0.3315 0.6301
vn 0.6654 -0.1658 0.7279
vn 0.2127 -0.2413 0.9468
vn 0.7385 -0.0656 0.6710
vn 0.6654 -0.1658 0.7278
vn 0.7385 -0.0656 0.6711
vn 0.6640 0.2795 0.6935
vn 0.3360 0.3133 0.8882
vn 0.3665 0.4370 0.8214
vn 0.3360 0.3134 0.8882
vn 0.6640 0.2795 0.6936
vn 0.7083 0.3699 0.6013
vn 0.8197 0.0840 0.5666
vn 0.8003 0.1463 0.5816
vn 0.8002 0.1462 0.5816
vn 0.3665 0.4369 0.8214
vn 0.7083 0.3699 0.6012
vn 0.7022 -0.3316 0.6301
vn 0.7546 -0.4083 0.5138
vn 0.8331 -0.1177 0.5404
vn 0.8002 0.1463 0.5816
vn -0.3692 0.8790 -0.3017
vn -0.7837 0.5561 -0.2769
vn -0.7153 0.6648 -0.2152
vn -0.5231 0.8303 -0.1923
vn -0.5854 0.7790 0.2245
vn -0.3442 0.6471 -0.6802
vn -0.6529 0.4481 -0.6107
vn -0.3528 0.8426 -0.4069
vn -0.7836 0.5561 -0.2769
vn -0.3691 0.8790 -0.3018
vn -0.5230 0.8303 -0.1923
vn -0.3691 0.8790 -0.3017
vn -0.3442 0.6471 -0.6803
vn -0.3403 0.7914 0.5079
vn -0.6099 0.6618 -0.4359
vn -0.3583 0.8431 0.4010
vn -0.6183 0.7124 0.3320
vn -0.3552 0.9308 -0.0864
vn -0.3551 0.9308 -0.0864
vn -0.3925 0.9118 0.1207
vn -0.4867 0.8735 0.0114
vn -0.6379 0.7605 0.1213
vn -0.2744 0.8074 -0.5224
vn -0.4073 0.6966 -0.5907
vn -0.3722 0.6765 0.6354
vn -0.2324 0.9208 0.3133
vn -0.3583 0.8431 0.4009
vn -0.2658 0.9343 0.2374
vn -0.0845 0.9962 -0.0190
vn -0.3551 0.9308 -0.0863
vn -0.4866 0.8735 0.0113
vn -0.1520 0.9864 0.0625
vn -0.3924 0.9118 0.1206
vn -0.0873 0.6607 -0.7455
vn -0.0681 0.7593 -0.6472
vn -0.0873 0.6608 -0.7455
vn -0.3441 0.6472 -0.6803
vn -0.4072 0.6965 -0.5908
vn -0.2743 0.8074 -0.5224
vn -0.0681 0.7593 -0.6471
vn -0.4072 0.6966 -0.5907
vn -0.3402 0.7914 0.5079
vn -0.0539 0.8618 -0.5043
vn -0.3527 0.8426 -0.4069
vn -0.0724 0.8771 0.4748
vn -0.3582 0.8431 0.4010
vn -0.0641 0.9236 0.3780
vn -0.2323 0.9208 0.3133
vn -0.0836 0.9745 -0.2080
vn -0.3691 0.8791 -0.3017
vn -0.5230 0.8304 -0.1923
vn -0.2658 0.9344 0.2373
vn -0.0836 0.9746 -0.2080
vn -0.0582 0.9845 0.1655
vn -0.3924 0.9118 0.1207
vn -0.2657 0.9344 0.2373
vn -0.0477 0.9326 -0.3578
vn -0.0478 0.9326 -0.3578
vn -0.0723 0.8771 0.4748
vn -0.0836 0.9745 -0.2081
vn -0.0414 0.9575 0.2855
vn -0.2657 0.9344 0.2374
vn -0.0582 0.9845 0.1656
vn -0.0802 0.7938 0.6028
vn -0.0723 0.8771 0.4749
vn -0.0142 0.9924 0.1223
vn -0.1519 0.9864 0.0625
vn -0.0035 0.7215 -0.6924
vn -0.0122 0.8616 0.5074
vn -0.0801 0.7938 0.6028
vn 0.0002 0.9772 -0.2124
vn -0.0477 0.9326 -0.3577
vn -0.0835 0.9745 -0.2080
vn -0.0067 0.9946 -0.1031
vn -0.0835 0.9746 -0.2080
vn -0.0141 0.9924 0.1223
vn -0.0845 0.9962 -0.0189
vn 0.0022 0.8309 -0.5564
vn 0.0015 0.9724 0.2334
vn 0.0021 0.9996 0.0279
vn 0.0074 0.6921 -0.7217
vn -0.0040 0.7791 0.6269
vn -0.0073 0.9211 0.3892
vn -0.0005 0.8890 -0.4579
vn 0.0021 0.8309 -0.5564
vn 0.0085 0.9529 -0.3033
vn -0.0640 0.9236 0.3781
vn 0.0002 0.9772 -0.2125
vn 0.0015 0.9724 0.2335
vn -0.0414 0.9575 0.2856
vn -0.0073 0.9212 0.3891
vn 0.0053 0.7525 -0.6585
vn -0.0046 0.8559 0.5172
vn 0.0034 0.9872 0.1595
vn 0.0094 0.8312 -0.5559
vn 0.0150 0.9955 -0.0937
vn -0.0067 0.9946 -0.1032
vn 0.0022 0.8309 -0.5563
vn 0.0051 0.9055 0.4244
vn 0.0058 0.9588 0.2840
vn 0.0113 0.9789 -0.2040
vn 0.0106 0.9538 -0.3002
vn 0.0113 0.9789 -0.2039
vn 0.0094 0.9991 0.0421
vn -0.0046 0.8558 0.5172
vn 0.0135 0.9039 -0.4276
vn -0.0004 0.8890 -0.4579
vn 0.0135 0.9039 -0.4275
vn 0.0051 0.9055 0.4243
vn 0.0108 0.8504 0.5260
vn 0.0109 0.8504 0.5260
vn 0.0106 0.9538 -0.3003
vn 0.0005 0.9852 0.1714
vn 0.0021 0.9996 0.0278
vn 0.0034 0.7678 -0.6407
vn 0.0053 0.7525 -0.6586
vn 0.0094 0.8312 -0.5560
vn 0.0034 0.7678 -0.6406
vn 0.0053 0.7526 -0.6585
vn 0.0044 0.7035 -0.7107
vn 0.0102 0.8466 -0.5321
vn 0.0095 0.9179 0.3968
vn 0.0095 0.9179 0.3967
vn 0.0054 0.9938 -0.1110
vn 0.0077 0.9889 0.1484
vn 0.0095 0.9991 0.0421
vn 0.0153 0.9650 0.2619
vn 0.0153 0.9650 0.2620
vn 0.0077 0.9889 0.1485
vn 0.0006 0.9852 0.1714
vn 0.0034 0.9232 -0.3842
vn 0.0035 0.9233 -0.3842
vn 0.0109 0.9728 -0.2312
vn 0.0031 0.7607 -0.6491
vn 0.0019 0.8588 0.5123
vn 0.0035 0.9232 -0.3842
vn 0.0023 0.9578 0.2875
vn 0.0007 1.0000 0.0051
vn 0.0007 1.0000 0.0052
vn -0.0058 0.8533 -0.5213
vn 0.0033 0.9715 -0.2370
vn 0.0034 0.9233 -0.3842
vn 0.0124 0.7767 0.6298
vn 0.0142 0.9039 0.4276
vn 0.0142 0.9039 0.4275
vn 0.0024 0.9578 0.2874
vn -0.0058 0.8533 -0.5214
vn 0.0006 0.9918 -0.1276
vn 0.0007 0.9918 -0.1276
vn -0.0053 0.9938 0.1109
vn -0.0035 0.9764 0.2161
vn -0.0028 0.7169 -0.6971
vn -0.0008 0.6393 -0.7690
vn 0.0054 0.8454 0.5341
vn -0.0034 0.9764 0.2161
vn 0.0062 1.0000 -0.0065
vn 0.0062 1.0000 -0.0064
vn -0.0073 0.8821 -0.4709
vn -0.0059 0.8533 -0.5214
vn -0.0008 0.8126 -0.5829
vn 0.0046 0.7245 0.6893
vn 0.0054 0.8454 0.5340
vn -0.0019 0.9315 0.3637
vn 0.0028 0.9477 -0.3191
vn -0.0073 0.8822 -0.4709
vn 0.0027 0.9477 -0.3191
vn -0.0034 0.9764 0.2162
vn 0.0055 0.9783 -0.2069
vn 0.0034 0.9953 0.0970
vn -0.0052 0.9938 0.1109
vn -0.0008 0.8126 -0.5828
vn 0.0055 0.9784 -0.2069
vn 0.0003 0.9976 -0.0694
vn -0.0074 0.8058 0.5921
vn 0.0053 0.8454 0.5341
vn 0.0054 0.9654 0.2605
vn -0.0019 0.9315 0.3636
vn -0.0087 0.7816 -0.6237
vn -0.0009 0.8126 -0.5829
vn 0.0004 0.8986 -0.4388
vn 0.0004 0.8986 -0.4387
vn 0.0037 0.9882 0.1530
vn 0.0037 0.9882 0.1531
vn 0.0054 0.9655 0.2605
vn -0.0026 0.6956 -0.7184
vn -0.0028 0.7169 -0.6972
vn -0.0048 0.8813 0.4726
vn -0.0011 0.9609 -0.2769
vn -0.0055 0.9982 0.0603
vn -0.0048 0.8813 0.4725
vn 0.0134 0.9227 0.3852
vn 0.0134 0.9228 0.3851
vn 0.0054 0.9654 0.2606
vn -0.0009 0.9868 -0.1619
vn -0.0054 0.9982 0.0603
vn -0.0002 0.8409 -0.5411
vn 0.0006 0.9981 -0.0610
vn -0.0047 0.5998 -0.8002
vn 0.0008 0.8726 0.4885
vn -0.0057 0.9844 -0.1760
vn 0.0030 0.9959 0.0901
vn 0.0008 0.7685 -0.6398
vn -0.0026 0.6957 -0.7184
vn 0.0021 0.8491 -0.5282
vn -0.0002 0.8409 -0.5412
vn 0.0135 0.9227 0.3852
vn 0.0038 0.7032 -0.7110
vn 0.0038 0.7032 -0.7109
vn 0.0008 0.7686 -0.6398
vn -0.0087 0.7817 -0.6236
vn 0.0011 0.9216 -0.3881
vn 0.0031 0.7752 -0.6318
vn 0.0009 0.7685 -0.6398
vn -0.0011 0.9474 0.3202
vn 0.0014 0.9847 0.1744
vn -0.0016 0.9994 0.0331
vn -0.0009 0.6539 -0.7566
vn 0.0031 0.7752 -0.6317
vn -0.0015 0.9629 -0.2698
vn -0.0015 0.9629 -0.2697
vn -0.0011 0.9474 0.3201
vn -0.0006 0.9945 -0.1044
vn -0.0016 0.9994 0.0332
vn -0.0009 0.6538 -0.7566
vn -0.0011 0.8452 -0.5344
vn -0.0121 0.9037 0.4281
vn -0.0012 0.9474 0.3202
vn 0.0007 0.8726 0.4885
vn 0.0004 0.8601 0.5101
vn -0.0005 0.9571 -0.2897
vn 0.0002 0.9815 -0.1912
vn 0.0002 0.9816 -0.1912
vn -0.0030 0.9741 0.2261
vn 0.0063 0.7507 -0.6606
vn -0.0121 0.9037 0.4280
vn 0.0033 0.9313 0.3643
vn -0.0014 0.9629 -0.2697
vn -0.0014 0.9929 0.1188
vn -0.0013 0.9929 0.1188
vn 0.0004 0.7863 0.6179
vn 0.0004 0.8601 0.5100
vn 0.0063 0.7508 -0.6605
vn 0.0033 0.9313 0.3642
vn -0.0016 0.9951 -0.0985
vn -0.0011 0.9067 -0.4219
vn -0.0005 0.9571 -0.2898
vn -0.0011 0.9067 -0.4218
vn -0.0028 0.9820 -0.1887
vn -0.0016 0.9951 -0.0984
vn 0.0004 0.8602 0.5100
vn -0.0028 1.0000 0.0040
vn -0.0016 0.9995 0.0331
vn -0.0027 1.0000 0.0041
vn -0.0035 0.8163 -0.5776
vn -0.0011 0.9066 -0.4219
vn -0.0041 0.9459 -0.3244
vn -0.0012 0.7194 -0.6946
vn -0.0012 0.7195 -0.6945
vn -0.0028 0.9960 -0.0896
vn -0.0038 0.9921 0.1252
vn -0.0028 1.0000 0.0041
vn -0.0037 0.9921 0.1252
vn 0.0009 0.8347 0.5507
vn -0.0037 0.9053 0.4247
vn 0.0095 0.8956 -0.4448
vn -0.0041 0.9459 -0.3245
vn -0.0016 0.9672 -0.2541
vn 0.0024 0.9545 0.2981
vn 0.0024 0.9993 0.0375
vn 0.0024 0.9993 0.0376
vn -0.0151 0.7683 -0.6399
vn -0.0012 0.7194 -0.6945
vn 0.0016 0.7257 0.6880
vn 0.0005 0.8482 -0.5296
vn -0.0037 0.9054 0.4246
vn 0.0024 0.9545 0.2982
vn 0.0059 0.9884 -0.1515
vn -0.0003 0.9852 0.1713
vn 0.0041 0.5760 -0.8174
vn 0.0005 0.8483 -0.5296
vn -0.0029 0.9741 0.2261
vn -0.0039 0.9958 -0.0910
vn -0.0000 0.6985 -0.7156
vn 0.0022 0.9361 -0.3517
vn -0.0007 0.9762 -0.2167
vn 0.0058 0.7956 -0.6057
vn 0.0023 0.9361 -0.3518
vn 0.0036 0.8733 -0.4871
vn 0.0036 0.8733 -0.4872
vn 0.0094 0.8956 -0.4448
vn -0.0033 0.8576 0.5143
vn -0.0037 0.9543 0.2988
vn -0.0007 0.9763 -0.2166
vn -0.0035 0.9970 0.0775
vn -0.0037 0.9543 0.2987
vn -0.0039 0.9959 -0.0909
vn 0.0033 0.7758 0.6310
vn 0.0015 0.7257 0.6880
vn 0.0058 0.7957 -0.6057
vn -0.0026 0.9172 0.3984
vn -0.0033 0.8576 0.5142
vn -0.0026 0.9172 0.3983
vn -0.0035 0.9828 0.1846
vn -0.0000 0.9997 -0.0265
vn -0.0027 0.7156 -0.6985
vn -0.0063 0.9101 -0.4144
vn 0.0022 0.9361 -0.3518
vn 0.0025 0.7636 -0.6457
vn -0.0027 0.7156 -0.6986
vn 0.0044 0.8466 -0.5323
vn 0.0026 0.7637 -0.6456
vn 0.0044 0.8466 -0.5322
vn 0.0010 0.8447 0.5353
vn 0.0001 0.9609 -0.2771
vn 0.0023 0.9361 -0.3517
vn 0.0027 0.9542 0.2993
vn 0.0027 0.9541 0.2993
vn 0.0001 0.9609 -0.2770
vn -0.0063 0.9101 -0.4143
vn -0.0006 0.9887 -0.1499
vn 0.0026 0.7636 -0.6457
vn -0.0027 0.7155 -0.6986
vn -0.0000 0.9996 -0.0265
vn -0.0000 0.9997 -0.0264
vn 0.0085 0.9950 0.0991
vn -0.0030 0.7561 0.6544
vn 0.0010 0.8446 0.5353
vn 0.0030 0.9993 -0.0370
vn -0.0035 0.9828 0.1845
vn 0.0059 0.9097 -0.4152
vn 0.0059 0.9098 -0.4151
vn 0.0033 0.9724 0.2334
vn -0.0073 0.8516 -0.5241
vn 0.0025 0.7637 -0.6456
vn -0.0078 0.8374 0.5465
vn 0.0021 0.9248 0.3805
vn 0.0021 0.9248 0.3804
vn -0.0049 0.9919 0.1271
vn 0.0030 0.9993 -0.0369
vn 0.0085 0.9950 0.0990
vn -0.0002 0.6793 -0.7338
vn -0.0063 0.7677 -0.6407
vn 0.0059 0.9097 -0.4151
vn -0.0006 0.9803 -0.1976
vn -0.0006 0.9887 -0.1500
vn -0.0005 0.9803 -0.1976
vn -0.0063 0.7678 -0.6407
vn -0.0037 0.9415 -0.3370
vn -0.0005 0.9803 -0.1977
vn 0.0002 0.9609 -0.2770
vn -0.0049 0.9919 0.1272
vn -0.0037 0.9415 -0.3371
vn -0.0072 0.8516 -0.5241
vn -0.0079 0.9526 0.3042
vn -0.0012 0.8453 -0.5343
vn -0.0025 0.8758 0.4826
vn -0.0030 0.9711 -0.2386
vn -0.0062 0.9998 0.0200
vn 0.0024 0.7077 -0.7065
vn -0.0119 0.9006 -0.4344
vn -0.0119 0.9007 -0.4344
vn -0.0038 0.9415 -0.3370
vn -0.0025 0.8759 0.4825
vn -0.0079 0.9526 0.3043
vn -0.0029 0.9935 -0.1135
vn -0.0024 0.9550 -0.2967
vn -0.0030 0.9711 -0.2385
vn -0.0062 0.9998 0.0199
vn -0.0027 0.9936 0.1129
vn -0.0124 0.9820 0.1883
vn -0.0027 0.7915 -0.6112
vn -0.0012 0.8453 -0.5342
vn 0.0021 0.9807 -0.1956
vn -0.0027 0.7914 -0.6112
vn -0.0039 0.7650 0.6440
vn -0.0184 0.9202 0.3910
vn -0.0025 0.8759 0.4826
vn -0.0024 0.9950 -0.1002
vn 0.0021 0.9807 -0.1955
vn -0.0184 0.9202 0.3911
vn -0.0149 0.8554 0.5177
vn 0.0014 0.9087 -0.4174
vn -0.0119 0.9007 -0.4343
vn 0.0009 0.6192 -0.7853
vn -0.0149 0.8554 0.5178
vn -0.0056 0.9612 -0.2757
vn -0.0039 0.9649 0.2627
vn -0.0039 0.9649 0.2628
vn -0.0049 0.9918 0.1281
vn -0.0027 0.9936 0.1128
vn -0.0049 0.9917 0.1281
vn -0.0041 0.8573 -0.5147
vn -0.0041 0.8574 -0.5147
vn 0.0013 0.9087 -0.4174
vn -0.0028 1.0000 -0.0027
vn -0.0008 0.7719 -0.6358
vn -0.0008 0.7719 -0.6357
vn -0.0081 0.9864 -0.1643
vn -0.0012 0.7016 -0.7126
vn 0.0008 0.6192 -0.7853
vn -0.0012 0.7016 -0.7125
vn 0.0024 0.7078 -0.7065
vn 0.0046 0.7931 0.6090
vn -0.0100 0.9163 -0.4004
vn -0.0092 0.9501 0.3119
vn -0.0081 0.9864 -0.1642
vn -0.0110 0.8570 -0.5152
vn -0.0083 0.8878 0.4601
vn -0.0089 0.9782 0.2076
vn -0.0008 0.9962 0.0866
vn -0.0013 0.6148 -0.7887
vn -0.0091 0.9639 -0.2662
vn -0.0116 0.9504 0.3107
vn -0.0089 0.9782 0.2077
vn -0.0041 0.9992 -0.0389
vn -0.0008 0.9963 0.0865
vn -0.0033 0.7126 -0.7015
vn -0.0006 0.8213 0.5706
vn -0.0028 0.9138 -0.4062
vn -0.0092 0.9501 0.3118
vn -0.0088 0.9880 -0.1541
vn -0.0052 0.9950 0.0996
vn -0.0008 0.9962 0.0865
vn -0.0052 0.9950 0.0995
vn -0.0054 0.7904 -0.6126
vn -0.0054 0.7904 -0.6125
vn -0.0100 0.9163 -0.4005
vn -0.0028 0.9137 -0.4063
vn -0.0005 0.8212 0.5706
vn 0.0307 0.8680 -0.4956
vn 0.0091 0.9147 0.4041
vn -0.0115 0.9504 0.3107
vn -0.0083 0.8879 0.4600
vn 0.0027 0.9705 0.2410
vn 0.0067 0.9986 -0.0517
vn 0.0394 0.9392 -0.3410
vn 0.0091 0.9146 0.4042
vn -0.0005 0.8213 0.5706
vn 0.0003 0.7106 -0.7036
vn -0.0006 0.8212 0.5706
vn -0.0024 0.7201 0.6939
vn 0.0056 0.8404 0.5419
vn 0.0391 0.9778 -0.2058
vn 0.0390 0.9778 -0.2058
vn 0.0004 0.7106 -0.7036
vn 0.0056 0.8404 0.5420
vn 0.0554 0.7783 -0.6254
vn 0.0494 0.9854 0.1629
vn 0.0639 0.9973 0.0353
vn 0.1073 0.8864 0.4503
vn 0.0965 0.9446 0.3136
vn 0.1359 0.9833 -0.1211
vn 0.0640 0.9973 0.0353
vn 0.1402 0.7321 0.6666
vn 0.0850 0.8113 0.5783
vn 0.0850 0.8114 0.5783
vn 0.1817 0.8932 -0.4113
vn 0.1358 0.9833 -0.1211
vn 0.0494 0.9854 0.1628
vn 0.0640 0.9973 0.0354
vn 0.1576 0.6825 -0.7137
vn 0.2142 0.8285 -0.5175
vn 0.2822 0.7364 -0.6148
vn 0.1073 0.8864 0.4504
vn 0.4193 0.8324 0.3623
vn 0.2325 0.9413 -0.2446
vn 0.1970 0.9547 0.2231
vn 0.2822 0.7364 -0.6149
vn 0.0554 0.7783 -0.6255
vn 0.4119 0.7567 0.5077
vn 0.0851 0.8114 0.5783
vn 0.2325 0.9413 -0.2447
vn 0.1359 0.9833 -0.1212
vn 0.3388 0.9407 -0.0166
vn 0.5266 0.5998 -0.6024
vn 0.1074 0.8864 0.4503
vn 0.4934 0.8386 0.2309
vn 0.0966 0.9446 0.3136
vn 0.1971 0.9546 0.2232
vn 0.4530 0.8815 -0.1333
vn 0.3907 0.9117 0.1276
vn 0.3907 0.9116 0.1276
vn 0.1971 0.9547 0.2231
vn 0.2823 0.7364 -0.6149
vn 0.6408 0.6200 -0.4528
vn 0.2142 0.8285 -0.5174
vn 0.5931 0.7143 -0.3716
vn 0.2143 0.8285 -0.5174
vn 0.7297 0.5997 0.3284
vn 0.4194 0.8324 0.3623
vn 0.4120 0.7567 0.5076
vn 0.5913 0.7600 -0.2698
vn 0.5931 0.7143 -0.3715
vn 0.1818 0.8932 -0.4113
vn 0.2326 0.9413 -0.2446
vn 0.5854 0.7906 -0.1798
vn 0.2326 0.9413 -0.2447
vn 0.4531 0.8814 -0.1334
vn 0.3907 0.9116 0.1277
vn 0.1971 0.9546 0.2231
vn 0.3389 0.9407 -0.0166
vn 0.6792 0.7339 -0.0059
vn 0.4531 0.8814 -0.1333
vn 0.4531 0.8815 -0.1333
vn 0.6826 0.7267 0.0771
vn 0.7374 0.5127 0.4398
vn 0.7338 0.6382 0.2331
vn 0.5913 0.7600 -0.2697
vn 0.6793 0.7339 -0.0059
vn 0.7940 0.5988 0.1048
vn 0.6826 0.7267 0.0772
vn 0.3908 0.9116 0.1276
vn 0.7939 0.5989 0.1048
vn 0.4935 0.8386 0.2309
vn 0.7298 0.5996 0.3284
vn 0.4120 0.7567 0.5077
vn 0.7338 0.6381 0.2331
vn 0.8161 0.5534 -0.1668
vn 0.5854 0.7905 -0.1798
vn 0.7794 0.6219 -0.0761
vn 0.5854 0.7906 -0.1797
vn 0.7338 0.6381 0.2330
vn 0.7940 0.5989 0.1048
vn 0.6021 -0.5733 -0.5557
vn 0.7486 0.4529 -0.4843
vn 0.3832 0.5499 -0.7421
vn 0.5267 0.5998 -0.6024
vn 0.8470 0.4755 -0.2377
vn 0.6408 0.6200 -0.4527
vn 0.5932 0.7142 -0.3715
vn 0.8293 -0.5488 -0.1053
vn 0.8143 -0.4227 -0.3979
vn 0.7495 -0.5543 -0.3620
vn 0.6021 -0.5733 -0.5558
vn 0.8297 -0.4071 0.3820
vn 0.8143 -0.4226 -0.3979
vn 0.7546 -0.4083 0.5137
vn 0.8297 -0.4071 0.3819
vn 0.8682 -0.0412 -0.4945
vn 0.6215 -0.0572 -0.7813
vn 0.8400 0.0142 0.5425
vn 0.6442 -0.0170 0.7646
vn 0.8400 0.0143 0.5425
vn 0.8732 0.1702 -0.4567
vn 0.7721 0.1423 -0.6193
vn 0.5545 0.2878 -0.7808
vn 0.6954 0.3769 -0.6118
vn 0.8686 0.3911 -0.3043
vn 0.9189 -0.3890 0.0656
vn 0.6944 -0.7189 0.0325
vn 0.8824 -0.4696 -0.0294
vn 0.5958 -0.7851 -0.1696
vn 0.9685 -0.2460 -0.0391
vn 0.7267 -0.6811 -0.0894
vn 0.8293 -0.5488 -0.1052
vn 0.8808 -0.4618 0.1046
vn 0.9458 -0.3099 -0.0969
vn 0.7699 -0.6000 -0.2172
vn 0.9336 -0.3294 0.1410
vn 0.7509 -0.6299 0.1984
vn 0.8808 -0.4617 0.1046
vn 0.8808 -0.4618 0.1045
vn 0.8997 -0.3778 -0.2186
vn 0.7699 -0.6000 -0.2173
vn 0.7725 -0.5702 0.2796
vn 0.9566 -0.2434 0.1602
vn 0.9336 -0.3294 0.1411
vn 0.9566 -0.2434 0.1603
vn 0.9401 -0.2450 -0.2369
vn 0.7496 -0.5543 -0.3619
vn 0.8143 -0.4226 -0.3978
vn 0.8997 -0.3778 -0.2187
vn 0.9401 -0.2450 -0.2370
vn 0.7328 -0.5478 0.4037
vn 0.7078 -0.4218 -0.5667
vn 0.7546 -0.4082 0.5137
vn 0.8297 -0.4070 0.3819
vn 0.9781 -0.1369 0.1570
vn 0.9472 -0.1966 -0.2532
vn 0.7077 -0.4218 -0.5667
vn 0.8071 -0.2889 -0.5149
vn 0.9475 -0.1796 0.2646
vn 0.7023 -0.3315 0.6300
vn 0.9475 -0.1796 0.2647
vn 0.9640 -0.1093 -0.2424
vn 0.9472 -0.1965 -0.2533
vn 0.8071 -0.2888 -0.5149
vn 0.9640 -0.1092 -0.2424
vn 0.8424 -0.1494 0.5177
vn 0.9503 -0.0631 -0.3048
vn 0.8235 -0.1661 -0.5425
vn 0.5931 -0.2514 0.7648
vn 0.8424 -0.1493 0.5177
vn 0.9479 -0.0715 0.3104
vn 0.9503 -0.0630 -0.3048
vn 0.8234 -0.1661 -0.5425
vn 0.9848 -0.0347 -0.1701
vn 0.8332 -0.1177 0.5404
vn 0.6655 -0.1658 0.7278
vn 0.9479 -0.0716 0.3103
vn 0.8332 -0.1177 0.5403
vn 0.9311 -0.0276 0.3638
vn 0.8400 0.0143 0.5424
vn 0.9310 -0.0276 0.3639
vn 0.9209 0.0156 -0.3895
vn 0.8682 -0.0412 -0.4944
vn 0.8776 0.0759 -0.4734
vn 0.8197 0.0840 0.5665
vn 0.8400 0.0142 0.5424
vn 0.9702 0.0466 0.2378
vn 0.8776 0.0760 -0.4734
vn 0.7722 0.1422 -0.6193
vn 0.9489 0.0670 -0.3085
vn 0.9754 0.0527 0.2141
vn 0.8003 0.1462 0.5815
vn 0.8732 0.1702 -0.4566
vn 0.9754 0.0526 0.2141
vn 0.9099 0.1618 0.3819
vn 0.8003 0.1463 0.5815
vn 0.9023 0.2299 0.3647
vn 0.9220 0.2194 -0.3191
vn 0.9936 0.0631 -0.0933
vn 0.8732 0.1701 -0.4566
vn 0.9219 0.2194 -0.3192
vn 0.7486 0.4528 -0.4842
vn 0.6955 0.3769 -0.6118
vn 0.9689 0.1710 -0.1789
vn 0.7486 0.4529 -0.4842
vn 0.7310 0.4473 0.5154
vn 0.9205 0.2673 0.2850
vn 0.8686 0.3910 -0.3043
vn 0.9689 0.1710 -0.1790
vn 0.7374 0.5126 0.4397
vn 0.9205 0.2674 0.2850
vn 0.9437 0.2552 0.2103
vn 0.7374 0.5127 0.4397
vn 0.9731 0.1919 -0.1275
vn 0.9689 0.1711 -0.1789
vn 0.8470 0.4754 -0.2377
vn 0.8997 0.3876 0.2008
vn 0.8161 0.5533 -0.1667
vn 0.9322 0.3443 -0.1117
vn 0.8997 0.3877 0.2008
vn 0.9479 0.3066 0.0864
vn 0.8996 0.3877 0.2008
vn 0.9316 0.3590 -0.0572
vn 0.9322 0.3442 -0.1117
vn 0.9479 0.3066 0.0863
vn 0.7795 0.6218 -0.0761
vn 0.7794 0.6218 -0.0761
vn 0.8161 0.5534 -0.1667
vn 0.5854 0.7905 -0.1797
vn 0.8786 0.4772 0.0196
vn 0.8785 0.4773 0.0196
vn 0.6793 0.7338 -0.0059
vn 0.6827 0.7266 0.0771
vn 0.8785 0.4773 0.0197
vn 0.9878 -0.1540 0.0230
vn 0.8824 -0.4695 -0.0294
vn 0.9189 -0.3889 0.0656
vn 0.9878 -0.1540 0.0231
vn 0.9999 0.0137 -0.0063
vn 0.9865 -0.1633 0.0152
vn 0.8809 -0.4617 0.1045
vn 0.9865 -0.1633 0.0151
vn 0.9190 -0.3889 0.0656
vn 0.9459 -0.3098 -0.0969
vn 1.0000 -0.0007 0.0018
vn 0.9685 -0.2459 -0.0391
vn 0.9990 0.0450 0.0037
vn 0.9990 0.0451 0.0037
vn 0.9336 -0.3293 0.1410
vn 0.9864 -0.1634 0.0152
vn 0.9965 -0.0738 -0.0400
vn 0.9459 -0.3098 -0.0968
vn 0.9959 0.0901 -0.0011
vn 1.0000 -0.0036 0.0056
vn 0.9566 -0.2433 0.1602
vn 0.9956 0.0913 0.0187
vn 0.9965 -0.0737 -0.0400
vn 0.9967 0.0720 0.0385
vn 0.9974 0.0719 -0.0004
vn 0.9974 0.0720 -0.0004
vn 0.9999 0.0138 -0.0063
vn 0.9980 0.0616 -0.0133
vn 0.9968 0.0708 -0.0379
vn 0.9997 0.0196 -0.0148
vn 0.9566 -0.2433 0.1603
vn 0.9965 -0.0738 -0.0401
vn 0.9401 -0.2449 -0.2369
vn 0.9998 0.0137 0.0111
vn 0.9998 0.0137 0.0112
vn 0.9997 0.0196 -0.0149
vn 0.9781 -0.1368 0.1570
vn 0.9990 0.0439 0.0068
vn 0.9473 -0.1965 -0.2532
vn 0.9982 0.0532 0.0288
vn 0.9991 0.0364 -0.0201
vn 0.9968 0.0708 -0.0380
vn 0.9981 0.0397 0.0469
vn 0.9973 0.0503 -0.0531
vn 0.9996 0.0087 -0.0255
vn 0.9781 -0.1368 0.1569
vn 0.9997 0.0195 -0.0148
vn 0.9995 -0.0217 -0.0237
vn 0.9472 -0.1965 -0.2532
vn 0.9996 0.0273 -0.0017
vn 0.9990 0.0438 0.0067
vn 0.9640 -0.1092 -0.2423
vn 0.9970 0.0305 0.0714
vn 0.9998 0.0125 0.0181
vn 0.9990 0.0438 0.0068
vn 0.9980 0.0615 -0.0133
vn 0.9996 0.0274 -0.0017
vn 0.9982 0.0531 0.0288
vn 0.9996 0.0273 -0.0016
vn 0.9996 0.0129 -0.0262
vn 0.9923 -0.0433 0.1159
vn 0.9996 0.0086 -0.0255
vn 0.8425 -0.1494 0.5176
vn 0.9923 -0.0433 0.1160
vn 0.9999 0.0079 -0.0124
vn 0.9997 0.0063 0.0237
vn 0.9977 0.0264 -0.0630
vn 0.9994 0.0138 -0.0333
vn 0.9504 -0.0630 -0.3047
vn 0.9983 0.0164 0.0554
vn 0.9977 0.0263 -0.0630
vn 1.0000 0.0028 0.0011
vn 0.9998 0.0037 0.0220
vn 0.9480 -0.0716 0.3103
vn 0.9994 0.0138 -0.0332
vn 0.9997 0.0063 0.0238
vn 0.9977 0.0055 0.0679
vn 1.0000 -0.0009 0.0094
vn 1.0000 -0.0004 -0.0083
vn 0.9998 0.0024 -0.0174
vn 0.9993 0.0065 -0.0363
vn 0.9998 0.0024 -0.0173
vn 0.9973 0.0153 -0.0723
vn 0.9977 0.0054 0.0679
vn 0.9848 -0.0347 -0.1700
vn 1.0000 -0.0008 0.0094
vn 0.9981 0.0071 -0.0606
vn 0.9993 0.0138 -0.0333
vn 0.9961 -0.0068 0.0884
vn 0.9985 0.0015 0.0541
vn 0.9998 0.0023 -0.0173
vn 0.9981 0.0071 -0.0605
vn 0.9961 -0.0068 0.0885
vn 0.9971 -0.0004 -0.0759
vn 0.9985 0.0013 0.0540
vn 0.9999 -0.0007 0.0109
vn 0.9998 0.0036 0.0220
vn 1.0000 -0.0008 0.0004
vn 1.0000 -0.0008 0.0003
vn 0.9983 -0.0133 0.0576
vn 0.9996 -0.0003 0.0287
vn 0.9996 0.0003 -0.0274
vn 0.9986 -0.0050 -0.0520
vn 0.9996 -0.0087 -0.0278
vn 0.9996 -0.0087 -0.0277
vn 0.9902 -0.0111 -0.1395
vn 0.8683 -0.0412 -0.4944
vn 0.9983 -0.0132 0.0576
vn 0.9972 -0.0057 0.0740
vn 0.9999 0.0012 -0.0111
vn 1.0000 -0.0004 -0.0084
vn 0.9972 -0.0084 -0.0739
vn 0.9971 -0.0003 -0.0759
vn 0.9311 -0.0275 0.3638
vn 0.9881 0.0039 0.1537
vn 0.9996 -0.0088 -0.0277
vn 0.9881 0.0039 0.1538
vn 0.9902 -0.0111 -0.1396
vn 0.9983 0.0023 0.0583
vn 0.9960 0.0170 -0.0882
vn 1.0000 0.0025 0.0054
vn 0.9972 -0.0084 -0.0738
vn 0.9986 -0.0050 -0.0519
vn 0.9960 0.0169 -0.0881
vn 0.9999 0.0061 0.0094
vn 1.0000 0.0024 0.0055
vn 1.0000 0.0072 -0.0022
vn 0.9998 0.0036 -0.0178
vn 0.9990 -0.0006 -0.0456
vn 0.9999 0.0074 -0.0147
vn 0.9960 0.0169 -0.0882
vn 0.8776 0.0759 -0.4733
vn 0.9974 -0.0142 0.0711
vn 0.9974 -0.0142 0.0712
vn 0.9983 0.0022 0.0583
vn 0.9981 -0.0077 0.0612
vn 0.9994 -0.0038 0.0330
vn 0.9998 0.0037 -0.0179
vn 0.9998 0.0036 -0.0179
vn 0.9702 0.0466 0.2377
vn 0.9999 0.0075 -0.0147
vn 0.9998 0.0017 -0.0177
vn 0.9990 -0.0129 -0.0421
vn 0.9998 -0.0036 0.0187
vn 0.9999 0.0062 0.0094
vn 1.0000 -0.0059 0.0048
vn 0.9969 -0.0172 -0.0767
vn 0.9489 0.0670 -0.3084
vn 0.9996 -0.0052 0.0273
vn 0.9969 -0.0253 0.0739
vn 1.0000 -0.0047 -0.0087
vn 0.9999 0.0062 0.0093
vn 0.9998 0.0017 -0.0178
vn 0.9995 -0.0152 -0.0290
vn 0.9754 0.0526 0.2140
vn 0.9999 0.0074 -0.0146
vn 0.9773 0.0760 -0.1977
vn 0.9981 -0.0285 0.0541
vn 0.9981 -0.0285 0.0540
vn 0.9990 -0.0318 -0.0327
vn 0.9971 -0.0314 -0.0692
vn 0.9990 -0.0130 -0.0421
vn 0.9969 -0.0173 -0.0767
vn 0.9981 -0.0280 0.0556
vn 0.9989 -0.0379 0.0274
vn 0.9989 -0.0380 0.0274
vn 0.9915 0.0403 0.1237
vn 0.9936 0.0630 -0.0932
vn 0.9773 0.0761 -0.1977
vn 0.9990 -0.0318 -0.0326
vn 0.9995 -0.0312 -0.0084
vn 0.9773 0.0761 -0.1978
vn 0.8733 0.1701 -0.4566
vn 0.9968 -0.0547 0.0579
vn 0.9100 0.1618 0.3818
vn 0.9988 -0.0490 0.0070
vn 0.9999 0.0032 -0.0115
vn 0.9915 0.0403 0.1236
vn 0.9999 0.0032 -0.0114
vn 1.0000 -0.0066 0.0055
vn 0.9936 0.0630 -0.0933
vn 0.9975 -0.0485 -0.0507
vn 0.9100 0.1618 0.3819
vn 0.9973 -0.0710 -0.0190
vn 0.9976 -0.0617 -0.0301
vn 0.9975 -0.0485 -0.0506
vn 0.9826 0.1060 0.1528
vn 0.9968 -0.0721 0.0344
vn 1.0000 -0.0013 0.0056
vn 0.9971 -0.0578 -0.0498
vn 0.9205 0.2673 0.2849
vn 0.9999 0.0033 -0.0114
vn 1.0000 -0.0012 0.0055
vn 1.0000 -0.0066 0.0054
vn 0.9988 -0.0384 0.0302
vn 1.0000 -0.0013 0.0055
vn 0.9968 -0.0721 0.0343
vn 0.9973 -0.0711 -0.0190
vn 0.9988 -0.0491 0.0070
vn 0.9959 -0.0903 -0.0005
vn 0.9438 0.2552 0.2103
vn 1.0000 -0.0012 0.0056
vn 0.9980 -0.0631 -0.0066
vn 0.9976 -0.0618 -0.0301
vn 0.9997 -0.0241 -0.0013
vn 0.9986 0.0455 0.0256
vn 0.9990 -0.0417 0.0173
vn 0.9981 -0.0608 0.0050
vn 0.9959 -0.0903 -0.0004
vn 0.9986 0.0456 0.0257
vn 0.9846 0.1588 -0.0734
vn 0.9990 -0.0417 0.0172
vn 0.9846 0.1589 -0.0735
vn 0.9884 0.1489 -0.0313
vn 0.9990 -0.0416 0.0172
vn 0.9846 0.1589 -0.0734
vn 0.9883 0.1490 -0.0314
vn 0.9900 0.1406 -0.0085
vn 0.9794 0.1996 0.0306
vn 0.9794 0.1997 0.0306
vn 0.9997 -0.0240 -0.0013
vn 0.9479 0.3065 0.0863
vn 0.9883 0.1490 -0.0313
vn 0.9900 0.1407 -0.0085
vn 0.9479 0.3065 0.0864
vn 0.8786 0.4772 0.0197
vn 0.7940 0.5988 0.1047
vn -0.9550 -0.2050 -0.2146
vn -0.9889 -0.1475 0.0176
vn -0.9550 -0.2049 -0.2146
vn -0.9889 -0.1476 0.0175
vn -0.9481 -0.2125 0.2364
vn -0.9889 -0.1475 0.0175
vn -0.9897 -0.0052 -0.1432
vn -0.9430 0.0147 -0.3325
vn -0.9730 -0.0059 0.2305
vn -0.9481 -0.2124 0.2364
vn -0.9980 0.0278 0.0560
vn -0.9980 0.0278 0.0561
vn -0.9730 -0.0059 0.2306
vn -0.9802 0.0789 -0.1816
vn -0.9430 0.0148 -0.3325
vn -0.9933 0.1156 0.0019
vn -0.9802 0.0790 -0.1815
vn -0.9897 -0.0052 -0.1431
vn -0.9406 0.2141 0.2635
vn -0.9731 -0.0058 0.2305
vn -0.9802 0.0790 -0.1816
vn -0.8996 0.2554 -0.3542
vn -0.9933 0.1156 0.0020
vn -0.9406 0.2141 0.2634
vn -0.8716 0.0577 0.4869
vn -0.8989 0.4306 -0.0814
vn -0.8996 0.2554 -0.3541
vn -0.9933 0.1157 0.0019
vn -0.8705 0.4724 0.1384
vn -0.9933 0.1157 0.0020
vn -0.8218 0.5189 -0.2353
vn -0.8988 0.4307 -0.0814
vn -0.8704 0.4724 0.1384
vn -0.8988 0.4306 -0.0814
vn -0.6817 -0.7283 0.0706
vn -0.8422 -0.3278 -0.4282
vn -0.8533 -0.1085 0.5100
vn -0.8690 -0.0402 -0.4932
vn -0.8422 -0.3277 -0.4282
vn -0.8690 -0.0402 -0.4931
vn -0.9481 -0.2124 0.2365
vn -0.8533 -0.1084 0.5100
vn -0.8131 0.0377 -0.5810
vn -0.9430 0.0148 -0.3326
vn -0.8131 0.0378 -0.5809
vn -0.7743 0.3221 0.5447
vn -0.8716 0.0578 0.4869
vn -0.7768 0.3083 -0.5490
vn -0.7274 0.4768 -0.4935
vn -0.7768 0.3084 -0.5490
vn -0.7274 0.4769 -0.4935
vn -0.8996 0.2555 -0.3542
vn -0.8110 0.3968 0.4299
vn -0.9406 0.2142 0.2635
vn -0.8783 0.4774 -0.0265
vn -0.8218 0.5190 -0.2353
vn -0.8783 0.4773 -0.0265
vn -0.8988 0.4307 -0.0813
vn -0.9370 0.3068 0.1672
vn -0.8704 0.4724 0.1385
vn -0.6633 -0.5188 0.5394
vn -0.6632 -0.5187 0.5395
vn -0.7422 -0.0913 0.6640
vn -0.7644 0.0294 0.6441
vn -0.7644 0.0295 0.6441
vn -0.8715 0.0577 0.4869
vn -0.7644 0.0295 0.6440
vn -0.7743 0.3220 0.5447
vn -0.8921 0.3634 -0.2684
vn -0.8218 0.5189 -0.2352
vn -0.9837 0.1745 -0.0432
vn -0.8921 0.3634 -0.2683
vn -0.9837 0.1745 -0.0431
vn -0.9370 0.3068 0.1671
vn -0.9559 0.0544 -0.2886
vn -0.8922 0.3634 -0.2683
vn -0.9835 0.0690 0.1675
vn -0.9370 0.3067 0.1671
vn -0.9994 0.0165 -0.0310
vn -0.9559 0.0544 -0.2885
vn -0.9994 0.0165 -0.0309
vn -0.9990 0.0218 -0.0385
vn -0.9679 0.0205 -0.2503
vn -0.9863 0.0327 0.1618
vn -0.9650 0.0303 -0.2606
vn -0.9991 0.0386 0.0154
vn -0.9650 0.0303 -0.2605
vn -0.9991 0.0386 0.0155
vn -0.7073 0.1194 0.6968
vn -0.7892 0.1647 -0.5917
vn -0.7892 0.1646 -0.5917
vn -0.8696 0.1300 0.4763
vn -0.9834 0.0690 0.1676
vn -0.8697 0.1300 0.4762
vn -0.9679 0.0205 -0.2504
vn -0.8533 0.0296 -0.5206
vn -0.9136 0.0327 0.4054
vn -0.8696 0.1299 0.4763
vn -0.9863 0.0327 0.1619
vn -0.9136 0.0328 0.4054
vn -0.8928 0.0403 0.4487
vn -0.8528 0.0282 -0.5215
vn -0.9679 0.0206 -0.2504
vn -0.8927 0.0403 0.4488
vn -0.9562 0.0325 0.2909
vn -0.9588 0.0254 -0.2830
vn -0.9588 0.0254 -0.2829
vn -0.8171 0.0341 -0.5755
vn -0.9996 0.0246 0.0147
vn -0.9996 0.0246 0.0148
vn -0.9540 0.0264 -0.2985
vn -0.9541 0.0264 -0.2984
vn -0.9636 0.0260 0.2659
vn -0.9994 0.0236 0.0241
vn -0.9994 0.0236 0.0242
vn -0.9730 0.0260 0.2293
vn -0.9979 0.0272 -0.0588
vn -0.9979 0.0272 -0.0587
vn -0.9265 0.0280 -0.3751
vn -0.9717 0.0349 -0.2338
vn -0.9991 0.0307 0.0299
vn -0.9991 0.0307 0.0298
vn -0.9543 0.0282 0.2976
vn -0.9991 0.0280 -0.0309
vn -0.9991 0.0280 -0.0310
vn -0.9717 0.0349 -0.2337
vn -0.9285 0.0252 -0.3706
vn -0.9700 0.0190 0.2424
vn -0.8237 0.0292 0.5663
vn -0.9774 0.0424 -0.2070
vn -0.9284 0.0252 -0.3706
vn -0.9971 0.0690 0.0326
vn -0.9700 0.0190 0.2423
vn -0.9774 0.0424 -0.2069
vn -0.9971 0.0690 0.0325
vn -0.9541 0.0851 0.2873
vn -0.9540 0.0852 0.2873
vn -0.8932 0.4362 0.1088
vn -0.9401 0.3298 -0.0859
vn -0.8932 0.4363 0.1088
vn -0.7177 0.0476 0.6947
vn -0.6839 0.4392 0.5826
vn -0.8109 0.3969 0.4300
vn -0.7596 0.1657 0.6289
vn -0.8110 0.3968 0.4300
vn -0.6839 0.4391 0.5827
vn -0.9559 0.0543 -0.2886
vn -0.8533 0.0296 -0.5205
vn -0.7819 0.0229 0.6230
vn -0.9135 0.0327 0.4054
vn -0.9135 0.0327 0.4055
vn -0.7883 0.0271 0.6147
vn -0.9562 0.0325 0.2910
vn -0.7883 0.0272 0.6147
vn -0.8572 0.0257 0.5143
vn -0.9636 0.0260 0.2660
vn -0.8212 0.0281 0.5700
vn -0.8625 0.0264 0.5053
vn -0.8212 0.0280 0.5700
vn -0.9730 0.0260 0.2294
vn -0.8626 0.0264 0.5053
vn -0.8300 0.0299 0.5569
vn -0.9543 0.0282 0.2977
vn -0.8300 0.0299 0.5570
vn -0.8015 0.0252 -0.5974
vn -0.9265 0.0280 -0.3752
vn -0.8015 0.0251 -0.5974
vn -0.8693 0.0028 0.4943
vn -0.8321 0.0439 -0.5529
vn -0.9540 0.0851 0.2873
vn -0.8256 0.3494 -0.4431
vn -0.9401 0.3298 -0.0860
vn -0.8256 0.3495 -0.4430
vn -0.7841 0.1636 0.5986
vn -0.7980 0.4419 0.4097
vn -0.8932 0.4363 0.1089
vn -0.9540 0.0852 0.2874
vn -0.7132 0.6722 -0.1986
vn -0.9401 0.3299 -0.0860
vn -0.7645 0.6424 -0.0544
vn -0.7132 0.6723 -0.1986
vn -0.9401 0.3299 -0.0859
vn -0.7645 0.6424 -0.0543
vn -0.6874 -0.0758 0.7223
vn -0.7421 -0.0914 0.6640
vn -0.7072 0.1194 0.6968
vn -0.6677 0.3522 0.6558
vn -0.7743 0.3221 0.5448
vn -0.7072 0.1195 0.6968
vn -0.7818 0.0229 0.6230
vn -0.7596 0.1657 0.6290
vn -0.7225 0.0645 0.6884
vn -0.7346 0.0213 0.6782
vn -0.7225 0.0644 0.6884
vn -0.7305 0.0321 0.6822
vn -0.7392 0.0216 0.6731
vn -0.7374 0.0333 0.6747
vn -0.7516 0.0241 0.6592
vn -0.8692 0.0028 0.4944
vn -0.7841 0.1636 0.5987
vn -0.8693 0.0028 0.4944
vn -0.7516 0.0240 0.6592
vn -0.7132 0.6723 -0.1987
vn -0.7656 0.4491 -0.4606
vn -0.9678 0.2503 0.0247
vn -0.9422 0.2851 -0.1760
vn -0.9422 0.2850 -0.1760
vn -0.7644 0.6424 -0.0543
vn -0.9990 0.0191 -0.0393
vn -0.9679 0.2503 0.0247
vn -0.9999 -0.0054 0.0162
vn -0.9529 -0.0050 -0.3032
vn -0.9842 -0.0083 -0.1769
vn -0.9996 0.0001 0.0287
vn -0.9893 0.0009 -0.1461
vn -0.9751 -0.0004 0.2218
vn -0.9893 0.0010 -0.1461
vn -0.9998 0.0012 0.0218
vn -0.9734 0.0056 -0.2289
vn -0.9806 0.0035 -0.1960
vn -0.9998 0.0012 0.0217
vn -0.9989 -0.0010 0.0470
vn -0.9998 0.0013 0.0217
vn -0.9923 -0.0013 -0.1239
vn -0.9989 -0.0010 0.0471
vn -0.9911 0.0039 0.1333
vn -0.9923 -0.0012 -0.1239
vn -0.9911 0.0039 0.1334
vn -0.9915 -0.0000 -0.1302
vn -0.9975 0.0018 0.0707
vn -0.9975 0.0018 0.0706
vn -0.9724 0.0035 -0.2331
vn -0.9915 -0.0000 -0.1303
vn -0.9998 0.0017 -0.0181
vn -0.9994 -0.0039 0.0355
vn -0.9755 -0.0014 -0.2199
vn -0.9937 -0.0020 -0.1122
vn -0.9639 0.0012 0.2664
vn -0.9937 -0.0021 -0.1121
vn -0.9802 0.0003 0.1980
vn -0.9937 -0.0020 -0.1121
vn -0.9802 0.0003 0.1981
vn -0.9885 0.0029 -0.1511
vn -0.9974 0.0021 -0.0717
vn -0.9262 0.0024 -0.3771
vn -0.9885 0.0029 -0.1512
vn -0.9749 -0.0052 0.2226
vn -0.9994 0.0041 0.0343
vn -0.9741 0.0090 -0.2258
vn -0.9994 0.0040 0.0344
vn -0.9676 -0.0022 0.2526
vn -0.9749 -0.0052 0.2227
vn -0.9985 -0.0006 -0.0542
vn -0.9994 0.0040 0.0343
vn -0.9985 -0.0006 -0.0541
vn -0.9676 -0.0022 0.2527
vn -0.9632 0.0011 0.2689
vn -0.9985 -0.0007 -0.0541
vn -0.9999 0.0011 0.0128
vn -0.9705 -0.0079 -0.2411
vn -0.9514 0.0013 0.3081
vn -0.9988 -0.0010 0.0480
vn -0.9637 0.0012 -0.2671
vn -0.9999 0.0011 0.0127
vn -0.9988 -0.0010 0.0481
vn -0.9654 0.0036 0.2609
vn -0.9514 0.0013 0.3080
vn -1.0000 -0.0014 -0.0053
vn -1.0000 -0.0014 -0.0052
vn -0.9646 0.0042 -0.2639
vn -0.9672 -0.0026 0.2541
vn -0.9991 0.0080 0.0408
vn -0.9646 0.0042 -0.2638
vn -0.9590 -0.0060 -0.2834
vn -0.9989 -0.0093 0.0459
vn -0.9989 -0.0093 0.0460
vn -0.9554 -0.0013 0.2954
vn -1.0000 0.0014 -0.0049
vn -0.9611 -0.0018 -0.2760
vn -0.9620 0.0015 -0.2730
vn -1.0000 0.0014 -0.0048
vn -1.0000 0.0013 -0.0048
vn -0.9724 -0.0119 0.2330
vn -0.9727 0.0023 0.2320
vn -0.9938 -0.0039 -0.1111
vn -0.9612 -0.0018 -0.2760
vn -1.0000 0.0013 -0.0049
vn -0.9938 -0.0039 -0.1110
vn -0.9999 -0.0077 0.0131
vn -0.9999 -0.0077 0.0130
vn -0.9665 -0.0028 -0.2565
vn -0.9622 -0.0009 0.2722
vn -0.9995 0.0052 0.0325
vn -0.9995 0.0052 0.0326
vn -0.9676 -0.0017 -0.2524
vn -0.9958 -0.0060 0.0909
vn -0.9676 -0.0017 -0.2523
vn -0.9772 -0.0946 0.1899
vn -0.9850 -0.0013 -0.1727
vn -0.9694 -0.1994 -0.1433
vn -0.9772 -0.0947 0.1899
vn -0.7072 0.1195 0.6969
vn -0.6677 0.3523 0.6558
vn -0.6576 0.3415 0.6715
vn -0.7225 0.0645 0.6883
vn -0.7346 0.0212 0.6782
vn -0.7392 0.0217 0.6731
vn -0.7300 0.0230 0.6830
vn -0.6984 0.3000 0.6499
vn -0.7980 0.4419 0.4098
vn -0.7841 0.1637 0.5987
vn -0.7131 0.6723 -0.1987
vn -0.9678 0.2504 0.0247
vn -0.8932 0.4364 0.1088
vn -0.8839 0.3401 0.3208
vn -0.8839 0.3401 0.3209
vn -0.7980 0.4420 0.4097
vn -0.9262 0.0628 -0.3718
vn -0.9694 0.0645 0.2370
vn -0.8840 0.3401 0.3209
vn -0.8152 0.0685 0.5751
vn -0.9694 0.0645 0.2369
vn -0.9529 -0.0050 -0.3031
vn -0.9584 0.0154 0.2849
vn -0.9990 0.0191 -0.0392
vn -0.9584 0.0154 0.2850
vn -0.8169 0.0046 0.5767
vn -0.9999 -0.0054 0.0163
vn -0.9058 -0.0068 -0.4236
vn -0.8715 -0.0018 0.4904
vn -0.8169 0.0046 0.5768
vn -0.9663 -0.0074 0.2572
vn -0.9893 0.0010 -0.1462
vn -0.9893 0.0009 -0.1462
vn -0.8985 0.0021 -0.4391
vn -0.9751 -0.0004 0.2219
vn -0.8641 -0.0056 0.5032
vn -0.8715 -0.0018 0.4905
vn -0.9734 0.0056 -0.2290
vn -0.8984 0.0021 -0.4391
vn -0.9504 -0.0022 0.3110
vn -0.9998 0.0013 0.0218
vn -0.8957 0.0017 -0.4448
vn -0.8722 -0.0024 0.4891
vn -0.8956 0.0017 -0.4448
vn -0.9598 0.0010 0.2806
vn -0.9504 -0.0021 0.3110
vn -0.9598 0.0010 0.2807
vn -0.8452 -0.0013 0.5345
vn -0.8722 -0.0025 0.4891
vn -0.9806 0.0035 -0.1961
vn -0.8693 0.0163 -0.4941
vn -0.9597 -0.0014 0.2811
vn -0.9283 0.0056 -0.3719
vn -0.8692 0.0163 -0.4941
vn -0.9283 0.0056 -0.3718
vn -0.9199 -0.0004 0.3920
vn -0.9200 -0.0004 0.3920
vn -0.9724 0.0035 -0.2332
vn -0.8444 -0.0068 -0.5357
vn -0.9381 -0.0027 0.3464
vn -0.9975 0.0017 0.0707
vn -0.7976 0.0008 0.6032
vn -0.9381 -0.0027 0.3465
vn -0.9199 -0.0004 0.3921
vn -0.9057 0.0005 -0.4239
vn -0.9569 0.0002 0.2905
vn -0.9568 0.0002 0.2906
vn -0.9998 0.0017 -0.0180
vn -0.8667 0.0025 0.4989
vn -0.9755 -0.0014 -0.2200
vn -0.8892 0.0058 -0.4574
vn -0.9583 0.0102 0.2855
vn -0.9994 -0.0039 0.0356
vn -0.9638 0.0012 0.2665
vn -0.9583 0.0102 0.2856
vn -0.9168 -0.0001 -0.3994
vn -0.8892 0.0057 -0.4574
vn -0.8653 -0.0034 0.5013
vn -0.9040 0.0030 -0.4275
vn -0.9081 -0.0044 0.4188
vn -0.9638 0.0011 0.2665
vn -0.8653 -0.0035 0.5013
vn -0.9937 -0.0021 -0.1122
vn -0.9081 -0.0044 0.4187
vn -0.8996 -0.0015 0.4368
vn -0.9741 0.0089 -0.2258
vn -0.9675 -0.0022 0.2527
vn -0.9741 0.0090 -0.2259
vn -0.8874 -0.0047 -0.4610
vn -0.8778 -0.0014 0.4791
vn -0.8949 0.0015 -0.4463
vn -0.8333 0.0033 0.5527
vn -0.9705 -0.0080 -0.2411
vn -0.8876 0.0135 -0.4605
vn -0.8334 0.0033 0.5527
vn -0.9636 0.0012 -0.2672
vn -0.8136 0.0014 -0.5815
vn -0.8989 -0.0041 -0.4382
vn -0.8136 0.0014 -0.5814
vn -0.9051 -0.0052 0.4251
vn -0.9653 0.0036 0.2609
vn -0.9645 0.0042 -0.2639
vn -0.9637 0.0012 -0.2672
vn -0.8413 0.0036 0.5405
vn -0.9653 0.0036 0.2610
vn -0.9671 -0.0026 0.2542
vn -0.8441 0.0042 -0.5362
vn -0.9590 -0.0060 -0.2835
vn -0.8638 -0.0093 0.5038
vn -0.8413 0.0035 0.5405
vn -0.8642 -0.0009 -0.5032
vn -0.9554 -0.0012 0.2953
vn -0.9991 0.0080 0.0409
vn -0.9672 -0.0026 0.2542
vn -0.9620 0.0014 -0.2730
vn -0.9724 -0.0119 0.2329
vn -0.8598 0.0021 0.5107
vn -0.9611 -0.0018 -0.2761
vn -0.8736 0.0026 -0.4867
vn -0.8641 -0.0009 -0.5032
vn -0.8741 -0.0049 0.4857
vn -0.9724 -0.0118 0.2330
vn -0.9084 -0.0030 -0.4180
vn -0.8736 0.0026 -0.4866
vn -0.9665 -0.0029 -0.2566
vn -0.8348 0.0030 0.5505
vn -0.9727 0.0023 0.2321
vn -0.9622 -0.0009 0.2723
vn -0.8677 -0.0053 -0.4970
vn -0.9084 -0.0030 -0.4181
vn -0.8548 -0.0051 0.5190
vn -0.9665 -0.0028 -0.2566
vn -0.8521 -0.0007 -0.5234
vn -0.9453 0.0060 0.3262
vn -0.9958 -0.0060 0.0910
vn -0.8870 0.0118 -0.4616
vn -0.9078 -0.0145 0.4191
vn -0.8801 -0.0123 -0.4747
vn -0.9078 -0.0145 0.4192
vn -0.8617 -0.0965 0.4981
vn -0.9694 -0.1994 -0.1434
vn -0.8560 -0.3211 -0.4051
vn -0.5038 -0.8481 0.1642
vn -0.9772 -0.0946 0.1900
vn -0.8617 -0.0966 0.4981
vn -0.5595 0.0317 0.8282
vn -0.6873 -0.0758 0.7224
vn -0.3892 -0.0903 0.9167
vn -0.6576 0.3416 0.6715
vn -0.6839 0.4391 0.5826
vn -0.5542 0.0260 0.8320
vn -0.6856 0.0326 0.7273
vn -0.6708 0.2795 0.6870
vn -0.6984 0.3000 0.6498
vn -0.7841 0.1637 0.5986
vn -0.8840 0.3401 0.3208
vn -0.6984 0.2999 0.6498
vn -0.7656 0.4491 -0.4607
vn -0.9262 0.0628 -0.3717
vn -0.8380 -0.0006 -0.5456
vn -0.8052 0.0013 -0.5930
vn -0.9058 -0.0068 -0.4237
vn -0.8052 0.0013 -0.5931
vn -0.7360 -0.0149 0.6768
vn -0.7171 0.0007 0.6970
vn -0.8722 -0.0024 0.4892
vn -0.8452 -0.0012 0.5345
vn -0.7695 -0.0001 0.6386
vn -0.7695 -0.0001 0.6387
vn -0.8652 -0.0034 0.5014
vn -0.7178 -0.0030 0.6962
vn -0.7313 -0.0013 0.6821
vn -0.8652 -0.0035 0.5014
vn -0.7499 -0.0049 0.6615
vn -0.7313 -0.0013 0.6820
vn -0.7500 -0.0049 0.6615
vn -0.8333 0.0033 0.5528
vn -0.7187 0.0138 0.6951
vn -0.8074 0.0003 0.5900
vn -0.9513 0.0014 0.3081
vn -0.9051 -0.0053 0.4251
vn -0.9513 0.0013 0.3081
vn -0.8074 0.0002 0.5900
vn -0.8413 0.0036 0.5406
vn -0.6844 -0.0009 0.7291
vn -0.8637 -0.0093 0.5039
vn -0.7721 -0.0015 0.6355
vn -0.7721 -0.0014 0.6355
vn -0.7296 -0.0030 0.6838
vn -0.8597 0.0021 0.5107
vn -0.8741 -0.0049 0.4858
vn -0.8597 0.0021 0.5108
vn -0.7297 -0.0030 0.6838
vn -0.7227 0.0058 0.6911
vn -0.8348 0.0030 0.5506
vn -0.7227 0.0059 0.6911
vn -0.7756 0.0011 0.6312
vn -0.8547 -0.0051 0.5190
vn -0.7756 0.0011 0.6313
vn -0.8547 -0.0051 0.5191
vn -0.7021 0.0009 0.7120
vn -0.7569 -0.0239 0.6531
vn -0.8617 -0.0965 0.4982
vn -0.6281 -0.5181 0.5806
vn -0.6281 -0.5180 0.5806
vn -0.2911 -0.8826 0.3693
vn -0.5603 0.0504 0.8267
vn -0.5996 0.0167 0.8001
vn -0.7304 0.0321 0.6822
vn -0.6855 0.0326 0.7273
vn -0.5397 0.0246 0.8415
vn -0.5958 0.0504 0.8015
vn -0.4764 0.3547 0.8045
vn -0.6983 0.3000 0.6499
vn -0.6984 0.2999 0.6499
vn -0.6372 -0.0067 0.7707
vn -0.8152 0.0684 0.5751
vn -0.7069 -0.0043 0.7073
vn -0.8714 -0.0018 0.4905
vn -0.8641 -0.0057 0.5033
vn -0.7171 0.0008 0.6970
vn -0.5948 -0.0053 0.8038
vn -0.8451 -0.0012 0.5345
vn -0.8722 -0.0025 0.4892
vn -0.8666 0.0025 0.4989
vn -0.6548 -0.0034 0.7558
vn -0.6273 -0.0006 0.7788
vn -0.7060 -0.0014 0.7082
vn -0.8777 -0.0014 0.4791
vn -0.7060 -0.0013 0.7082
vn -0.8074 0.0002 0.5901
vn -0.6007 -0.0148 0.7993
vn -0.6768 -0.0091 0.7362
vn -0.7021 0.0009 0.7121
vn -0.4006 0.4815 0.7795
vn -0.5195 0.2135 0.8274
vn -0.4007 0.4814 0.7796
vn -0.5603 0.0505 0.8267
vn -0.5195 0.2134 0.8274
vn -0.6141 0.0303 0.7887
vn -0.7300 0.0230 0.6831
vn -0.7300 0.0229 0.6830
vn -0.5959 0.0504 0.8015
vn -0.6273 -0.0007 0.7788
vn -0.5402 -0.0031 0.8415
vn -0.8412 0.0036 0.5406
vn -0.6125 0.0017 0.7904
vn -0.5326 -0.0066 0.8464
vn -0.6768 -0.0091 0.7361
vn -0.5326 -0.0065 0.8464
vn -0.6221 -0.0039 0.7830
vn -0.7755 0.0011 0.6313
vn -0.4172 0.0248 0.9085
vn -0.7068 -0.0043 0.7074
vn -0.7170 0.0007 0.6970
vn -0.7170 0.0008 0.6970
vn -0.5948 -0.0053 0.8039
vn -0.7170 0.0007 0.6971
vn -0.5283 -0.0070 0.8491
vn -0.5283 -0.0070 0.8490
vn -0.7694 -0.0001 0.6387
vn -0.5073 -0.0051 0.8618
vn -0.7178 -0.0030 0.6963
vn -0.5289 0.0001 0.8487
vn -0.7187 0.0138 0.6952
vn -0.5847 0.0083 0.8112
vn -0.6007 -0.0147 0.7993
vn -0.7721 -0.0014 0.6356
vn -0.7296 -0.0030 0.6839
vn -0.5546 -0.0043 0.8321
vn -0.7227 0.0059 0.6912
vn -0.4928 0.0067 0.8701
vn -0.6767 -0.0090 0.7362
vn -0.5070 0.0115 0.8618
vn -0.5412 -0.0017 0.8409
vn -0.6220 -0.0039 0.7830
vn -0.6280 -0.5181 0.5806
vn -0.5324 -0.4602 0.7104
vn -0.3762 -0.0030 0.9265
vn -0.6272 -0.0006 0.7789
vn -0.6767 -0.0091 0.7362
vn -0.5325 -0.0065 0.8464
vn -0.5265 -0.0561 0.8484
vn -0.5324 -0.4603 0.7104
vn -0.6371 -0.0067 0.7707
vn -0.3442 -0.0085 0.9388
vn -0.3991 -0.0188 0.9167
vn -0.3443 -0.0085 0.9388
vn -0.4110 0.0180 0.9114
vn -0.6547 -0.0034 0.7558
vn -0.6272 -0.0006 0.7788
vn -0.7368 -0.0593 -0.6735
vn -0.6913 -0.3698 -0.6207
vn -0.8421 -0.3277 -0.4282
vn -0.8130 0.0378 -0.5810
vn -0.7768 0.3083 -0.5491
vn -0.6949 0.2934 -0.6565
vn -0.8130 0.0377 -0.5810
vn -0.7245 0.0234 -0.6889
vn -0.7273 0.4768 -0.4936
vn -0.6949 0.2935 -0.6565
vn -0.7768 0.3084 -0.5491
vn -0.7962 0.0218 -0.6046
vn -0.7963 0.0218 -0.6046
vn -0.7368 -0.0594 -0.6735
vn -0.6317 -0.4430 -0.6361
vn -0.6913 -0.3698 -0.6208
vn -0.6761 0.3910 -0.6245
vn -0.7891 0.1647 -0.5917
vn -0.7216 0.0183 -0.6921
vn -0.7352 0.0193 -0.6776
vn -0.8528 0.0282 -0.5216
vn -0.7352 0.0193 -0.6775
vn -0.7091 0.0288 -0.7046
vn -0.8527 0.0282 -0.5216
vn -0.7090 0.0288 -0.7046
vn -0.7375 0.0343 -0.6744
vn -0.7729 0.0215 -0.6342
vn -0.8015 0.0251 -0.5975
vn -0.9284 0.0252 -0.3707
vn -0.7729 0.0214 -0.6342
vn -0.5602 -0.1092 -0.8211
vn -0.4927 0.3141 -0.8116
vn -0.5310 0.0356 -0.8466
vn -0.5310 0.0357 -0.8466
vn -0.5719 0.4760 -0.6681
vn -0.4927 0.3141 -0.8115
vn -0.7203 0.1199 -0.6832
vn -0.6761 0.3909 -0.6245
vn -0.7203 0.1199 -0.6833
vn -0.7176 0.0232 -0.6961
vn -0.7324 0.0284 -0.6803
vn -0.7091 0.0167 -0.7049
vn -0.7728 0.0214 -0.6343
vn -0.8320 0.0439 -0.5530
vn -0.7189 0.0162 -0.6949
vn -0.7127 0.1947 -0.6739
vn -0.7127 0.1946 -0.6739
vn -0.8321 0.0439 -0.5530
vn -0.6000 0.5671 -0.5643
vn -0.8256 0.3495 -0.4431
vn -0.7655 0.4492 -0.4607
vn -0.5813 0.0406 -0.8127
vn -0.5896 0.0360 -0.8069
vn -0.5895 0.0360 -0.8069
vn -0.6553 0.0340 -0.7546
vn -0.7375 0.0343 -0.6745
vn -0.7728 0.0214 -0.6342
vn -0.7215 0.0580 -0.6899
vn -0.8380 -0.0007 -0.5456
vn -0.7216 0.0580 -0.6899
vn -0.7582 0.0061 -0.6520
vn -0.7491 0.0050 -0.6625
vn -0.7491 0.0050 -0.6624
vn -0.7495 -0.0001 -0.6620
vn -0.8692 0.0163 -0.4942
vn -0.7220 0.0055 -0.6919
vn -0.7688 0.0010 -0.6394
vn -0.7963 0.0047 -0.6049
vn -0.7893 0.0026 -0.6140
vn -0.9167 -0.0001 -0.3995
vn -0.7845 0.0006 -0.6201
vn -0.9040 0.0030 -0.4276
vn -0.9168 -0.0001 -0.3995
vn -0.7518 0.0027 -0.6593
vn -0.8010 0.0089 -0.5986
vn -0.7518 0.0027 -0.6594
vn -0.9261 0.0024 -0.3772
vn -0.7791 0.0057 -0.6269
vn -0.8948 0.0015 -0.4464
vn -0.7791 0.0058 -0.6269
vn -0.6682 0.0003 -0.7440
vn -0.7668 -0.0055 -0.6419
vn -0.7528 0.0030 -0.6582
vn -0.8988 -0.0042 -0.4383
vn -0.8988 -0.0041 -0.4383
vn -0.8641 -0.0009 -0.5033
vn -0.6936 0.0003 -0.7204
vn -0.7169 -0.0020 -0.6971
vn -0.7763 -0.0006 -0.6303
vn -0.8520 -0.0008 -0.5235
vn -0.7479 0.0037 -0.6638
vn -0.8677 -0.0053 -0.4971
vn -0.7478 0.0037 -0.6639
vn -0.6872 0.0021 -0.7265
vn -0.6825 0.0031 -0.7309
vn -0.8520 -0.0007 -0.5235
vn -0.8800 -0.0123 -0.4748
vn -0.7271 -0.0548 -0.6844
vn -0.6825 0.0032 -0.7309
vn -0.8560 -0.3211 -0.4052
vn -0.8800 -0.0123 -0.4747
vn -0.6496 -0.4857 -0.5849
vn -0.7270 -0.0548 -0.6844
vn -0.5602 -0.1093 -0.8211
vn -0.6317 -0.4431 -0.6362
vn -0.5433 0.2891 -0.7882
vn -0.7203 0.1198 -0.6833
vn -0.4322 0.0242 -0.9015
vn -0.4891 0.0181 -0.8720
vn -0.6676 0.0296 -0.7439
vn -0.4958 0.0240 -0.8681
vn -0.5999 0.5671 -0.5643
vn -0.4210 0.5183 -0.7444
vn -0.5716 0.2635 -0.7771
vn -0.7655 0.4491 -0.4607
vn -0.5716 0.2634 -0.7771
vn -0.8051 0.0013 -0.5931
vn -0.6333 0.0045 -0.7739
vn -0.8380 -0.0006 -0.5457
vn -0.6056 0.0032 -0.7957
vn -0.7688 0.0010 -0.6395
vn -0.6936 0.0003 -0.7203
vn -0.7170 -0.0019 -0.6971
vn -0.8677 -0.0052 -0.4971
vn -0.7763 -0.0006 -0.6304
vn -0.3208 -0.2576 -0.9114
vn -0.3413 -0.0173 -0.9398
vn -0.3208 -0.2575 -0.9115
vn -0.5602 -0.1092 -0.8212
vn -0.5601 -0.1092 -0.8212
vn -0.5309 0.0356 -0.8467
vn -0.3197 0.2650 -0.9097
vn -0.5309 0.0357 -0.8467
vn -0.4926 0.3140 -0.8116
vn -0.3116 0.4261 -0.8493
vn -0.4926 0.3141 -0.8116
vn -0.3115 0.4261 -0.8494
vn -0.5719 0.4760 -0.6682
vn -0.5432 0.2891 -0.7882
vn -0.5433 0.2890 -0.7882
vn -0.4372 0.0350 -0.8987
vn -0.7175 0.0233 -0.6961
vn -0.4958 0.0241 -0.8681
vn -0.5776 0.0080 -0.8162
vn -0.5777 0.0080 -0.8162
vn -0.4980 0.0938 -0.8621
vn -0.5758 0.0076 -0.8175
vn -0.7581 0.0061 -0.6521
vn -0.5759 0.0076 -0.8175
vn -0.5854 0.0064 -0.8107
vn -0.6249 0.0058 -0.7807
vn -0.8443 -0.0068 -0.5358
vn -0.6057 0.0031 -0.7957
vn -0.6249 0.0059 -0.7807
vn -0.6135 0.0009 -0.7897
vn -0.7893 0.0026 -0.6141
vn -0.7845 0.0006 -0.6202
vn -0.5226 0.0090 -0.8525
vn -0.3136 0.1441 -0.9386
vn -0.3115 0.4261 -0.8493
vn -0.5432 0.2891 -0.7883
vn -0.3135 0.1440 -0.9386
vn -0.5812 0.0406 -0.8127
vn -0.3541 0.0302 -0.9347
vn -0.4891 0.0181 -0.8721
vn -0.3741 0.0209 -0.9272
vn -0.6552 0.0340 -0.7547
vn -0.3741 0.0209 -0.9271
vn -0.6553 0.0339 -0.7546
vn -0.4980 0.0939 -0.8621
vn -0.3793 0.6707 -0.6374
vn -0.4210 0.5184 -0.7443
vn -0.5450 0.0022 -0.8385
vn -0.5854 0.0065 -0.8107
vn -0.5449 0.0022 -0.8385
vn -0.7494 -0.0001 -0.6621
vn -0.7495 -0.0001 -0.6621
vn -0.7219 0.0055 -0.6919
vn -0.6056 0.0031 -0.7957
vn -0.6169 0.0026 -0.7870
vn -0.5875 0.0041 -0.8092
vn -0.6169 0.0027 -0.7870
vn -0.8009 0.0089 -0.5987
vn -0.8010 0.0089 -0.5987
vn -0.7790 0.0057 -0.6270
vn -0.5552 0.0040 -0.8317
vn -0.7790 0.0057 -0.6269
vn -0.5302 -0.0030 -0.8479
vn -0.7667 -0.0055 -0.6419
vn -0.5780 0.0069 -0.8160
vn -0.5781 0.0069 -0.8160
vn -0.7667 -0.0055 -0.6420
vn -0.8135 0.0014 -0.5815
vn -0.5923 -0.0070 -0.8057
vn -0.7528 0.0030 -0.6583
vn -0.6253 0.0096 -0.7804
vn -0.8440 0.0042 -0.5363
vn -0.6253 0.0096 -0.7803
vn -0.5046 0.0014 -0.8633
vn -0.7169 -0.0020 -0.6972
vn -0.5275 -0.0005 -0.8495
vn -0.5047 0.0014 -0.8633
vn -0.7169 -0.0019 -0.6972
vn -0.6871 0.0021 -0.7265
vn -0.4864 0.0095 -0.8737
vn -0.4911 -0.0439 -0.8700
vn -0.7270 -0.0548 -0.6845
vn -0.3091 -0.5407 -0.7823
vn -0.2177 -0.6586 -0.7203
vn -0.3317 0.0184 -0.9432
vn -0.3136 0.1440 -0.9386
vn -0.5895 0.0360 -0.8070
vn -0.4321 0.0242 -0.9015
vn -0.2827 0.0290 -0.9588
vn -0.4890 0.0181 -0.8721
vn -0.2813 0.0325 -0.9591
vn -0.4371 0.0350 -0.8987
vn -0.3295 0.0279 -0.9438
vn -0.4957 0.0240 -0.8682
vn -0.3212 0.0174 -0.9469
vn -0.5776 0.0080 -0.8163
vn -0.4979 0.0938 -0.8621
vn -0.3080 0.2149 -0.9268
vn -0.4979 0.0939 -0.8621
vn -0.4209 0.5183 -0.7444
vn -0.4695 0.0110 -0.8829
vn -0.7215 0.0580 -0.6900
vn -0.4694 0.0110 -0.8829
vn -0.6332 0.0045 -0.7739
vn -0.4457 0.0092 -0.8951
vn -0.5758 0.0076 -0.8176
vn -0.3298 0.0084 -0.9440
vn -0.5853 0.0065 -0.8108
vn -0.4676 -0.0002 -0.8840
vn -0.4090 0.0074 -0.9125
vn -0.4675 -0.0002 -0.8840
vn -0.6248 0.0059 -0.7807
vn -0.3687 0.0086 -0.9295
vn -0.4090 0.0075 -0.9125
vn -0.6056 0.0032 -0.7958
vn -0.4057 -0.0020 -0.9140
vn -0.3686 0.0086 -0.9295
vn -0.6056 0.0031 -0.7958
vn -0.6134 0.0009 -0.7898
vn -0.4589 -0.0000 -0.8885
vn -0.6134 0.0009 -0.7897
vn -0.3985 0.0054 -0.9172
vn -0.6169 0.0026 -0.7871
vn -0.5874 0.0041 -0.8093
vn -0.3917 0.0089 -0.9201
vn -0.5551 0.0040 -0.8318
vn -0.4034 0.0051 -0.9150
vn -0.3917 0.0088 -0.9200
vn -0.4376 0.0010 -0.8992
vn -0.4376 0.0009 -0.8992
vn -0.2863 0.0150 -0.9580
vn -0.2863 0.0149 -0.9580
vn -0.5301 -0.0030 -0.8479
vn -0.3199 -0.0007 -0.9474
vn -0.5780 0.0068 -0.8160
vn -0.5922 -0.0070 -0.8057
vn -0.3597 -0.0040 -0.9330
vn -0.5922 -0.0070 -0.8058
vn -0.3597 -0.0040 -0.9331
vn -0.6252 0.0096 -0.7804
vn -0.4686 0.0117 -0.8833
vn -0.4863 0.0095 -0.8737
vn -0.3091 -0.0020 -0.9510
vn -0.5275 -0.0005 -0.8496
vn -0.4052 -0.0017 -0.9142
vn -0.5226 0.0091 -0.8525
vn -0.6824 0.0031 -0.7309
vn -0.4053 -0.0017 -0.9142
vn -0.2838 0.3639 -0.8871
vn -0.3197 0.2651 -0.9097
vn -0.2838 0.3639 -0.8872
vn -0.3135 0.1441 -0.9386
vn -0.2828 0.0290 -0.9588
vn -0.3553 0.2340 -0.9050
vn -0.3553 0.2339 -0.9050
vn -0.2146 0.0032 -0.9767
vn -0.4457 0.0092 -0.8952
vn -0.3061 -0.1393 -0.9417
vn -0.3208 -0.2576 -0.9115
vn -0.3062 -0.1393 -0.9417
vn -0.3293 0.0923 -0.9397
vn -0.3413 -0.0172 -0.9398
vn -0.3197 0.2649 -0.9097
vn -0.2802 0.4498 -0.8480
vn -0.3293 0.0924 -0.9397
vn -0.2802 0.4499 -0.8480
vn -0.2838 0.3640 -0.8871
vn -0.2969 0.0309 -0.9544
vn -0.3540 0.0302 -0.9347
vn -0.2969 0.0308 -0.9544
vn -0.2140 0.6698 -0.7110
vn -0.4209 0.5184 -0.7444
vn -0.3793 0.6708 -0.6374
vn -0.2140 0.6698 -0.7111
vn -0.1868 0.0394 -0.9816
vn -0.3443 0.0067 -0.9388
vn -0.4456 0.0092 -0.8952
vn -0.3443 0.0068 -0.9388
vn -0.2920 0.0009 -0.9564
vn -0.2649 0.0035 -0.9643
vn -0.2650 0.0035 -0.9642
vn -0.1523 0.0069 -0.9883
vn -0.1932 -0.0032 -0.9812
vn -0.4089 0.0074 -0.9125
vn -0.2422 0.0014 -0.9702
vn -0.4056 -0.0020 -0.9140
vn -0.2421 0.0014 -0.9702
vn -0.3984 0.0054 -0.9172
vn -0.2216 0.0010 -0.9751
vn -0.4686 0.0117 -0.8834
vn -0.5046 0.0014 -0.8634
vn -0.3157 0.0050 -0.9488
vn -0.3157 0.0050 -0.9489
vn -0.3024 0.0022 -0.9532
vn -0.2542 -0.0037 -0.9672
vn -0.2542 -0.0037 -0.9671
vn -0.5225 0.0090 -0.8526
vn -0.1409 0.0003 -0.9900
vn -0.4910 -0.0439 -0.8700
vn -0.2503 -0.5665 -0.7851
vn -0.2844 0.0599 -0.9568
vn -0.2746 0.0148 -0.9614
vn -0.2358 0.0313 -0.9713
vn -0.3080 0.2150 -0.9268
vn -0.1299 0.0017 -0.9915
vn -0.1487 -0.0054 -0.9889
vn -0.1469 0.0035 -0.9891
vn -0.3916 0.0089 -0.9201
vn -0.1531 0.0021 -0.9882
vn -0.2117 0.0130 -0.9772
vn -0.4375 0.0010 -0.8992
vn -0.2117 0.0131 -0.9772
vn -0.1045 0.0076 -0.9945
vn -0.3199 -0.0007 -0.9475
vn -0.1045 0.0075 -0.9945
vn -0.0437 -0.0010 -0.9990
vn -0.3156 0.0050 -0.9489
vn -0.0356 0.0066 -0.9993
vn -0.3023 0.0022 -0.9532
vn -0.0925 0.0005 -0.9957
vn -0.1408 0.0003 -0.9900
vn -0.2449 0.0195 -0.9694
vn -0.2096 0.0258 -0.9774
vn -0.3294 0.0279 -0.9438
vn -0.0272 0.4758 -0.8791
vn -0.3552 0.2339 -0.9050
vn -0.0677 0.0160 -0.9976
vn -0.3297 0.0084 -0.9440
vn -0.0069 0.0059 -1.0000
vn -0.0676 0.0161 -0.9976
vn -0.2919 0.0009 -0.9564
vn -0.0085 0.0033 -1.0000
vn 0.0108 0.0105 -0.9999
vn -0.1522 0.0069 -0.9883
vn -0.0194 0.0021 -0.9998
vn -0.3686 0.0086 -0.9296
vn 0.0106 -0.0006 -0.9999
vn 0.0107 -0.0006 -0.9999
vn -0.2541 -0.0037 -0.9672
vn -0.0522 0.0023 -0.9986
vn 0.0657 -0.3790 -0.9231
vn -0.2504 -0.5665 -0.7851
vn 0.0149 -0.0588 -0.9982
vn 0.0263 0.1607 -0.9867
vn 0.0135 0.3157 -0.9488
vn 0.0134 0.3157 -0.9488
vn 0.0012 0.0272 -0.9996
vn 0.1766 0.0219 -0.9840
vn -0.2746 0.0148 -0.9615
vn 0.0085 0.0359 -0.9993
vn 0.1120 0.0305 -0.9932
vn 0.0084 0.0358 -0.9993
vn -0.1668 0.3081 -0.9366
vn -0.1668 0.3082 -0.9366
vn -0.0086 0.0033 -1.0000
vn 0.1005 -0.0004 -0.9949
vn -0.1298 0.0017 -0.9915
vn -0.2421 0.0014 -0.9703
vn 0.1959 0.0013 -0.9806
vn -0.1486 -0.0054 -0.9889
vn 0.0847 0.0191 -0.9962
vn -0.1530 0.0021 -0.9882
vn -0.2117 0.0130 -0.9773
vn 0.0172 0.0111 -0.9998
vn -0.2862 0.0150 -0.9581
vn -0.0625 0.0084 -0.9980
vn 0.0171 0.0111 -0.9998
vn -0.2862 0.0149 -0.9580
vn -0.3198 -0.0007 -0.9475
vn -0.1046 0.0075 -0.9945
vn -0.0438 -0.0010 -0.9990
vn 0.0150 -0.0588 -0.9982
vn 0.0658 -0.3790 -0.9231
vn -0.3061 -0.1393 -0.9418
vn 0.3227 -0.0217 -0.9463
vn 0.0264 0.1607 -0.9866
vn 0.1638 0.5355 -0.8285
vn 0.0263 0.1608 -0.9866
vn 0.0263 0.1607 -0.9866
vn 0.0134 0.3158 -0.9487
vn 0.0083 0.0447 -0.9990
vn 0.0083 0.0446 -0.9990
vn -0.2746 0.0147 -0.9614
vn 0.1172 0.0302 -0.9927
vn 0.1171 0.0302 -0.9927
vn 0.0824 0.0217 -0.9964
vn 0.0824 0.0218 -0.9964
vn -0.2096 0.0258 -0.9775
vn 0.1606 0.0320 -0.9865
vn -0.2095 0.0258 -0.9775
vn -0.2357 0.0313 -0.9713
vn 0.1933 0.0925 -0.9768
vn 0.1607 0.6326 -0.7576
vn 0.1607 0.6327 -0.7576
vn 0.1543 0.1350 -0.9788
vn 0.0062 0.0130 -0.9999
vn 0.1543 0.1349 -0.9788
vn 0.0063 0.0131 -0.9999
vn -0.2145 0.0032 -0.9767
vn 0.0816 0.0069 -0.9966
vn 0.0062 0.0131 -0.9999
vn -0.0676 0.0160 -0.9976
vn 0.1287 0.0065 -0.9917
vn 0.0995 0.0046 -0.9950
vn -0.1931 -0.0032 -0.9812
vn -0.0193 0.0021 -0.9998
vn 0.1949 -0.0048 -0.9808
vn 0.1005 -0.0005 -0.9949
vn -0.2421 0.0013 -0.9702
vn 0.1964 -0.0034 -0.9805
vn 0.1959 0.0012 -0.9806
vn 0.1850 0.0083 -0.9827
vn 0.1107 0.0017 -0.9939
vn -0.2215 0.0010 -0.9752
vn -0.0437 -0.0011 -0.9990
vn 0.1558 -0.0044 -0.9878
vn 0.1558 -0.0045 -0.9878
vn -0.0521 0.0023 -0.9986
vn 0.1673 0.0167 -0.9858
vn 0.1672 0.0167 -0.9858
vn -0.1407 0.0003 -0.9900
vn 0.1399 -0.0056 -0.9901
vn 0.0880 -0.3720 -0.9240
vn 0.0880 -0.3721 -0.9240
vn 0.0079 -0.9159 -0.4014
vn 0.2819 -0.2241 -0.9329
vn 0.2114 -0.7396 -0.6390
vn 0.2818 -0.2240 -0.9329
vn 0.2819 -0.2240 -0.9329
vn 0.0151 -0.0588 -0.9982
vn 0.3326 0.2381 -0.9125
vn 0.0264 0.1607 -0.9867
vn 0.3326 0.2382 -0.9125
vn 0.2979 0.4052 -0.8643
vn 0.1639 0.5355 -0.8285
vn 0.0135 0.3157 -0.9487
vn 0.3038 0.0835 -0.9491
vn 0.0084 0.0447 -0.9990
vn 0.1767 0.0219 -0.9840
vn 0.0084 0.0446 -0.9990
vn 0.2998 0.0206 -0.9538
vn 0.0013 0.0272 -0.9996
vn 0.1172 0.0302 -0.9926
vn 0.3050 0.0320 -0.9518
vn 0.0085 0.0358 -0.9993
vn 0.1608 0.6326 -0.7576
vn 0.1934 0.0926 -0.9768
vn 0.3379 0.0113 -0.9411
vn 0.1544 0.1349 -0.9788
vn 0.2737 0.0081 -0.9618
vn 0.0109 0.0105 -0.9999
vn 0.2616 0.0048 -0.9652
vn 0.0172 0.0110 -0.9998
vn 0.1851 0.0083 -0.9827
vn -0.0625 0.0085 -0.9980
vn 0.1850 0.0082 -0.9827
vn 0.2470 0.0073 -0.9690
vn 0.2025 -0.0009 -0.9793
vn 0.1456 0.0079 -0.9893
vn 0.3378 0.0018 -0.9412
vn 0.0108 -0.0006 -0.9999
vn 0.0879 -0.3721 -0.9240
vn 0.0285 -0.9095 -0.4148
vn 0.2979 0.4052 -0.8644
vn 0.2979 0.4051 -0.8644
vn 0.3316 0.0143 -0.9433
vn 0.2898 0.0246 -0.9568
vn 0.2898 0.0245 -0.9568
vn 0.1121 0.0305 -0.9932
vn 0.3228 0.0252 -0.9461
vn 0.1121 0.0304 -0.9932
vn 0.0825 0.0217 -0.9964
vn 0.0063 0.0130 -0.9999
vn 0.0817 0.0069 -0.9966
vn 0.3494 0.0036 -0.9370
vn 0.2826 0.0057 -0.9592
vn 0.2825 0.0056 -0.9592
vn 0.2752 0.0071 -0.9613
vn -0.0068 0.0059 -1.0000
vn 0.2753 0.0071 -0.9613
vn 0.2925 -0.0050 -0.9563
vn 0.2738 0.0081 -0.9618
vn 0.1288 0.0065 -0.9917
vn 0.3689 0.0104 -0.9294
vn 0.0995 0.0047 -0.9950
vn 0.3194 0.0103 -0.9476
vn 0.1950 -0.0048 -0.9808
vn 0.3094 -0.0030 -0.9509
vn 0.1006 -0.0005 -0.9949
vn 0.3608 0.0066 -0.9326
vn 0.3095 -0.0030 -0.9509
vn 0.1960 0.0013 -0.9806
vn 0.3555 0.0120 -0.9346
vn 0.1965 -0.0034 -0.9805
vn 0.0848 0.0192 -0.9962
vn 0.0848 0.0191 -0.9962
vn 0.3555 0.0119 -0.9346
vn 0.3254 0.0329 -0.9450
vn 0.3051 0.0320 -0.9518
vn 0.0825 0.0218 -0.9964
vn 0.1607 0.0320 -0.9865
vn 0.3175 0.0288 -0.9478
vn 0.1606 0.0319 -0.9865
vn 0.1934 0.0925 -0.9768
vn 0.2840 0.3018 -0.9101
vn 0.1934 0.0926 -0.9767
vn 0.4355 0.2056 -0.8764
vn 0.3813 0.0046 -0.9245
vn 0.1851 0.0082 -0.9827
vn 0.1107 0.0017 -0.9938
vn 0.4121 0.0074 -0.9111
vn 0.4264 0.0111 -0.9044
vn 0.2026 -0.0009 -0.9793
vn 0.1457 0.0079 -0.9893
vn 0.4204 -0.0032 -0.9074
vn 0.1559 -0.0045 -0.9878
vn 0.1400 -0.0056 -0.9901
vn 0.3741 0.1699 -0.9117
vn 0.3039 0.0835 -0.9490
vn 0.2840 0.3017 -0.9101
vn 0.1934 0.0925 -0.9767
vn 0.5121 0.0009 -0.8590
vn 0.2826 0.0056 -0.9592
vn 0.2753 0.0072 -0.9613
vn 0.2738 0.0081 -0.9617
vn 0.2925 -0.0049 -0.9562
vn 0.1288 0.0065 -0.9916
vn 0.4188 0.0051 -0.9081
vn 0.1960 0.0012 -0.9806
vn 0.5051 0.0026 -0.8631
vn 0.4389 -0.0015 -0.8985
vn 0.1108 0.0017 -0.9938
vn 0.2471 0.0073 -0.9690
vn 0.4204 -0.0032 -0.9073
vn 0.4084 0.0095 -0.9128
vn 0.3641 -0.1572 -0.9180
vn 0.4083 0.0095 -0.9128
vn 0.1400 -0.0057 -0.9901
vn 0.3142 -0.2552 -0.9144
vn 0.3142 -0.2551 -0.9144
vn 0.3518 0.0578 -0.9343
vn 0.3291 0.4116 -0.8499
vn 0.3291 0.4117 -0.8499
vn 0.3327 0.2382 -0.9125
vn 0.5398 0.0221 -0.8415
vn 0.3380 0.0113 -0.9411
vn 0.5219 0.0025 -0.8530
vn 0.3380 0.0112 -0.9411
vn 0.3495 0.0036 -0.9369
vn 0.5371 0.0022 -0.8435
vn 0.5120 0.0009 -0.8590
vn 0.5602 0.0039 -0.8284
vn 0.2926 -0.0050 -0.9562
vn 0.2925 -0.0050 -0.9562
vn 0.5577 0.0255 -0.8296
vn 0.5348 0.3266 -0.7793
vn 0.3290 0.4117 -0.8499
vn 0.4581 0.0502 -0.8875
vn 0.3740 0.1698 -0.9117
vn 0.6106 0.0249 -0.7915
vn 0.3316 0.0144 -0.9433
vn 0.4987 0.0263 -0.8664
vn 0.4161 0.0289 -0.9088
vn 0.4851 0.0115 -0.8744
vn 0.6370 0.0397 -0.7698
vn 0.3176 0.0288 -0.9478
vn 0.4883 0.1513 -0.8594
vn 0.4883 0.1513 -0.8595
vn 0.3175 0.0289 -0.9478
vn 0.4931 -0.0388 -0.8691
vn 0.3143 -0.2551 -0.9144
vn 0.4931 -0.0387 -0.8691
vn 0.5016 0.3608 -0.7862
vn 0.3740 0.1699 -0.9117
vn 0.5349 0.3266 -0.7793
vt 0.380306 0.894182
vt 0.389874 0.890036
vt 0.390490 0.904474
vt 0.384336 0.926273
vt 0.384701 0.912840
vt 0.395222 0.919408
vt 0.381310 0.878407
vt 0.384085 0.859043
vt 0.391106 0.876435
vt 0.381066 0.983827
vt 0.381142 0.961663
vt 0.392997 0.977954
vt 0.391501 0.932068
vt 0.393463 0.855600
vt 0.394285 0.958771
vt 0.387462 0.941965
vt 0.387726 0.839107
vt 0.380694 0.827839
vt 0.388517 0.824826
vt 0.391006 0.997202
vt 0.397190 0.887813
vt 0.401434 0.906276
vt 0.398734 0.938212
vt 0.401064 0.871178
vt 0.394663 0.835900
vt 0.402258 0.823674
vt 0.404895 0.951437
vt 0.406118 0.963300
vt 0.410143 0.848868
vt 0.406060 0.976552
vt 0.400189 0.989815
vt 0.417850 0.928056
vt 0.408900 0.834182
vt 0.418898 0.913421
vt 0.413423 0.878938
vt 0.414655 0.989854
vt 0.416348 0.896106
vt 0.423425 0.860930
vt 0.430371 0.977827
vt 0.429289 0.943125
vt 0.420688 0.964436
vt 0.420714 0.823965
vt 0.429048 0.832703
vt 0.435487 0.898750
vt 0.435883 0.849151
vt 0.437080 0.964190
vt 0.431574 0.990756
vt 0.438804 0.922018
vt 0.440705 0.879252
vt 0.441101 0.934599
vt 0.436891 0.820254
vt 0.446939 0.866847
vt 0.456338 0.989481
vt 0.456324 0.894110
vt 0.451892 0.949421
vt 0.450188 0.828811
vt 0.457382 0.909053
vt 0.455727 0.929024
vt 0.454470 0.840866
vt 0.455359 0.979078
vt 0.467720 0.878479
vt 0.464163 0.860816
vt 0.468986 0.964054
vt 0.452556 0.814274
vt 0.474608 0.926114
vt 0.478494 0.947269
vt 0.471661 0.848116
vt 0.473811 0.833746
vt 0.477909 0.821208
vt 0.482999 0.908418
vt 0.478301 0.892889
vt 0.477345 0.978888
vt 0.477129 0.990638
vt 0.488965 0.857511
vt 0.491853 0.881915
vt 0.492168 0.960175
vt 0.500270 0.894448
vt 0.501501 0.914744
vt 0.506608 0.929847
vt 0.495835 0.982794
vt 0.496977 0.831947
vt 0.489308 0.999690
vt 0.505071 0.870120
vt 0.509890 0.846973
vt 0.508168 0.963192
vt 0.502446 0.822714
vt 0.514293 0.946358
vt 0.516216 0.989745
vt 0.515584 0.883079
vt 0.515702 0.858708
vt 0.520264 0.903479
vt 0.520266 0.833461
vt 0.521552 0.871330
vt 0.526389 0.976897
vt 0.528270 0.822899
vt 0.528612 0.921802
vt 0.529659 0.961837
vt 0.537543 0.904694
vt 0.532567 0.933120
vt 0.539272 0.887609
vt 0.540961 0.876047
vt 0.540110 0.946609
vt 0.541948 0.860876
vt 0.534517 0.846728
vt 0.539621 0.990036
vt 0.543161 0.922309
vt 0.550862 0.827436
vt 0.545549 0.901523
vt 0.550964 0.887114
vt 0.546212 0.913424
vt 0.555726 0.937935
vt 0.557205 0.963214
vt 0.553118 0.890612
vt 0.558397 0.869852
vt 0.551779 0.925412
vt 0.554064 0.846007
vt 0.553855 0.982961
vt 0.546798 0.814386
vt 0.558044 0.880720
vt 0.559883 0.947725
vt 0.551337 0.997838
vt 0.558881 0.931814
vt 0.566613 0.858265
vt 0.566930 0.833999
vt 0.566404 0.810719
vt 0.570376 0.869649
vt 0.567075 0.937584
vt 0.571730 0.943613
vt 0.579878 0.955257
vt 0.578891 0.850736
vt 0.576649 0.976448
vt 0.579955 0.989193
vt 0.581879 0.821015
vt 0.586391 0.861739
vt 0.583943 0.831743
vt 0.588502 0.866414
vt 0.590062 0.947667
vt 0.600057 0.841345
vt 0.599671 0.967112
vt 0.598294 0.952689
vt 0.603424 0.822395
vt 0.607190 0.982215
vt 0.594201 0.997206
vt 0.611198 0.863356
vt 0.603542 0.943949
vt 0.611565 0.994332
vt 0.612915 0.953536
vt 0.621901 0.845663
vt 0.619522 0.942567
vt 0.617926 0.968223
vt 0.622062 0.824729
vt 0.631735 0.862054
vt 0.619082 0.811227
vt 0.626696 0.981583
vt 0.621470 0.875361
vt 0.609484 0.869884
vt 0.623889 0.867518
vt 0.632803 0.957236
vt 0.628878 0.999690
vt 0.637762 0.829552
vt 0.630815 0.880589
vt 0.632875 0.938705
vt 0.639430 0.816734
vt 0.643174 0.986127
vt 0.641361 0.877517
vt 0.638360 0.924136
vt 0.627598 0.931494
vt 0.636087 0.919124
vt 0.642892 0.945269
vt 0.645702 0.848231
vt 0.638041 0.889234
vt 0.648126 0.930905
vt 0.657614 0.974844
vt 0.644994 0.892655
vt 0.645339 0.908239
vt 0.640305 0.911781
vt 0.653970 0.915131
vt 0.640501 0.901256
vt 0.662671 0.867968
vt 0.659024 0.957406
vt 0.660347 0.891269
vt 0.663205 0.945036
vt 0.657136 0.829069
vt 0.659213 0.987565
vt 0.668042 0.847413
vt 0.658085 0.817630
vt 0.670511 0.911281
vt 0.669788 0.927746
vt 0.677089 0.884011
vt 0.673831 0.829116
vt 0.681887 0.986842
vt 0.685746 0.944461
vt 0.682679 0.962164
vt 0.680221 0.815238
vt 0.687071 0.905988
vt 0.682993 0.873841
vt 0.685070 0.974742
vt 0.686946 0.924939
vt 0.692219 0.858666
vt 0.689279 0.835687
vt 0.702336 0.893256
vt 0.701517 0.959334
vt 0.703475 0.873971
vt 0.700373 0.819477
vt 0.704112 0.930822
vt 0.713143 0.943702
vt 0.709272 0.974887
vt 0.704374 0.987824
vt 0.708331 0.918588
vt 0.714340 0.864816
vt 0.707689 0.845368
vt 0.714335 0.828283
vt 0.725040 0.904330
vt 0.723485 0.957238
vt 0.722607 0.984860
vt 0.720365 0.884358
vt 0.725409 0.929969
vt 0.727577 0.844953
vt 0.728498 0.817722
vt 0.734110 0.916928
vt 0.730329 0.973798
vt 0.742173 0.876498
vt 0.732489 0.861535
vt 0.737233 0.944283
vt 0.735865 0.827446
vt 0.748574 0.961787
vt 0.745947 0.890231
vt 0.752888 0.844115
vt 0.750809 0.978874
vt 0.741423 0.992192
vt 0.757162 0.904994
vt 0.753910 0.927625
vt 0.749538 0.859919
vt 0.756005 0.821266
vt 0.762697 0.945501
vt 0.761048 0.997008
vt 0.770692 0.861639
vt 0.769989 0.971500
vt 0.767049 0.878263
vt 0.774610 0.913285
vt 0.777611 0.983259
vt 0.771881 0.894732
vt 0.772683 0.844815
vt 0.775518 0.955816
vt 0.782282 0.829231
vt 0.776926 0.993252
vt 0.782407 0.927528
vt 0.781239 0.939519
vt 0.780839 0.817584
vt 0.785240 0.887742
vt 0.782229 0.872481
vt 0.787430 0.969534
vt 0.789811 0.901349
vt 0.791100 0.848506
vt 0.791099 0.952466
vt 0.790130 0.914779
vt 0.791771 0.865511
vt 0.794926 0.938623
vt 0.792947 0.990197
vt 0.795634 0.877534
vt 0.796784 0.979985
vt 0.799256 0.894053
vt 0.798396 0.908579
vt 0.797949 0.924118
vt 0.799379 0.856437
vt 0.797075 0.833830
vt 0.799275 0.957873
vt 0.803084 0.969803
vt 0.797305 0.818764
vt 0.803469 0.868568
vt 0.803918 0.936007
vt 0.806577 0.992808
vt 0.809230 0.884781
vt 0.809219 0.920664
vt 0.803442 0.842156
vt 0.810301 0.851666
vt 0.812367 0.947217
vt 0.808295 0.826388
vt 0.811830 0.960815
vt 0.812456 0.975134
vt 0.809050 0.901969
vt 0.329376 0.980333
vt 0.342192 0.977053
vt 0.339806 0.970298
vt 0.326809 0.972036
vt 0.315507 0.988338
vt 0.302911 0.982361
vt 0.304012 0.994003
vt 0.288613 0.994920
vt 0.276338 0.995353
vt 0.272268 0.988059
vt 0.343688 0.955580
vt 0.304758 0.962949
vt 0.348652 0.963623
vt 0.258169 0.991677
vt 0.327661 0.958700
vt 0.272673 0.972397
vt 0.352470 0.951477
vt 0.252583 0.985655
vt 0.337231 0.943142
vt 0.255939 0.976997
vt 0.351583 0.941733
vt 0.346921 0.936422
vt 0.314355 0.938885
vt 0.242691 0.978723
vt 0.244226 0.987949
vt 0.275664 0.956469
vt 0.350840 0.927743
vt 0.256620 0.959647
vt 0.291474 0.941489
vt 0.234910 0.964660
vt 0.346045 0.918602
vt 0.331571 0.925861
vt 0.234081 0.975942
vt 0.332845 0.907049
vt 0.266851 0.938677
vt 0.352174 0.915407
vt 0.225645 0.960338
vt 0.220640 0.962261
vt 0.240806 0.938715
vt 0.345594 0.909796
vt 0.283469 0.919451
vt 0.314942 0.912473
vt 0.229240 0.945946
vt 0.339173 0.900100
vt 0.352470 0.905605
vt 0.221212 0.952929
vt 0.293603 0.905003
vt 0.260823 0.922460
vt 0.220896 0.941259
vt 0.312672 0.891105
vt 0.326088 0.887743
vt 0.242634 0.920787
vt 0.227696 0.923201
vt 0.218163 0.925207
vt 0.284222 0.887140
vt 0.272498 0.901224
vt 0.233985 0.909227
vt 0.250430 0.901391
vt 0.222862 0.912556
vt 0.301317 0.877958
vt 0.323222 0.878141
vt 0.261376 0.888526
vt 0.303968 0.873347
vt 0.234843 0.895921
vt 0.277768 0.875786
vt 0.244732 0.887183
vt 0.286153 0.869579
vt 0.227233 0.894789
vt 0.255616 0.879829
vt 0.239449 0.884618
vt 0.264634 0.872127
vt 0.250538 0.877272
vt 0.837113 0.747557
vt 0.834667 0.734483
vt 0.846253 0.736861
vt 0.824563 0.736115
vt 0.853669 0.745687
vt 0.851477 0.734382
vt 0.856728 0.739955
vt 0.825163 0.747803
vt 0.818010 0.739548
vt 0.811268 0.746141
vt 0.807720 0.738574
vt 0.798022 0.745587
vt 0.795828 0.738201
vt 0.780832 0.737434
vt 0.739345 0.742726
vt 0.729514 0.736972
vt 0.754956 0.739390
vt 0.847693 0.752308
vt 0.782525 0.751484
vt 0.773958 0.743305
vt 0.727664 0.753926
vt 0.715504 0.749533
vt 0.712544 0.738770
vt 0.695260 0.747779
vt 0.696792 0.738114
vt 0.683744 0.741336
vt 0.662775 0.751696
vt 0.664863 0.738077
vt 0.651505 0.753924
vt 0.652613 0.741676
vt 0.251768 0.746599
vt 0.263185 0.730604
vt 0.277812 0.742961
vt 0.243714 0.735117
vt 0.053375 0.748465
vt 0.056233 0.731640
vt 0.079761 0.743318
vt 0.042991 0.738081
vt 0.760488 0.750518
vt 0.743223 0.754629
vt 0.680554 0.755848
vt 0.644105 0.740096
vt 0.636982 0.754065
vt 0.629525 0.737329
vt 0.617954 0.748460
vt 0.580304 0.752503
vt 0.590743 0.740688
vt 0.598920 0.748788
vt 0.571415 0.743402
vt 0.556558 0.748724
vt 0.554896 0.739429
vt 0.539925 0.744295
vt 0.500809 0.752179
vt 0.491752 0.737287
vt 0.519787 0.733082
vt 0.476094 0.747975
vt 0.472629 0.737475
vt 0.294638 0.728934
vt 0.312476 0.735285
vt 0.299810 0.747896
vt 0.198467 0.747258
vt 0.177427 0.735362
vt 0.203443 0.735074
vt 0.613423 0.758889
vt 0.451493 0.745713
vt 0.425808 0.753274
vt 0.433240 0.738273
vt 0.412397 0.741605
vt 0.385024 0.755202
vt 0.379655 0.735309
vt 0.395190 0.744426
vt 0.366260 0.747268
vt 0.356156 0.736062
vt 0.344587 0.748301
vt 0.331169 0.735837
vt 0.320709 0.748153
vt 0.223528 0.742260
vt 0.176396 0.752484
vt 0.156484 0.734520
vt 0.154958 0.752235
vt 0.133713 0.742153
vt 0.095039 0.735377
vt 0.115363 0.736231
vt 0.110882 0.751379
vt 0.818753 0.759614
vt 0.806936 0.755567
vt 0.794773 0.761849
vt 0.554607 0.759230
vt 0.528858 0.754883
vt 0.521415 0.745836
vt 0.461847 0.756165
vt 0.409116 0.756132
vt 0.266521 0.759481
vt 0.234476 0.757576
vt 0.129792 0.761686
vt 0.084811 0.755659
vt 0.042976 0.757894
vt 0.854631 0.759898
vt 0.843289 0.758262
vt 0.834328 0.759892
vt 0.760932 0.760171
vt 0.706210 0.761312
vt 0.644100 0.762594
vt 0.591897 0.760187
vt 0.484634 0.763032
vt 0.441413 0.762178
vt 0.354245 0.761381
vt 0.333136 0.759984
vt 0.304547 0.759748
vt 0.207681 0.759743
vt 0.053463 0.760256
vt 0.849777 0.763877
vt 0.826116 0.761377
vt 0.781000 0.762819
vt 0.728411 0.764202
vt 0.668566 0.761826
vt 0.657454 0.764191
vt 0.651480 0.764936
vt 0.634707 0.766656
vt 0.574300 0.764129
vt 0.505277 0.763478
vt 0.518821 0.769212
vt 0.072117 0.768666
vt 0.838285 0.766870
vt 0.809980 0.764306
vt 0.748253 0.764560
vt 0.694305 0.765277
vt 0.681250 0.765460
vt 0.542694 0.769875
vt 0.462459 0.766299
vt 0.408801 0.768260
vt 0.375793 0.765499
vt 0.243289 0.769243
vt 0.170249 0.764991
vt 0.145290 0.769110
vt 0.103939 0.766371
vt 0.857567 0.766729
vt 0.825521 0.769305
vt 0.798780 0.774474
vt 0.784529 0.770532
vt 0.767695 0.769669
vt 0.664464 0.768939
vt 0.612045 0.772357
vt 0.596258 0.769680
vt 0.582896 0.772918
vt 0.560051 0.774856
vt 0.327996 0.777134
vt 0.304217 0.776707
vt 0.285200 0.776771
vt 0.200504 0.778422
vt 0.047372 0.772208
vt 0.854248 0.776896
vt 0.848089 0.776016
vt 0.819319 0.775370
vt 0.743438 0.774161
vt 0.725522 0.770612
vt 0.709323 0.775852
vt 0.652538 0.774719
vt 0.643614 0.776472
vt 0.492671 0.772834
vt 0.479446 0.778792
vt 0.452176 0.778584
vt 0.433154 0.777394
vt 0.390139 0.776049
vt 0.362423 0.776384
vt 0.858385 0.775889
vt 0.835279 0.777792
vt 0.756675 0.779575
vt 0.694086 0.778925
vt 0.679578 0.778504
vt 0.662874 0.779437
vt 0.629056 0.777704
vt 0.589189 0.779679
vt 0.526884 0.779828
vt 0.260596 0.780032
vt 0.227292 0.779746
vt 0.178825 0.778663
vt 0.149878 0.780546
vt 0.123676 0.777618
vt 0.105564 0.780796
vt 0.068742 0.780405
vt 0.805922 0.780321
vt 0.780370 0.780653
vt 0.729807 0.783730
vt 0.567398 0.784070
vt 0.503382 0.780377
vt 0.411366 0.780513
vt 0.342206 0.786717
vt 0.048721 0.783652
vt 0.042797 0.788518
vt 0.827121 0.780067
vt 0.812724 0.784709
vt 0.856014 0.788498
vt 0.771997 0.788211
vt 0.743666 0.787068
vt 0.654309 0.788148
vt 0.644608 0.791009
vt 0.638315 0.786773
vt 0.623081 0.786743
vt 0.602927 0.788210
vt 0.576419 0.793773
vt 0.551789 0.790156
vt 0.534298 0.788742
vt 0.519235 0.793024
vt 0.496872 0.789319
vt 0.476564 0.795505
vt 0.458380 0.791030
vt 0.435011 0.795008
vt 0.404512 0.790950
vt 0.383882 0.790207
vt 0.364421 0.792213
vt 0.308488 0.792027
vt 0.287775 0.793369
vt 0.266449 0.793144
vt 0.242100 0.793085
vt 0.219140 0.792955
vt 0.186535 0.793252
vt 0.162283 0.790386
vt 0.141583 0.793678
vt 0.109432 0.795151
vt 0.080256 0.794337
vt 0.060427 0.794553
vt 0.051933 0.801961
vt 0.789690 0.787750
vt 0.709966 0.787514
vt 0.690747 0.788548
vt 0.677464 0.788337
vt 0.661642 0.786091
vt 0.636296 0.795239
vt 0.612946 0.795318
vt 0.503110 0.799304
vt 0.410070 0.800762
vt 0.200872 0.801973
vt 0.172647 0.801898
vt 0.847333 0.787902
vt 0.826514 0.787793
vt 0.803570 0.789729
vt 0.758635 0.787987
vt 0.760340 0.797883
vt 0.744165 0.797882
vt 0.729153 0.796942
vt 0.706758 0.794252
vt 0.668945 0.794851
vt 0.650686 0.796731
vt 0.593825 0.802853
vt 0.552005 0.798648
vt 0.536782 0.803619
vt 0.455306 0.804557
vt 0.374978 0.801599
vt 0.346328 0.802871
vt 0.325967 0.801646
vt 0.302992 0.802641
vt 0.279954 0.803596
vt 0.261414 0.803753
vt 0.240883 0.804135
vt 0.147398 0.803152
vt 0.126157 0.804867
vt 0.099955 0.806374
vt 0.070300 0.805064
vt 0.836285 0.789114
vt 0.820599 0.793010
vt 0.813875 0.798866
vt 0.801462 0.796417
vt 0.780544 0.798697
vt 0.689392 0.801939
vt 0.656832 0.798988
vt 0.643420 0.805124
vt 0.634076 0.808990
vt 0.616196 0.805657
vt 0.567675 0.807515
vt 0.520303 0.806924
vt 0.499341 0.808096
vt 0.475864 0.809655
vt 0.440319 0.810038
vt 0.410047 0.815266
vt 0.383688 0.813570
vt 0.360047 0.811589
vt 0.341917 0.811849
vt 0.317930 0.814374
vt 0.279187 0.812873
vt 0.251817 0.812298
vt 0.224996 0.808782
vt 0.203130 0.813556
vt 0.177713 0.813413
vt 0.157281 0.813691
vt 0.137251 0.813957
vt 0.115424 0.814240
vt 0.090443 0.815303
vt 0.065541 0.814145
vt 0.053802 0.819393
vt 0.848553 0.795525
vt 0.838000 0.797050
vt 0.829596 0.794156
vt 0.653141 0.808687
vt 0.856633 0.798977
vt 0.826354 0.803927
vt 0.811675 0.808478
vt 0.798967 0.807561
vt 0.717561 0.809365
vt 0.679610 0.808895
vt 0.664416 0.805710
vt 0.849273 0.805791
vt 0.790272 0.813456
vt 0.769633 0.811306
vt 0.755436 0.810131
vt 0.737394 0.810395
vt 0.697154 0.812608
vt 0.665887 0.813895
vt 0.649059 0.814812
vt 0.838923 0.808819
vt 0.806914 0.817525
vt 0.853513 0.812975
vt 0.845380 0.818907
vt 0.823868 0.814984
vt 0.815520 0.819393
vt 0.833510 0.815568
vt 0.981152 0.548632
vt 0.985278 0.553448
vt 0.994195 0.548199
vt 0.990238 0.544121
vt 0.979048 0.424079
vt 0.985218 0.444329
vt 0.992474 0.422726
vt 0.982057 0.406179
vt 0.997101 0.406000
vt 0.993481 0.390938
vt 0.982032 0.377901
vt 0.998066 0.374614
vt 0.988172 0.351556
vt 0.984665 0.325925
vt 0.996444 0.325437
vt 0.984701 0.310621
vt 0.989415 0.294029
vt 0.980036 0.262724
vt 0.985650 0.277565
vt 0.999652 0.265787
vt 0.989414 0.243894
vt 0.980418 0.226992
vt 0.994864 0.226859
vt 0.983566 0.205642
vt 0.996046 0.206150
vt 0.983374 0.180870
vt 0.995249 0.179274
vt 0.981161 0.163113
vt 0.990189 0.145572
vt 0.982923 0.129354
vt 0.996406 0.122788
vt 0.981801 0.110477
vt 0.999652 0.101020
vt 0.983222 0.090400
vt 0.996853 0.082959
vt 0.982037 0.073424
vt 0.982715 0.055892
vt 0.993806 0.059549
vt 0.994275 0.037083
vt 0.980992 0.036576
vt 0.982514 0.023540
vt 0.998081 0.021978
vt 0.974834 0.544416
vt 0.982283 0.536615
vt 0.973438 0.510485
vt 0.983641 0.518373
vt 0.985491 0.496722
vt 0.975346 0.491860
vt 0.987770 0.481398
vt 0.975380 0.475990
vt 0.987170 0.460728
vt 0.972896 0.453833
vt 0.969637 0.400486
vt 0.974457 0.330661
vt 0.973095 0.352077
vt 0.974104 0.289862
vt 0.973912 0.241761
vt 0.974426 0.190703
vt 0.973227 0.145241
vt 0.972879 0.084189
vt 0.970995 0.068149
vt 0.968806 0.022095
vt 0.985750 0.014560
vt 0.980456 0.657539
vt 0.989060 0.669831
vt 0.990448 0.655003
vt 0.979883 0.643534
vt 0.992593 0.641892
vt 0.977228 0.629950
vt 0.989189 0.623439
vt 0.982433 0.609298
vt 0.989236 0.606256
vt 0.987390 0.592031
vt 0.979731 0.572765
vt 0.987887 0.579012
vt 0.987400 0.566221
vt 0.977998 0.555381
vt 0.987384 0.557947
vt 0.972170 0.530706
vt 0.968116 0.431550
vt 0.967764 0.377534
vt 0.973152 0.311015
vt 0.969729 0.165997
vt 0.969700 0.124420
vt 0.969846 0.102504
vt 0.982971 0.702778
vt 0.992725 0.706634
vt 0.990864 0.695021
vt 0.978958 0.682994
vt 0.990077 0.683802
vt 0.968708 0.612605
vt 0.975919 0.593806
vt 0.968892 0.560440
vt 0.961585 0.549971
vt 0.959722 0.545856
vt 0.964024 0.535513
vt 0.963767 0.518780
vt 0.963652 0.499819
vt 0.964563 0.480054
vt 0.959829 0.462021
vt 0.959114 0.446494
vt 0.959220 0.364338
vt 0.959708 0.341132
vt 0.964882 0.322057
vt 0.958740 0.305039
vt 0.956778 0.287471
vt 0.964742 0.267928
vt 0.960640 0.242770
vt 0.969248 0.219397
vt 0.954743 0.221797
vt 0.954781 0.196032
vt 0.959688 0.179938
vt 0.954623 0.159306
vt 0.959100 0.130812
vt 0.959629 0.109836
vt 0.958063 0.085823
vt 0.958928 0.059483
vt 0.968504 0.039614
vt 0.958856 0.038468
vt 0.983298 0.720250
vt 0.995071 0.726346
vt 0.993909 0.715920
vt 0.985629 0.709921
vt 0.974709 0.695828
vt 0.969743 0.671274
vt 0.964529 0.637723
vt 0.966676 0.579619
vt 0.951188 0.537135
vt 0.953865 0.522865
vt 0.918411 0.521501
vt 0.922769 0.537857
vt 0.928934 0.522495
vt 0.950673 0.508120
vt 0.914241 0.501130
vt 0.931235 0.503744
vt 0.955336 0.485735
vt 0.918339 0.477398
vt 0.928256 0.477341
vt 0.912432 0.449751
vt 0.926076 0.459026
vt 0.926798 0.443139
vt 0.915194 0.434890
vt 0.950148 0.432574
vt 0.925599 0.427963
vt 0.955723 0.418716
vt 0.915370 0.416149
vt 0.928742 0.399679
vt 0.953391 0.396959
vt 0.916061 0.395333
vt 0.924843 0.381783
vt 0.949243 0.378420
vt 0.909418 0.377357
vt 0.914886 0.363997
vt 0.928242 0.360482
vt 0.945806 0.357885
vt 0.919535 0.337266
vt 0.950155 0.324007
vt 0.913726 0.293429
vt 0.916724 0.314146
vt 0.930803 0.303292
vt 0.927417 0.284788
vt 0.913434 0.277524
vt 0.924205 0.268168
vt 0.949832 0.261839
vt 0.915500 0.256409
vt 0.943314 0.236723
vt 0.912710 0.222405
vt 0.926449 0.228913
vt 0.926154 0.203519
vt 0.942740 0.213141
vt 0.911416 0.198417
vt 0.924864 0.173297
vt 0.907098 0.174976
vt 0.944824 0.176459
vt 0.911848 0.155748
vt 0.921223 0.143286
vt 0.944625 0.141834
vt 0.911147 0.133501
vt 0.921331 0.122883
vt 0.911023 0.115599
vt 0.945010 0.112135
vt 0.910899 0.098060
vt 0.927658 0.101398
vt 0.944902 0.087637
vt 0.910674 0.078959
vt 0.923312 0.071284
vt 0.948234 0.071452
vt 0.911327 0.057055
vt 0.941115 0.057994
vt 0.927491 0.046105
vt 0.940807 0.033388
vt 0.909403 0.035262
vt 0.922781 0.031875
vt 0.952637 0.026527
vt 0.914582 0.024785
vt 0.954821 0.020979
vt 0.979609 0.729814
vt 0.993549 0.732610
vt 0.967363 0.652787
vt 0.964199 0.597510
vt 0.960164 0.571663
vt 0.962501 0.555417
vt 0.945619 0.544871
vt 0.943401 0.550975
vt 0.931307 0.547263
vt 0.937154 0.535325
vt 0.917482 0.545927
vt 0.942763 0.523146
vt 0.941510 0.486920
vt 0.947323 0.465822
vt 0.935858 0.457103
vt 0.944538 0.448524
vt 0.936632 0.438975
vt 0.939906 0.416551
vt 0.941670 0.396541
vt 0.937162 0.379132
vt 0.937659 0.344582
vt 0.949194 0.340467
vt 0.935482 0.326786
vt 0.945757 0.304405
vt 0.944130 0.286126
vt 0.936234 0.271976
vt 0.932477 0.252228
vt 0.938112 0.189170
vt 0.934387 0.158231
vt 0.931716 0.133759
vt 0.934263 0.078521
vt 0.939181 0.024071
vt 0.925294 0.023786
vt 0.978084 0.734678
vt 0.971583 0.710627
vt 0.962619 0.700818
vt 0.963012 0.688965
vt 0.962429 0.662214
vt 0.959288 0.621262
vt 0.955698 0.593389
vt 0.957040 0.558357
vt 0.950642 0.555145
vt 0.936212 0.554941
vt 0.926274 0.554147
vt 0.954797 0.674851
vt 0.957384 0.647522
vt 0.916873 0.646658
vt 0.917889 0.659315
vt 0.926289 0.649503
vt 0.926915 0.626831
vt 0.952914 0.631969
vt 0.917541 0.630665
vt 0.916788 0.613106
vt 0.927484 0.607976
vt 0.956546 0.608431
vt 0.920850 0.595180
vt 0.928909 0.591814
vt 0.917280 0.579581
vt 0.946986 0.586346
vt 0.928678 0.577548
vt 0.950330 0.569304
vt 0.923439 0.567800
vt 0.938039 0.574022
vt 0.943456 0.559448
vt 0.932021 0.558826
vt 0.918849 0.556256
vt 0.963792 0.734565
vt 0.966303 0.727863
vt 0.965437 0.720416
vt 0.912445 0.695102
vt 0.915397 0.707472
vt 0.923229 0.700849
vt 0.955931 0.696838
vt 0.950322 0.684923
vt 0.919656 0.677761
vt 0.922978 0.692995
vt 0.932373 0.680191
vt 0.946899 0.669796
vt 0.937620 0.658901
vt 0.928524 0.661447
vt 0.951839 0.656545
vt 0.935723 0.644756
vt 0.946188 0.640638
vt 0.941366 0.629583
vt 0.946222 0.615724
vt 0.936646 0.613690
vt 0.942260 0.598024
vt 0.917854 0.726761
vt 0.911321 0.734138
vt 0.924294 0.735130
vt 0.963143 0.711522
vt 0.950767 0.703223
vt 0.941367 0.694823
vt 0.934744 0.700786
vt 0.954873 0.730544
vt 0.946885 0.734920
vt 0.927621 0.729167
vt 0.935028 0.734732
vt 0.950122 0.720794
vt 0.914610 0.716091
vt 0.922074 0.713199
vt 0.954772 0.711223
vt 0.932667 0.708939
vt 0.945244 0.710272
vt 0.940434 0.729768
vt 0.932685 0.719336
vt 0.047020 0.203272
vt 0.024908 0.207713
vt 0.042404 0.168639
vt 0.064358 0.166649
vt 0.049713 0.141896
vt 0.077954 0.136862
vt 0.064370 0.119762
vt 0.106571 0.099675
vt 0.040903 0.232231
vt 0.067176 0.194840
vt 0.097283 0.143879
vt 0.109974 0.117292
vt 0.146788 0.099516
vt 0.134475 0.084654
vt 0.056276 0.258804
vt 0.046344 0.272942
vt 0.032900 0.254651
vt 0.064412 0.230976
vt 0.178849 0.085744
vt 0.097558 0.188982
vt 0.136413 0.136233
vt 0.076913 0.280416
vt 0.066596 0.287381
vt 0.181791 0.113842
vt 0.091098 0.209223
vt 0.111928 0.165534
vt 0.162122 0.123173
vt 0.209270 0.103233
vt 0.076176 0.259057
vt 0.087393 0.233882
vt 0.082330 0.293024
vt 0.120644 0.189777
vt 0.142240 0.166088
vt 0.173319 0.139985
vt 0.206191 0.118608
vt 0.101852 0.291868
vt 0.102610 0.303791
vt 0.108109 0.281582
vt 0.099561 0.259286
vt 0.108059 0.231331
vt 0.167212 0.159258
vt 0.199522 0.150589
vt 0.228643 0.122317
vt 0.136676 0.213642
vt 0.143537 0.189009
vt 0.218868 0.136181
vt 0.125262 0.249224
vt 0.161735 0.183916
vt 0.128463 0.230620
vt 0.115491 0.297372
vt 0.117464 0.266339
vt 0.185969 0.171496
vt 0.248978 0.143046
vt 0.133090 0.274809
vt 0.157482 0.203710
vt 0.225025 0.152756
vt 0.133485 0.290150
vt 0.145188 0.236508
vt 0.212725 0.170455
vt 0.240505 0.156238
vt 0.134032 0.302032
vt 0.126468 0.308174
vt 0.187389 0.196918
vt 0.174151 0.205355
vt 0.258803 0.161292
vt 0.150366 0.251158
vt 0.201297 0.187207
vt 0.234852 0.173627
vt 0.144990 0.298760
vt 0.152147 0.286898
vt 0.162048 0.236418
vt 0.227377 0.189624
vt 0.257618 0.170537
vt 0.158780 0.268503
vt 0.214869 0.196034
vt 0.250238 0.175663
vt 0.152807 0.305557
vt 0.169126 0.247962
vt 0.156723 0.300216
vt 0.211151 0.208845
vt 0.191183 0.215710
vt 0.242119 0.189215
vt 0.255386 0.188655
vt 0.162188 0.293204
vt 0.177104 0.264116
vt 0.263554 0.184127
vt 0.169737 0.280430
vt 0.169701 0.307938
vt 0.172341 0.298293
vt 0.235980 0.205685
vt 0.186917 0.248958
vt 0.220862 0.216973
vt 0.200160 0.228863
vt 0.257910 0.201028
vt 0.185132 0.277654
vt 0.250906 0.206604
vt 0.183748 0.288017
vt 0.195535 0.266415
vt 0.266729 0.202345
vt 0.181481 0.306077
vt 0.203333 0.252414
vt 0.206803 0.242065
vt 0.222865 0.230317
vt 0.235376 0.217652
vt 0.191584 0.295882
vt 0.248133 0.219993
vt 0.224927 0.244354
vt 0.260705 0.211696
vt 0.197245 0.286503
vt 0.241416 0.229732
vt 0.201640 0.278711
vt 0.209588 0.266690
vt 0.195383 0.301868
vt 0.217233 0.255192
vt 0.259597 0.220844
vt 0.266999 0.219502
vt 0.272897 0.214326
vt 0.242449 0.239671
vt 0.254314 0.229868
vt 0.204223 0.293661
vt 0.216288 0.278895
vt 0.209300 0.285050
vt 0.220626 0.267426
vt 0.264721 0.230150
vt 0.228345 0.261048
vt 0.237284 0.251755
vt 0.209749 0.301019
vt 0.212890 0.294544
vt 0.249037 0.250556
vt 0.254223 0.243187
vt 0.259998 0.238503
vt 0.220225 0.288584
vt 0.230331 0.274841
vt 0.238995 0.266027
vt 0.243434 0.258322
vt 0.264726 0.243814
vt 0.226541 0.284644
vt 0.258250 0.249661
vt 0.234347 0.280136
vt 0.240859 0.273821
vt 0.251268 0.260569
vt 0.231792 0.286524
vt 0.247284 0.269343
vt 0.010987 0.195387
vt 0.019340 0.169184
vt 0.021646 0.236002
vt 0.081217 0.098194
vt 0.107723 0.076375
vt 0.161911 0.063551
vt 0.030088 0.279770
vt 0.210987 0.084155
vt 0.056039 0.298184
vt 0.071530 0.299473
vt 0.091301 0.305410
vt 0.232290 0.103427
vt 0.240185 0.121666
vt 0.161656 0.220490
vt 0.261245 0.150052
vt 0.142446 0.312259
vt 0.181076 0.231924
vt 0.159049 0.311850
vt 0.267271 0.177558
vt 0.273109 0.192112
vt 0.273849 0.202878
vt 0.191720 0.307385
vt 0.198729 0.304805
vt 0.272565 0.226347
vt 0.270435 0.236537
vt 0.222312 0.295378
vt 0.268938 0.246724
vt 0.231106 0.291726
vt 0.264288 0.253143
vt 0.236078 0.286876
vt 0.241369 0.281743
vt 0.256965 0.264504
vt 0.247153 0.278232
vt 0.251766 0.271052
vt 0.027754 0.135806
vt 0.044079 0.114456
vt 0.005934 0.230427
vt 0.062719 0.089783
vt 0.009626 0.265677
vt 0.108209 0.311693
vt 0.254012 0.127718
vt 0.270520 0.162023
vt 0.175994 0.312914
vt 0.185614 0.310584
vt 0.195453 0.312524
vt 0.199514 0.308981
vt 0.278198 0.223398
vt 0.208984 0.305092
vt 0.275879 0.231576
vt 0.217100 0.301480
vt 0.277558 0.240005
vt 0.226291 0.297732
vt 0.273425 0.242218
vt 0.266703 0.254857
vt 0.263848 0.261747
vt 0.253927 0.275317
vt 0.257618 0.268288
vt 0.205040 0.054722
vt 0.223120 0.302885
vt 0.010061 0.145103
vt 0.000348 0.172159
vt 0.040999 0.097529
vt 0.082694 0.312782
vt 0.127703 0.317414
vt 0.041984 0.303782
vt 0.148628 0.320959
vt 0.024431 0.293429
vt 0.064650 0.310862
vt 0.099160 0.316904
vt 0.112584 0.320729
vt 0.162042 0.319682
vt 0.172228 0.319389
vt 0.183916 0.315984
vt 0.203495 0.312485
vt 0.209923 0.309405
vt 0.017622 0.314052
vt 0.067620 0.322531
vt 0.099330 0.326595
vt 0.122726 0.326526
vt 0.137577 0.323758
vt 0.179899 0.321741
vt 0.191659 0.317861
vt 0.044348 0.315142
vt 0.148672 0.332232
vt 0.163450 0.331034
vt 0.200155 0.319741
vt 0.208540 0.317742
vt 0.215541 0.311620
vt 0.117588 0.336612
vt 0.133405 0.336622
vt 0.175515 0.329776
vt 0.036025 0.340830
vt 0.054593 0.344705
vt 0.188302 0.330290
vt 0.216122 0.319185
vt 0.085229 0.347855
vt 0.102691 0.340575
vt 0.011480 0.339971
vt 0.202505 0.328127
vt 0.148070 0.347995
vt 0.177992 0.338526
vt 0.163363 0.343917
vt 0.193659 0.338067
vt 0.214559 0.328946
vt 0.016621 0.363229
vt 0.108245 0.362670
vt 0.129541 0.355944
vt 0.207744 0.340032
vt 0.222087 0.328874
vt 0.076428 0.364923
vt 0.052211 0.373392
vt 0.184019 0.349882
vt 0.172008 0.352092
vt 0.221281 0.338102
vt 0.027427 0.385298
vt 0.095638 0.366490
vt 0.148277 0.369332
vt 0.161557 0.358075
vt 0.132959 0.371840
vt 0.200255 0.351537
vt 0.102819 0.380955
vt 0.078588 0.382419
vt 0.232352 0.331138
vt 0.049751 0.398999
vt 0.181996 0.366259
vt 0.230834 0.339604
vt 0.066749 0.405184
vt 0.122272 0.392873
vt 0.168255 0.371755
vt 0.194492 0.363662
vt 0.224423 0.346252
vt 0.220372 0.354529
vt 0.159796 0.384464
vt 0.211879 0.355517
vt 0.040250 0.418871
vt 0.023636 0.423072
vt 0.094049 0.405413
vt 0.108943 0.404460
vt 0.144847 0.389938
vt 0.213542 0.366869
vt 0.237612 0.349768
vt 0.173699 0.386881
vt 0.185514 0.381149
vt 0.230993 0.355112
vt 0.198115 0.382324
vt 0.091405 0.425130
vt 0.049336 0.446505
vt 0.073029 0.438791
vt 0.129029 0.413959
vt 0.146454 0.410703
vt 0.163502 0.404658
vt 0.033910 0.456641
vt 0.117790 0.425279
vt 0.190488 0.398374
vt 0.229694 0.367929
vt 0.237034 0.363607
vt 0.222545 0.379725
vt 0.184213 0.411609
vt 0.210664 0.388207
vt 0.250720 0.366908
vt 0.064619 0.473884
vt 0.102221 0.447824
vt 0.148498 0.428919
vt 0.051041 0.489491
vt 0.099558 0.467613
vt 0.131187 0.442630
vt 0.171883 0.428057
vt 0.212533 0.403495
vt 0.238598 0.377685
vt 0.239210 0.389646
vt 0.205832 0.412897
vt 0.130081 0.460272
vt 0.225344 0.398879
vt 0.259549 0.375994
vt 0.093427 0.490753
vt 0.154947 0.453037
vt 0.255398 0.384927
vt 0.078350 0.505772
vt 0.203085 0.428413
vt 0.190254 0.438108
vt 0.128254 0.485420
vt 0.150654 0.478393
vt 0.180177 0.449414
vt 0.223935 0.417884
vt 0.239220 0.405023
vt 0.120879 0.502492
vt 0.254064 0.399668
vt 0.101774 0.524940
vt 0.173671 0.467087
vt 0.267249 0.392482
vt 0.193635 0.462981
vt 0.257951 0.414155
vt 0.276243 0.386987
vt 0.220748 0.445855
vt 0.233223 0.429956
vt 0.245300 0.420918
vt 0.153735 0.507048
vt 0.170973 0.494688
vt 0.264540 0.406922
vt 0.195631 0.480630
vt 0.137471 0.528222
vt 0.137275 0.553239
vt 0.275743 0.404713
vt 0.104847 0.551860
vt 0.211542 0.468368
vt 0.249543 0.434126
vt 0.264590 0.427159
vt 0.288552 0.401306
vt 0.246266 0.445093
vt 0.158877 0.532525
vt 0.234583 0.463899
vt 0.274865 0.418147
vt 0.195888 0.501984
vt 0.265812 0.437548
vt 0.287955 0.412680
vt 0.127129 0.574908
vt 0.186594 0.524726
vt 0.222622 0.482788
vt 0.167600 0.552406
vt 0.288767 0.426562
vt 0.158961 0.576809
vt 0.208104 0.522156
vt 0.247160 0.483133
vt 0.303006 0.415871
vt 0.264937 0.451266
vt 0.287937 0.441724
vt 0.201559 0.551731
vt 0.225122 0.510542
vt 0.266605 0.463868
vt 0.188581 0.571598
vt 0.240708 0.502100
vt 0.283165 0.454239
vt 0.260417 0.478042
vt 0.304217 0.439189
vt 0.179560 0.600555
vt 0.230266 0.538450
vt 0.316714 0.430660
vt 0.251880 0.521035
vt 0.281240 0.481675
vt 0.285066 0.469658
vt 0.201015 0.594625
vt 0.231623 0.556636
vt 0.266065 0.501909
vt 0.296145 0.457243
vt 0.231441 0.583188
vt 0.285735 0.496341
vt 0.322982 0.422119
vt 0.204759 0.615847
vt 0.257709 0.548028
vt 0.262131 0.535013
vt 0.313392 0.453530
vt 0.320697 0.443030
vt 0.226761 0.609684
vt 0.277968 0.518254
vt 0.307274 0.470030
vt 0.330508 0.433083
vt 0.239742 0.626235
vt 0.258312 0.568952
vt 0.335862 0.444613
vt 0.294445 0.507481
vt 0.308839 0.486302
vt 0.318143 0.465667
vt 0.257963 0.607391
vt 0.259393 0.588517
vt 0.280131 0.539636
vt 0.332168 0.456261
vt 0.287581 0.564596
vt 0.294517 0.525143
vt 0.308501 0.502887
vt 0.341361 0.431884
vt 0.287117 0.584107
vt 0.324538 0.482009
vt 0.335731 0.467845
vt 0.268779 0.641747
vt 0.286773 0.626218
vt 0.279067 0.600876
vt 0.298445 0.549500
vt 0.349646 0.442128
vt 0.308544 0.537032
vt 0.317174 0.522501
vt 0.324185 0.496176
vt 0.347905 0.451945
vt 0.347454 0.462610
vt 0.314625 0.609480
vt 0.326803 0.508209
vt 0.339748 0.481770
vt 0.309868 0.583588
vt 0.318459 0.567407
vt 0.337964 0.498032
vt 0.360343 0.449372
vt 0.314292 0.647052
vt 0.324693 0.550902
vt 0.363712 0.460081
vt 0.337209 0.537366
vt 0.334129 0.520913
vt 0.355528 0.474815
vt 0.322963 0.628922
vt 0.345998 0.510059
vt 0.356270 0.487112
vt 0.335337 0.584729
vt 0.340507 0.564496
vt 0.351435 0.498438
vt 0.341895 0.550330
vt 0.352629 0.526966
vt 0.371831 0.453758
vt 0.371477 0.471153
vt 0.349721 0.632305
vt 0.359018 0.653965
vt 0.364242 0.610785
vt 0.356094 0.541552
vt 0.362597 0.505535
vt 0.368770 0.494330
vt 0.380309 0.464938
vt 0.373117 0.592264
vt 0.359614 0.574305
vt 0.366651 0.555287
vt 0.367719 0.515606
vt 0.376568 0.482060
vt 0.384270 0.458490
vt 0.374754 0.527345
vt 0.378533 0.504580
vt 0.377290 0.633425
vt 0.375365 0.543406
vt 0.378995 0.570368
vt 0.383516 0.475340
vt 0.400232 0.643781
vt 0.383911 0.489516
vt 0.401201 0.622500
vt 0.392396 0.604306
vt 0.385121 0.513963
vt 0.387058 0.497718
vt 0.390938 0.481229
vt 0.394751 0.461154
vt 0.391240 0.579363
vt 0.387468 0.561041
vt 0.386722 0.530428
vt 0.392360 0.470672
vt 0.402464 0.592399
vt 0.412134 0.608814
vt 0.392218 0.502655
vt 0.394317 0.490712
vt 0.398866 0.473412
vt 0.428479 0.635903
vt 0.404593 0.573999
vt 0.397151 0.563010
vt 0.394168 0.541634
vt 0.392835 0.516719
vt 0.401035 0.465740
vt 0.429016 0.618430
vt 0.396508 0.527228
vt 0.398652 0.480553
vt 0.401960 0.488493
vt 0.422773 0.596286
vt 0.404532 0.554781
vt 0.405160 0.539072
vt 0.401831 0.512628
vt 0.399053 0.499799
vt 0.406046 0.470693
vt 0.417778 0.578227
vt 0.412387 0.561338
vt 0.278894 0.175336
vt 0.279756 0.198039
vt 0.280943 0.208910
vt 0.240755 0.095055
vt 0.254688 0.112855
vt 0.232002 0.080495
vt 0.257648 0.103402
vt 0.270889 0.139981
vt 0.263104 0.124158
vt 0.275181 0.156086
vt 0.281869 0.188165
vt 0.283952 0.218136
vt 0.281364 0.230194
vt 0.232794 0.056739
vt 0.254998 0.080166
vt 0.286314 0.199723
vt 0.212642 0.028916
vt 0.272511 0.112995
vt 0.285988 0.126998
vt 0.285265 0.150517
vt 0.289709 0.169575
vt 0.292498 0.185728
vt 0.288903 0.209025
vt 0.290856 0.228142
vt 0.286158 0.239221
vt 0.283370 0.245228
vt 0.242574 0.016629
vt 0.276876 0.093509
vt 0.296794 0.203178
vt 0.296358 0.216831
vt 0.280290 0.060877
vt 0.293855 0.235558
vt 0.258778 0.034993
vt 0.298187 0.159413
vt 0.300264 0.193206
vt 0.292170 0.107136
vt 0.299571 0.146104
vt 0.305115 0.171228
vt 0.301370 0.077546
vt 0.316683 0.191970
vt 0.312152 0.223742
vt 0.299853 0.243348
vt 0.293842 0.249332
vt 0.278829 0.009609
vt 0.312079 0.135165
vt 0.309173 0.202945
vt 0.307895 0.213611
vt 0.302688 0.233614
vt 0.313978 0.154623
vt 0.320652 0.027412
vt 0.321132 0.097296
vt 0.311406 0.111667
vt 0.313504 0.055598
vt 0.324478 0.173938
vt 0.303968 0.253291
vt 0.329736 0.000310
vt 0.338171 0.073372
vt 0.335542 0.112993
vt 0.330341 0.134608
vt 0.325320 0.205242
vt 0.322415 0.217363
vt 0.310790 0.238412
vt 0.332553 0.157111
vt 0.333324 0.183432
vt 0.322038 0.237168
vt 0.315994 0.247239
vt 0.350758 0.049697
vt 0.340177 0.195647
vt 0.335258 0.226406
vt 0.316974 0.257725
vt 0.351633 0.092791
vt 0.354369 0.134209
vt 0.348320 0.151345
vt 0.353248 0.170477
vt 0.363016 0.031395
vt 0.373507 0.002306
vt 0.367089 0.116426
vt 0.345272 0.215386
vt 0.373328 0.074005
vt 0.361444 0.186129
vt 0.352985 0.202302
vt 0.334258 0.241154
vt 0.331197 0.254353
vt 0.397679 0.022946
vt 0.403542 0.053376
vt 0.387965 0.102662
vt 0.368435 0.155610
vt 0.393483 0.137408
vt 0.351714 0.227832
vt 0.344392 0.236688
vt 0.328772 0.264172
vt 0.377376 0.172402
vt 0.344288 0.252871
vt 0.410477 0.076808
vt 0.387098 0.158042
vt 0.371742 0.198629
vt 0.365061 0.217181
vt 0.443570 0.036976
vt 0.456761 0.017251
vt 0.346637 0.263316
vt 0.416969 0.111057
vt 0.366541 0.231424
vt 0.360857 0.243296
vt 0.416709 0.154908
vt 0.407300 0.174106
vt 0.393238 0.192230
vt 0.379227 0.215354
vt 0.360032 0.257370
vt 0.443684 0.074552
vt 0.470462 0.062356
vt 0.426655 0.138290
vt 0.379490 0.243994
vt 0.461210 0.095083
vt 0.443527 0.117949
vt 0.388602 0.235471
vt 0.375142 0.253765
vt 0.395303 0.219136
vt 0.358905 0.274224
vt 0.500045 0.033559
vt 0.458468 0.139041
vt 0.420229 0.198219
vt 0.473440 0.115976
vt 0.444150 0.156052
vt 0.409443 0.208647
vt 0.375945 0.269914
vt 0.514217 0.056940
vt 0.435652 0.178598
vt 0.406440 0.228631
vt 0.513523 0.085421
vt 0.499542 0.107554
vt 0.440795 0.202653
vt 0.428086 0.216523
vt 0.398958 0.250266
vt 0.391042 0.262433
vt 0.498588 0.139564
vt 0.462519 0.171332
vt 0.453827 0.190495
vt 0.377440 0.280582
vt 0.371657 0.289565
vt 0.428062 0.230793
vt 0.572379 0.071608
vt 0.481856 0.164872
vt 0.418097 0.247658
vt 0.391749 0.279486
vt 0.543648 0.096862
vt 0.537769 0.127457
vt 0.409106 0.261087
vt 0.390685 0.292812
vt 0.484239 0.184626
vt 0.448453 0.227675
vt 0.403143 0.271952
vt 0.511526 0.168704
vt 0.469384 0.205081
vt 0.469029 0.223676
vt 0.444211 0.249115
vt 0.387073 0.302812
vt 0.583936 0.100097
vt 0.572318 0.137592
vt 0.528549 0.158072
vt 0.494232 0.202169
vt 0.419848 0.270526
vt 0.405646 0.287397
vt 0.417125 0.280824
vt 0.437024 0.267557
vt 0.524010 0.196048
vt 0.488587 0.223581
vt 0.473841 0.241494
vt 0.552184 0.166783
vt 0.613481 0.117873
vt 0.511387 0.218191
vt 0.438459 0.284270
vt 0.414075 0.298582
vt 0.404678 0.308901
vt 0.546066 0.186013
vt 0.425918 0.289717
vt 0.628004 0.148183
vt 0.464499 0.263906
vt 0.578468 0.172284
vt 0.504957 0.244968
vt 0.601010 0.163772
vt 0.572303 0.199266
vt 0.600829 0.197358
vt 0.546382 0.216732
vt 0.495836 0.258535
vt 0.461073 0.280918
vt 0.436985 0.300840
vt 0.484667 0.274592
vt 0.428476 0.312997
vt 0.414091 0.324613
vt 0.618707 0.185533
vt 0.545694 0.238830
vt 0.453959 0.300213
vt 0.647816 0.174999
vt 0.669860 0.156048
vt 0.585563 0.230867
vt 0.638967 0.207530
vt 0.536288 0.257528
vt 0.476015 0.295482
vt 0.442067 0.314809
vt 0.682450 0.183167
vt 0.520429 0.270088
vt 0.502630 0.282321
vt 0.426800 0.332392
vt 0.665088 0.209248
vt 0.624744 0.238567
vt 0.442578 0.329988
vt 0.490936 0.294755
vt 0.456983 0.315927
vt 0.701781 0.219712
vt 0.568329 0.268836
vt 0.484529 0.306579
vt 0.471637 0.314529
vt 0.653432 0.237287
vt 0.608589 0.266888
vt 0.543899 0.280309
vt 0.530184 0.297596
vt 0.509195 0.300901
vt 0.468526 0.325072
vt 0.456723 0.333431
vt 0.434110 0.344831
vt 0.591953 0.277189
vt 0.564227 0.285639
vt 0.504097 0.317027
vt 0.488649 0.323724
vt 0.676304 0.266373
vt 0.640384 0.269880
vt 0.450238 0.348964
vt 0.590987 0.296221
vt 0.555638 0.300587
vt 0.463843 0.342550
vt 0.713629 0.257329
vt 0.523880 0.319795
vt 0.481798 0.339931
vt 0.624155 0.302041
vt 0.573122 0.303732
vt 0.542629 0.311425
vt 0.446690 0.360047
vt 0.648268 0.292396
vt 0.494266 0.338827
vt 0.477271 0.352954
vt 0.705842 0.290578
vt 0.728253 0.287349
vt 0.557203 0.321014
vt 0.515725 0.338033
vt 0.679571 0.314802
vt 0.581717 0.319718
vt 0.541192 0.329637
vt 0.465033 0.355203
vt 0.612178 0.316402
vt 0.640822 0.325302
vt 0.460799 0.366149
vt 0.717273 0.322359
vt 0.604652 0.335501
vt 0.567565 0.339202
vt 0.500767 0.351380
vt 0.488658 0.355650
vt 0.451388 0.374445
vt 0.534838 0.352314
vt 0.472693 0.366259
vt 0.517344 0.353385
vt 0.670370 0.346222
vt 0.590498 0.353661
vt 0.551703 0.355041
vt 0.483971 0.368704
vt 0.707558 0.357383
vt 0.616819 0.359328
vt 0.505269 0.366643
vt 0.467723 0.378756
vt 0.495967 0.369108
vt 0.655258 0.364688
vt 0.576620 0.364995
vt 0.480424 0.381266
vt 0.520429 0.368844
vt 0.542672 0.372240
vt 0.675926 0.380599
vt 0.600105 0.372976
vt 0.560650 0.373760
vt 0.492026 0.382951
vt 0.467194 0.387395
vt 0.711156 0.387787
vt 0.626081 0.382805
vt 0.578912 0.377341
vt 0.512818 0.381007
vt 0.500612 0.382465
vt 0.670459 0.406843
vt 0.650885 0.390850
vt 0.527726 0.379181
vt 0.480360 0.388475
vt 0.706530 0.418831
vt 0.626924 0.399296
vt 0.605428 0.392442
vt 0.546871 0.383328
vt 0.470383 0.394967
vt 0.645001 0.412070
vt 0.556904 0.386513
vt 0.505439 0.388368
vt 0.686772 0.436094
vt 0.726041 0.435904
vt 0.576187 0.391216
vt 0.531458 0.386875
vt 0.515284 0.387570
vt 0.497375 0.391284
vt 0.487085 0.393155
vt 0.477574 0.395869
vt 0.611287 0.403244
vt 0.592391 0.401797
vt 0.555700 0.394094
vt 0.541804 0.391149
vt 0.524861 0.392348
vt 0.512125 0.392231
vt 0.482879 0.399990
vt 0.658443 0.437447
vt 0.628600 0.420598
vt 0.569909 0.400113
vt 0.504016 0.396306
vt 0.492731 0.398013
vt 0.526201 0.398008
vt 0.512362 0.397653
vt 0.583071 0.407112
vt 0.240345 0.291314
vt 0.244784 0.287219
vt 0.217690 0.305813
vt 0.235156 0.296401
vt 0.275954 0.247790
vt 0.270591 0.256233
vt 0.250731 0.282577
vt 0.260780 0.270854
vt 0.228438 0.301744
vt 0.269462 0.262407
vt 0.265374 0.267062
vt 0.258226 0.282199
vt 0.260282 0.276969
vt 0.227761 0.307465
vt 0.234366 0.302875
vt 0.278809 0.254421
vt 0.276844 0.261663
vt 0.249537 0.289911
vt 0.267409 0.270604
vt 0.242437 0.299272
vt 0.273269 0.267207
vt 0.270113 0.277117
vt 0.226521 0.313363
vt 0.287188 0.255625
vt 0.257597 0.296366
vt 0.261512 0.288659
vt 0.236866 0.311244
vt 0.280474 0.271038
vt 0.271202 0.287664
vt 0.226051 0.323054
vt 0.288236 0.266704
vt 0.246481 0.308099
vt 0.254324 0.306093
vt 0.235621 0.321642
vt 0.296296 0.259634
vt 0.281646 0.281898
vt 0.244997 0.319975
vt 0.271886 0.297785
vt 0.297115 0.266677
vt 0.293694 0.276118
vt 0.266588 0.305472
vt 0.264574 0.314082
vt 0.283466 0.293701
vt 0.255425 0.317631
vt 0.308240 0.263869
vt 0.290196 0.284331
vt 0.244115 0.331753
vt 0.241299 0.340120
vt 0.255933 0.328736
vt 0.305515 0.273734
vt 0.282772 0.306565
vt 0.299865 0.294604
vt 0.300389 0.284473
vt 0.269142 0.326084
vt 0.274878 0.312669
vt 0.254460 0.341999
vt 0.320381 0.270351
vt 0.311102 0.285423
vt 0.292418 0.305041
vt 0.264478 0.339109
vt 0.280110 0.321854
vt 0.320696 0.281688
vt 0.290500 0.317533
vt 0.304674 0.303032
vt 0.314757 0.297728
vt 0.255411 0.356054
vt 0.335524 0.276281
vt 0.301996 0.310283
vt 0.274624 0.340099
vt 0.270003 0.349836
vt 0.327509 0.291389
vt 0.283169 0.336835
vt 0.295687 0.328989
vt 0.312519 0.308899
vt 0.306332 0.319924
vt 0.348663 0.276665
vt 0.333118 0.304500
vt 0.272082 0.359947
vt 0.287084 0.348328
vt 0.325681 0.310035
vt 0.265094 0.366192
vt 0.341114 0.289010
vt 0.296929 0.342390
vt 0.315961 0.319054
vt 0.340577 0.299140
vt 0.305977 0.332176
vt 0.282688 0.356270
vt 0.318227 0.328038
vt 0.354530 0.292440
vt 0.312548 0.339991
vt 0.325796 0.321511
vt 0.278851 0.367413
vt 0.291468 0.361833
vt 0.274853 0.376392
vt 0.302890 0.358725
vt 0.287930 0.373176
vt 0.350997 0.311311
vt 0.339351 0.320786
vt 0.332675 0.334831
vt 0.311987 0.351962
vt 0.327031 0.340445
vt 0.303258 0.372462
vt 0.362449 0.308139
vt 0.373457 0.305017
vt 0.317812 0.361296
vt 0.322293 0.349278
vt 0.357063 0.327579
vt 0.295369 0.384248
vt 0.369150 0.317863
vt 0.347636 0.333435
vt 0.333614 0.348299
vt 0.315012 0.373274
vt 0.333269 0.357533
vt 0.344760 0.344721
vt 0.310654 0.382895
vt 0.325949 0.370248
vt 0.299780 0.397995
vt 0.343964 0.353952
vt 0.352918 0.341915
vt 0.394264 0.315208
vt 0.383828 0.324595
vt 0.324966 0.379796
vt 0.336849 0.368822
vt 0.374115 0.334309
vt 0.355733 0.351316
vt 0.314156 0.395624
vt 0.320997 0.388177
vt 0.346127 0.363460
vt 0.370520 0.344815
vt 0.356834 0.363574
vt 0.313231 0.409561
vt 0.335997 0.382559
vt 0.348366 0.376164
vt 0.323204 0.400785
vt 0.330564 0.395153
vt 0.397509 0.328736
vt 0.385852 0.341237
vt 0.369628 0.358762
vt 0.399228 0.339078
vt 0.381186 0.353843
vt 0.368818 0.366749
vt 0.326018 0.410751
vt 0.346210 0.393140
vt 0.334395 0.414766
vt 0.341394 0.403794
vt 0.409081 0.336110
vt 0.356198 0.387557
vt 0.392504 0.350201
vt 0.363634 0.378611
vt 0.382236 0.365540
vt 0.380909 0.379737
vt 0.354510 0.399825
vt 0.396179 0.361107
vt 0.353368 0.411998
vt 0.419943 0.346750
vt 0.411291 0.351129
vt 0.396129 0.374087
vt 0.350675 0.423501
vt 0.371021 0.391214
vt 0.364932 0.403363
vt 0.412358 0.367783
vt 0.364520 0.420114
vt 0.426845 0.359007
vt 0.379762 0.398313
vt 0.396444 0.387853
vt 0.359354 0.436740
vt 0.368987 0.413202
vt 0.385362 0.392511
vt 0.376284 0.408263
vt 0.402796 0.382365
vt 0.411037 0.377291
vt 0.365361 0.429590
vt 0.387716 0.402805
vt 0.428072 0.372245
vt 0.398142 0.397303
vt 0.439580 0.367741
vt 0.378526 0.417430
vt 0.387509 0.413790
vt 0.421196 0.381168
vt 0.413290 0.388585
vt 0.375640 0.426286
vt 0.407480 0.398685
vt 0.378539 0.437528
vt 0.399409 0.408359
vt 0.373709 0.445058
vt 0.389147 0.424278
vt 0.432333 0.381248
vt 0.386617 0.433093
vt 0.441260 0.382506
vt 0.426195 0.391715
vt 0.416757 0.398410
vt 0.401205 0.421188
vt 0.437159 0.388962
vt 0.411476 0.407074
vt 0.382487 0.449100
vt 0.453281 0.384577
vt 0.397046 0.428887
vt 0.409973 0.417530
vt 0.426983 0.404938
vt 0.391825 0.442578
vt 0.399795 0.438916
vt 0.446990 0.393930
vt 0.438248 0.399990
vt 0.419937 0.414313
vt 0.407937 0.432930
vt 0.392706 0.450420
vt 0.456578 0.391757
vt 0.414452 0.424292
vt 0.399675 0.448878
vt 0.437524 0.409972
vt 0.430415 0.415358
vt 0.455986 0.398599
vt 0.446185 0.403355
vt 0.425112 0.423321
vt 0.463177 0.395772
vt 0.411774 0.440914
vt 0.400563 0.458549
vt 0.408803 0.447125
vt 0.405238 0.453278
vt 0.455327 0.404859
vt 0.417940 0.433516
vt 0.443117 0.410462
vt 0.466168 0.400243
vt 0.433614 0.420801
vt 0.405066 0.458958
vt 0.447796 0.411446
vt 0.428664 0.427617
vt 0.438894 0.416628
vt 0.410942 0.452693
vt 0.414639 0.444804
vt 0.464940 0.406964
vt 0.418966 0.439663
vt 0.425804 0.433556
vt 0.434819 0.424743
vt 0.440033 0.419530
vt 0.473108 0.403268
vt 0.453398 0.413946
vt 0.447116 0.420064
vt 0.426154 0.437922
vt 0.432995 0.430633
vt 0.455576 0.632177
vt 0.408621 0.463897
vt 0.419677 0.447451
vt 0.575948 0.637738
vt 0.542817 0.653965
vt 0.545818 0.634366
vt 0.686251 0.549745
vt 0.685816 0.581326
vt 0.650417 0.601081
vt 0.439407 0.610821
vt 0.692816 0.479780
vt 0.667034 0.461630
vt 0.407167 0.525710
vt 0.546786 0.402103
vt 0.405311 0.479090
vt 0.412854 0.457308
vt 0.625707 0.597263
vt 0.613293 0.625461
vt 0.596841 0.615701
vt 0.505798 0.642763
vt 0.559628 0.615351
vt 0.650414 0.564896
vt 0.517446 0.626869
vt 0.663039 0.533383
vt 0.483592 0.649486
vt 0.476710 0.622257
vt 0.695750 0.515265
vt 0.662029 0.490499
vt 0.450265 0.599516
vt 0.641176 0.455092
vt 0.433012 0.582061
vt 0.626415 0.436235
vt 0.425900 0.567731
vt 0.607139 0.418828
vt 0.421061 0.553864
vt 0.586696 0.418630
vt 0.419093 0.538257
vt 0.563639 0.409345
vt 0.409358 0.512878
vt 0.406848 0.501681
vt 0.529802 0.405535
vt 0.410462 0.490758
vt 0.513638 0.404707
vt 0.503471 0.400670
vt 0.493945 0.402434
vt 0.410203 0.470073
vt 0.414083 0.475704
vt 0.415024 0.465088
vt 0.485501 0.405886
vt 0.477415 0.408817
vt 0.420952 0.456364
vt 0.464990 0.413006
vt 0.427664 0.441972
vt 0.455917 0.418271
vt 0.434224 0.434421
vt 0.440661 0.426500
vt 0.599329 0.596738
vt 0.618302 0.561474
vt 0.638370 0.552713
vt 0.526357 0.606814
vt 0.572784 0.586678
vt 0.486880 0.609858
vt 0.587144 0.561255
vt 0.643245 0.518177
vt 0.532250 0.579473
vt 0.490251 0.589003
vt 0.559947 0.559354
vt 0.579654 0.537024
vt 0.610414 0.517826
vt 0.631943 0.487682
vt 0.455462 0.586391
vt 0.532444 0.557393
vt 0.508182 0.566652
vt 0.575850 0.514702
vt 0.483313 0.562132
vt 0.596386 0.486611
vt 0.612089 0.452886
vt 0.439372 0.570347
vt 0.535287 0.534319
vt 0.455186 0.565025
vt 0.500013 0.540552
vt 0.571208 0.488159
vt 0.603701 0.430151
vt 0.547427 0.507721
vt 0.432885 0.552229
vt 0.581593 0.464965
vt 0.587986 0.438091
vt 0.464117 0.544972
vt 0.521407 0.515822
vt 0.477167 0.524920
vt 0.435902 0.534014
vt 0.496690 0.513908
vt 0.522269 0.492983
vt 0.539349 0.477792
vt 0.555903 0.460133
vt 0.569146 0.449479
vt 0.569712 0.427949
vt 0.569628 0.416505
vt 0.455395 0.524738
vt 0.556038 0.435332
vt 0.479044 0.503295
vt 0.499461 0.486769
vt 0.427081 0.522063
vt 0.460190 0.504565
vt 0.528689 0.456115
vt 0.542844 0.446305
vt 0.550551 0.420638
vt 0.416815 0.518780
vt 0.440962 0.509086
vt 0.514044 0.468333
vt 0.530162 0.431420
vt 0.546200 0.411448
vt 0.424649 0.510263
vt 0.414838 0.504042
vt 0.485043 0.482810
vt 0.469951 0.483823
vt 0.487778 0.466543
vt 0.508377 0.453690
vt 0.518343 0.440223
vt 0.524153 0.416943
vt 0.427982 0.496121
vt 0.445820 0.493417
vt 0.452770 0.484152
vt 0.493617 0.454085
vt 0.500262 0.436963
vt 0.459608 0.473854
vt 0.469374 0.463336
vt 0.511177 0.427872
vt 0.420240 0.488743
vt 0.436117 0.484535
vt 0.477830 0.456443
vt 0.510592 0.415207
vt 0.414307 0.483994
vt 0.443974 0.473590
vt 0.485341 0.438555
vt 0.496199 0.422293
vt 0.427947 0.476374
vt 0.452287 0.461497
vt 0.502084 0.408379
vt 0.470219 0.447466
vt 0.436816 0.465204
vt 0.455159 0.450151
vt 0.486501 0.413178
vt 0.422305 0.469919
vt 0.483519 0.424075
vt 0.464547 0.438717
vt 0.471675 0.429290
vt 0.492554 0.407464
vt 0.441351 0.450465
vt 0.423435 0.461598
vt 0.474484 0.418351
vt 0.430913 0.455183
vt 0.451589 0.442189
vt 0.451928 0.432400
vt 0.459524 0.423244
vt 0.468148 0.416299
vt 0.433855 0.446388
vt 0.440930 0.440551
vt 0.426520 0.449369
vt 0.435230 0.439609
vt 0.442763 0.432157
vt 0.450870 0.425355
vt 0.840909 0.723405
vt 0.838129 0.729000
vt 0.850344 0.728016
vt 0.852856 0.719712
vt 0.859887 0.726418
vt 0.865247 0.722135
vt 0.842419 0.716294
vt 0.834468 0.712155
vt 0.864466 0.713262
vt 0.853690 0.711636
vt 0.841457 0.705917
vt 0.850736 0.703921
vt 0.863104 0.703008
vt 0.834315 0.702976
vt 0.871124 0.708565
vt 0.844400 0.700387
vt 0.856495 0.699113
vt 0.836775 0.698367
vt 0.871531 0.726326
vt 0.828989 0.725545
vt 0.874150 0.718962
vt 0.828242 0.719657
vt 0.824741 0.710543
vt 0.875583 0.699773
vt 0.823313 0.704077
vt 0.825045 0.696241
vt 0.870217 0.692370
vt 0.846588 0.693373
vt 0.859843 0.690581
vt 0.880432 0.724418
vt 0.884164 0.717570
vt 0.883414 0.707865
vt 0.836592 0.690460
vt 0.848459 0.685581
vt 0.833033 0.683336
vt 0.859653 0.677220
vt 0.847346 0.675397
vt 0.844410 0.663829
vt 0.834392 0.671521
vt 0.855053 0.658848
vt 0.836435 0.655184
vt 0.847072 0.647090
vt 0.888513 0.699879
vt 0.821702 0.687016
vt 0.867095 0.680442
vt 0.823153 0.672931
vt 0.865923 0.670586
vt 0.865661 0.658301
vt 0.823866 0.651531
vt 0.859351 0.643714
vt 0.833744 0.640105
vt 0.820383 0.631289
vt 0.843145 0.635267
vt 0.831435 0.618851
vt 0.856664 0.624718
vt 0.843160 0.618860
vt 0.854334 0.605392
vt 0.840208 0.604689
vt 0.827760 0.601412
vt 0.830682 0.588600
vt 0.843936 0.586848
vt 0.854995 0.587930
vt 0.841224 0.575205
vt 0.826005 0.574083
vt 0.851275 0.569496
vt 0.864159 0.581881
vt 0.831487 0.560235
vt 0.842772 0.558983
vt 0.852770 0.556017
vt 0.848588 0.551205
vt 0.833972 0.553377
vt 0.894098 0.722080
vt 0.893751 0.709120
vt 0.883902 0.690006
vt 0.877438 0.681531
vt 0.873456 0.666287
vt 0.874391 0.651241
vt 0.868091 0.636013
vt 0.869419 0.624201
vt 0.866453 0.611722
vt 0.868169 0.600798
vt 0.817551 0.587395
vt 0.860200 0.564552
vt 0.818417 0.561122
vt 0.822006 0.554155
vt 0.864476 0.553429
vt 0.859851 0.548831
vt 0.831267 0.548631
vt 0.842871 0.547075
vt 0.897627 0.715940
vt 0.895223 0.694645
vt 0.887800 0.676538
vt 0.883726 0.662762
vt 0.876720 0.636441
vt 0.878621 0.616293
vt 0.878277 0.595009
vt 0.871361 0.558750
vt 0.816502 0.546233
vt 0.844903 0.541627
vt 0.827909 0.543500
vt 0.840780 0.528860
vt 0.840343 0.504754
vt 0.827004 0.517923
vt 0.829321 0.496513
vt 0.842759 0.486933
vt 0.832034 0.480467
vt 0.849286 0.476303
vt 0.841248 0.458210
vt 0.829127 0.463870
vt 0.828637 0.439647
vt 0.842600 0.433571
vt 0.835203 0.421850
vt 0.844540 0.413359
vt 0.835235 0.406759
vt 0.842594 0.396089
vt 0.827862 0.390641
vt 0.841033 0.373136
vt 0.841606 0.355932
vt 0.828867 0.359708
vt 0.834771 0.334171
vt 0.849559 0.336651
vt 0.848532 0.316904
vt 0.834410 0.316869
vt 0.838052 0.298553
vt 0.821927 0.297162
vt 0.851201 0.292221
vt 0.840261 0.281298
vt 0.829253 0.273419
vt 0.855486 0.276121
vt 0.840010 0.257603
vt 0.854408 0.249820
vt 0.841151 0.232539
vt 0.827437 0.232153
vt 0.855812 0.218156
vt 0.841257 0.209991
vt 0.830519 0.207114
vt 0.853062 0.195714
vt 0.841536 0.190063
vt 0.830043 0.181565
vt 0.854060 0.176095
vt 0.842136 0.167098
vt 0.828885 0.162912
vt 0.841806 0.145794
vt 0.862255 0.153603
vt 0.842426 0.120118
vt 0.829461 0.122194
vt 0.829387 0.139590
vt 0.855806 0.126505
vt 0.855549 0.105672
vt 0.837704 0.104689
vt 0.842803 0.088962
vt 0.829656 0.088617
vt 0.855640 0.083416
vt 0.844345 0.066137
vt 0.829854 0.060091
vt 0.848243 0.040014
vt 0.856177 0.016558
vt 0.834254 0.029938
vt 0.839237 0.016049
vt 0.853630 0.009796
vt 0.838620 0.010199
vt 0.892680 0.686213
vt 0.878839 0.576289
vt 0.870048 0.542833
vt 0.858155 0.542951
vt 0.823719 0.535939
vt 0.853184 0.532501
vt 0.864774 0.529835
vt 0.853454 0.513150
vt 0.863941 0.511046
vt 0.819692 0.497955
vt 0.862296 0.493192
vt 0.852233 0.491201
vt 0.819592 0.474249
vt 0.863225 0.469641
vt 0.853255 0.462651
vt 0.819101 0.449902
vt 0.862727 0.450594
vt 0.852912 0.446309
vt 0.864173 0.429888
vt 0.818186 0.430563
vt 0.853068 0.430599
vt 0.821995 0.413935
vt 0.858256 0.408333
vt 0.813223 0.403183
vt 0.853508 0.391554
vt 0.870607 0.392878
vt 0.818505 0.382131
vt 0.854324 0.373373
vt 0.866188 0.366229
vt 0.818074 0.360208
vt 0.852755 0.357548
vt 0.821497 0.338269
vt 0.868492 0.337071
vt 0.819157 0.317342
vt 0.864426 0.319792
vt 0.866796 0.291929
vt 0.817679 0.277106
vt 0.867077 0.269031
vt 0.818846 0.253678
vt 0.869729 0.241551
vt 0.816295 0.230925
vt 0.810715 0.212988
vt 0.817009 0.194514
vt 0.866215 0.205640
vt 0.871220 0.190004
vt 0.812067 0.173749
vt 0.865988 0.171442
vt 0.815511 0.150119
vt 0.866828 0.137936
vt 0.815218 0.124558
vt 0.867574 0.117452
vt 0.821620 0.107588
vt 0.872665 0.095040
vt 0.815631 0.083508
vt 0.870097 0.074037
vt 0.817927 0.057781
vt 0.863431 0.052196
vt 0.818201 0.038806
vt 0.869013 0.035206
vt 0.822871 0.020726
vt 0.869489 0.016458
vt 0.822275 0.011910
vt 0.870171 0.008735
vt 0.904149 0.719792
vt 0.902562 0.705455
vt 0.906402 0.715103
vt 0.902465 0.696628
vt 0.893827 0.659799
vt 0.889118 0.647254
vt 0.888225 0.587193
vt 0.880046 0.549001
vt 0.811427 0.524247
vt 0.809712 0.508474
vt 0.874033 0.497892
vt 0.874870 0.449267
vt 0.875250 0.413383
vt 0.873224 0.350770
vt 0.875167 0.321059
vt 0.874337 0.304111
vt 0.876322 0.262053
vt 0.876486 0.214718
vt 0.884490 0.173644
vt 0.878033 0.155503
vt 0.884717 0.134778
vt 0.880826 0.114987
vt 0.879506 0.046752
vt 0.883223 0.064783
vt 0.882163 0.017741
vt 0.881801 0.009801
vt 0.900136 0.724410
vt 0.896271 0.672443
vt 0.893805 0.637330
vt 0.890206 0.600774
vt 0.889523 0.615584
vt 0.885600 0.559502
vt 0.884311 0.541650
vt 0.879368 0.529177
vt 0.879768 0.514313
vt 0.874539 0.477176
vt 0.880750 0.429287
vt 0.882836 0.371411
vt 0.884855 0.335400
vt 0.879546 0.282407
vt 0.885899 0.229263
vt 0.888767 0.086852
vt 0.903274 0.690180
vt 0.898829 0.682344
vt 0.890863 0.575608
vt 0.890264 0.305081
vt 0.888599 0.201244
vt 0.895140 0.106061
vt 0.892067 0.032214
vt 0.899544 0.653299
vt 0.888266 0.548364
vt 0.884543 0.493683
vt 0.888706 0.476476
vt 0.885279 0.461486
vt 0.891639 0.448310
vt 0.887098 0.404830
vt 0.888267 0.387781
vt 0.891172 0.352734
vt 0.892056 0.284223
vt 0.892640 0.261955
vt 0.892600 0.245266
vt 0.894114 0.183943
vt 0.894883 0.147975
vt 0.895700 0.124766
vt 0.897788 0.069442
vt 0.897179 0.051331
vt 0.894083 0.016772
vt 0.894055 0.009587
vt 0.894497 0.431845
vt 0.898630 0.369263
vt 0.895948 0.334327
vt 0.899883 0.319087
vt 0.902112 0.214518
vt 0.902511 0.166028
vt 0.904160 0.085882
vt 0.906402 0.037938
vt 0.902737 0.005982
vt 0.892013 0.518434
vt 0.893124 0.501285
vt 0.902359 0.413865
vt 0.817464 0.726805
vt 0.825450 0.729775
vt 0.815174 0.721106
vt 0.811374 0.704580
vt 0.811230 0.712745
vt 0.818756 0.610118
vt 0.806973 0.728269
vt 0.809489 0.692874
vt 0.813135 0.673737
vt 0.812872 0.661720
vt 0.809878 0.645575
vt 0.811082 0.618263
vt 0.812379 0.571675
vt 0.800834 0.723233
vt 0.798544 0.704785
vt 0.800555 0.710787
vt 0.802816 0.700199
vt 0.805381 0.683800
vt 0.802102 0.591939
vt 0.805598 0.605750
vt 0.802043 0.577253
vt 0.803043 0.563457
vt 0.803207 0.555974
vt 0.808004 0.550530
vt 0.798258 0.679383
vt 0.798778 0.663581
vt 0.800225 0.628933
vt 0.805509 0.535536
vt 0.809967 0.490491
vt 0.808711 0.460366
vt 0.806984 0.440296
vt 0.802669 0.418753
vt 0.809120 0.390072
vt 0.808438 0.374634
vt 0.806807 0.356717
vt 0.807790 0.336211
vt 0.804956 0.316163
vt 0.805362 0.299284
vt 0.804592 0.280271
vt 0.797789 0.259134
vt 0.803611 0.238042
vt 0.804117 0.192009
vt 0.800118 0.160192
vt 0.802511 0.132509
vt 0.803763 0.110120
vt 0.805220 0.065702
vt 0.803045 0.087422
vt 0.802610 0.038885
vt 0.804378 0.017536
vt 0.808448 0.008797
vt 0.799239 0.730901
vt 0.799116 0.691624
vt 0.792477 0.652956
vt 0.795983 0.638824
vt 0.797808 0.613328
vt 0.794879 0.581839
vt 0.791907 0.552533
vt 0.802313 0.543200
vt 0.801585 0.515169
vt 0.796659 0.375684
vt 0.792002 0.727161
vt 0.789329 0.717400
vt 0.789174 0.705570
vt 0.794443 0.697864
vt 0.794775 0.596088
vt 0.794032 0.569586
vt 0.793857 0.560070
vt 0.797094 0.495930
vt 0.795813 0.471182
vt 0.796941 0.399916
vt 0.796561 0.350685
vt 0.791572 0.059974
vt 0.789497 0.687263
vt 0.787230 0.626830
vt 0.791194 0.614593
vt 0.794597 0.547387
vt 0.792350 0.444155
vt 0.793922 0.322303
vt 0.793571 0.298536
vt 0.793335 0.278340
vt 0.792982 0.242849
vt 0.792827 0.224014
vt 0.792699 0.201098
vt 0.792624 0.181561
vt 0.788519 0.144597
vt 0.790898 0.112595
vt 0.789143 0.087869
vt 0.787845 0.017630
vt 0.788208 0.005451
vt 0.787340 0.730974
vt 0.788396 0.671754
vt 0.780054 0.643107
vt 0.779003 0.596294
vt 0.782806 0.579842
vt 0.786865 0.566748
vt 0.781406 0.556069
vt 0.791509 0.531105
vt 0.791006 0.510632
vt 0.784555 0.479411
vt 0.787427 0.419733
vt 0.786913 0.401120
vt 0.780126 0.375467
vt 0.781938 0.354435
vt 0.785096 0.334614
vt 0.782906 0.315407
vt 0.777981 0.292912
vt 0.780928 0.273104
vt 0.780356 0.248879
vt 0.774668 0.232549
vt 0.776948 0.214329
vt 0.780718 0.193189
vt 0.784671 0.167961
vt 0.777890 0.098506
vt 0.777362 0.045236
vt 0.782241 0.692685
vt 0.783807 0.543189
vt 0.778082 0.517480
vt 0.775415 0.723292
vt 0.776676 0.708571
vt 0.774186 0.700015
vt 0.779726 0.614135
vt 0.777740 0.549003
vt 0.778271 0.534653
vt 0.781514 0.498693
vt 0.779408 0.463250
vt 0.777685 0.437205
vt 0.774029 0.414120
vt 0.774424 0.397587
vt 0.772996 0.331099
vt 0.772503 0.165913
vt 0.775006 0.138221
vt 0.774924 0.118150
vt 0.770486 0.071360
vt 0.769194 0.020487
vt 0.777004 0.729351
vt 0.776680 0.682052
vt 0.777471 0.663986
vt 0.775655 0.564224
vt 0.766906 0.353404
vt 0.766963 0.316883
vt 0.768771 0.299132
vt 0.764802 0.277422
vt 0.769258 0.255861
vt 0.764774 0.192136
vt 0.762375 0.148413
vt 0.763194 0.123680
vt 0.764343 0.106980
vt 0.766313 0.005825
vt 0.774333 0.625964
vt 0.772904 0.582842
vt 0.767305 0.545319
vt 0.770628 0.492119
vt 0.765787 0.475113
vt 0.765638 0.454237
vt 0.765757 0.434876
vt 0.765394 0.377991
vt 0.760873 0.087502
vt 0.764352 0.051397
vt 0.771451 0.733271
vt 0.769923 0.727689
vt 0.770280 0.716785
vt 0.769691 0.706306
vt 0.770677 0.691836
vt 0.771033 0.653585
vt 0.769029 0.666239
vt 0.770697 0.612339
vt 0.768289 0.600727
vt 0.769396 0.554708
vt 0.758436 0.333195
vt 0.755347 0.304945
vt 0.758634 0.261195
vt 0.757688 0.242746
vt 0.759605 0.215745
vt 0.762193 0.716338
vt 0.768054 0.701324
vt 0.769765 0.682384
vt 0.767695 0.633923
vt 0.766851 0.587657
vt 0.766470 0.571478
vt 0.766035 0.559548
vt 0.766430 0.551313
vt 0.764365 0.541046
vt 0.766872 0.526567
vt 0.764490 0.510612
vt 0.755965 0.419207
vt 0.757834 0.393133
vt 0.753718 0.357353
vt 0.751057 0.284180
vt 0.748345 0.206570
vt 0.750836 0.176822
vt 0.750676 0.064329
vt 0.750688 0.037469
vt 0.750795 0.016698
vt 0.752995 0.005954
vt 0.768809 0.000310
vt 0.761978 0.725403
vt 0.759755 0.731770
vt 0.763192 0.705222
vt 0.757737 0.695821
vt 0.759275 0.681076
vt 0.757157 0.651430
vt 0.758137 0.621399
vt 0.757120 0.528559
vt 0.755292 0.449631
vt 0.748777 0.229488
vt 0.750718 0.151587
vt 0.746132 0.130799
vt 0.748499 0.106277
vt 0.740986 0.090059
vt 0.739154 0.000891
vt 0.755738 0.666126
vt 0.758698 0.607787
vt 0.754380 0.586030
vt 0.754697 0.509762
vt 0.755573 0.493044
vt 0.752345 0.469810
vt 0.750512 0.436274
vt 0.747239 0.402589
vt 0.746110 0.370609
vt 0.745648 0.344560
vt 0.741453 0.320262
vt 0.742115 0.259282
vt 0.755498 0.633680
vt 0.749964 0.567185
vt 0.752172 0.554608
vt 0.752788 0.548594
vt 0.749968 0.543563
vt 0.737175 0.198136
vt 0.736158 0.170497
vt 0.737378 0.112419
vt 0.738213 0.071465
vt 0.739898 0.008767
vt 0.750185 0.687592
vt 0.743899 0.479178
vt 0.741510 0.458378
vt 0.743788 0.419758
vt 0.742462 0.387453
vt 0.734541 0.347380
vt 0.732760 0.288304
vt 0.731090 0.236956
vt 0.736281 0.219416
vt 0.731009 0.135827
vt 0.735336 0.047370
vt 0.736105 0.024289
vt 0.749974 0.724937
vt 0.747215 0.710001
vt 0.748030 0.702266
vt 0.746345 0.639177
vt 0.742095 0.535236
vt 0.742702 0.516643
vt 0.742914 0.494723
vt 0.738204 0.441945
vt 0.745354 0.731782
vt 0.741723 0.691184
vt 0.743181 0.620856
vt 0.742553 0.550728
vt 0.728253 0.271553
vt 0.742367 0.680297
vt 0.742161 0.666561
vt 0.743869 0.652031
vt 0.743406 0.603788
vt 0.741978 0.589614
vt 0.742746 0.576678
vt 0.742807 0.563950
vt 0.743256 0.555666
vt 0.738607 0.727303
vt 0.740106 0.721292
vt 0.739694 0.702352
vt 0.739344 0.711316
s 0
usemtl material_0
f 1/1/1 2/2/2 3/3/3
f 4/4/4 5/5/5 6/6/6
f 7/7/7 8/8/8 9/9/9
f 10/10/10 11/11/11 12/12/12
f 6/6/6 5/5/5 3/3/13
f 2/2/14 7/7/7 9/9/15
f 4/4/16 6/6/6 13/13/17
f 9/9/9 8/8/8 14/14/18
f 15/15/19 11/11/11 16/16/20
f 14/14/21 8/8/8 17/17/22
f 12/12/23 11/11/11 15/15/24
f 17/17/22 18/18/25 19/19/26
f 20/20/27 10/10/10 12/12/28
f 2/2/29 9/9/30 21/21/31
f 3/3/13 2/2/2 21/21/31
f 22/22/32 3/3/3 21/21/31
f 6/6/33 3/3/34 22/22/35
f 23/23/36 13/13/37 6/6/33
f 24/24/38 9/9/39 14/14/40
f 16/16/41 13/13/42 23/23/36
f 15/15/43 16/16/20 23/23/36
f 14/14/40 17/17/22 25/25/44
f 25/25/45 19/19/46 26/26/47
f 25/25/44 17/17/22 19/19/46
f 21/21/31 9/9/9 24/24/38
f 27/27/48 15/15/49 23/23/36
f 28/28/50 15/15/19 27/27/48
f 14/14/40 25/25/44 29/29/51
f 30/30/52 12/12/23 28/28/53
f 12/12/23 15/15/49 28/28/53
f 31/31/54 20/20/55 12/12/56
f 31/31/57 12/12/56 30/30/52
f 32/32/58 23/23/59 6/6/33
f 24/24/60 14/14/40 29/29/51
f 29/29/61 25/25/44 33/33/62
f 33/33/63 25/25/44 26/26/47
f 34/34/64 6/6/33 22/22/35
f 35/35/65 21/21/66 24/24/60
f 32/32/58 6/6/33 34/34/64
f 36/36/67 31/31/68 30/30/52
f 22/22/35 21/21/66 37/37/69
f 27/27/48 23/23/70 32/32/71
f 24/24/60 29/29/51 38/38/72
f 36/36/67 30/30/52 39/39/73
f 34/34/64 22/22/35 37/37/74
f 37/37/69 21/21/66 35/35/65
f 40/40/75 27/27/48 32/32/71
f 35/35/65 24/24/60 38/38/72
f 41/41/76 28/28/50 27/27/77
f 39/39/73 30/30/52 41/41/78
f 30/30/52 28/28/79 41/41/78
f 33/33/80 26/26/81 42/42/82
f 29/29/61 33/33/80 43/43/83
f 43/43/83 33/33/63 42/42/82
f 34/34/64 37/37/74 44/44/84
f 44/44/84 37/37/69 35/35/65
f 38/38/72 29/29/51 45/45/85
f 41/41/76 27/27/77 40/40/86
f 45/45/87 29/29/61 43/43/83
f 46/46/88 41/41/76 40/40/86
f 39/39/73 41/41/78 46/46/89
f 47/47/90 36/36/67 39/39/73
f 48/48/91 32/32/71 34/34/64
f 48/48/92 34/34/64 44/44/93
f 49/49/94 35/35/65 38/38/72
f 44/44/84 35/35/65 49/49/95
f 50/50/96 32/32/71 48/48/91
f 40/40/86 32/32/58 50/50/97
f 43/43/83 42/42/82 51/51/98
f 49/49/99 38/38/72 52/52/100
f 52/52/101 38/38/72 45/45/85
f 53/53/102 47/47/103 39/39/73
f 54/54/104 44/44/84 49/49/99
f 46/46/88 40/40/86 55/55/105
f 45/45/85 43/43/106 56/56/107
f 56/56/107 43/43/83 51/51/98
f 57/57/108 44/44/84 54/54/109
f 57/57/110 48/48/92 44/44/93
f 50/50/96 48/48/91 58/58/111
f 55/55/105 40/40/86 50/50/97
f 59/59/112 45/45/85 56/56/107
f 60/60/113 39/39/73 46/46/89
f 53/53/102 39/39/73 60/60/113
f 58/58/111 48/48/91 57/57/108
f 54/54/104 49/49/99 61/61/114
f 55/55/105 50/50/97 58/58/115
f 52/52/101 45/45/85 62/62/116
f 62/62/116 45/45/85 59/59/112
f 63/63/117 46/46/88 55/55/105
f 60/60/118 46/46/89 63/63/119
f 64/64/120 56/56/121 51/51/122
f 61/61/114 49/49/99 52/52/101
f 61/61/123 52/52/124 62/62/116
f 55/55/105 58/58/115 65/65/125
f 63/63/117 55/55/105 66/66/126
f 66/66/126 55/55/105 65/65/125
f 62/62/127 59/59/112 67/67/128
f 67/67/128 59/59/112 68/68/129
f 59/59/112 56/56/130 68/68/129
f 68/68/129 56/56/107 69/69/131
f 69/69/132 56/56/121 64/64/133
f 70/70/134 54/54/104 71/71/135
f 70/70/134 57/57/108 54/54/104
f 65/65/125 58/58/111 57/57/108
f 71/71/135 54/54/104 61/61/114
f 72/72/136 60/60/118 63/63/119
f 53/53/102 60/60/118 72/72/136
f 65/65/125 57/57/108 70/70/134
f 73/73/137 53/53/102 72/72/138
f 61/61/123 62/62/116 74/74/139
f 75/75/140 71/71/135 61/61/114
f 74/74/141 67/67/128 68/68/129
f 74/74/139 62/62/116 67/67/128
f 76/76/142 63/63/117 66/66/126
f 70/70/134 71/71/135 77/77/143
f 75/75/140 61/61/123 74/74/141
f 77/77/143 71/71/135 75/75/140
f 65/65/125 70/70/134 78/78/144
f 66/66/126 65/65/125 79/79/145
f 80/80/146 72/72/136 76/76/147
f 72/72/138 63/63/119 76/76/147
f 81/81/148 68/68/129 69/69/131
f 73/73/149 72/72/136 80/80/146
f 82/82/150 73/73/151 80/80/152
f 75/75/140 74/74/139 83/83/153
f 79/79/145 65/65/125 78/78/144
f 74/74/139 68/68/129 84/84/154
f 84/84/155 68/68/156 81/81/148
f 78/78/157 70/70/134 77/77/143
f 80/80/146 76/76/147 85/85/158
f 81/81/159 69/69/131 86/86/160
f 87/87/161 66/66/126 79/79/145
f 87/87/161 76/76/147 66/66/126
f 85/85/158 76/76/147 87/87/161
f 88/88/162 82/82/150 80/80/146
f 89/89/163 75/75/140 83/83/153
f 77/77/143 75/75/140 89/89/163
f 83/83/153 74/74/139 90/90/164
f 90/90/164 74/74/165 84/84/154
f 78/78/157 77/77/143 91/91/166
f 84/84/155 81/81/148 92/92/167
f 92/92/167 81/81/148 86/86/160
f 89/89/163 83/83/153 93/93/168
f 89/89/169 91/91/166 77/77/143
f 93/93/168 83/83/153 90/90/170
f 94/94/171 80/80/172 85/85/158
f 92/92/167 86/86/160 95/95/173
f 88/88/162 80/80/152 94/94/171
f 96/96/174 78/78/157 91/91/166
f 79/79/145 78/78/144 96/96/175
f 97/97/176 85/85/158 87/87/161
f 94/94/171 85/85/158 97/97/176
f 98/98/177 91/91/178 89/89/163
f 87/87/161 79/79/145 99/99/179
f 98/98/177 89/89/163 100/100/180
f 100/100/180 89/89/163 101/101/181
f 89/89/163 93/93/168 101/101/181
f 99/99/182 79/79/145 96/96/174
f 102/102/183 87/87/161 99/99/182
f 103/103/184 93/93/168 90/90/164
f 90/90/164 84/84/155 104/104/185
f 104/104/185 84/84/155 92/92/167
f 96/96/174 91/91/178 98/98/177
f 101/101/186 93/93/168 103/103/184
f 103/103/184 90/90/164 104/104/185
f 105/105/187 88/88/162 94/94/188
f 106/106/189 96/96/174 98/98/190
f 99/99/182 96/96/175 106/106/191
f 97/97/176 87/87/161 102/102/183
f 107/107/192 92/92/167 95/95/173
f 108/108/193 98/98/177 109/109/194
f 98/98/177 100/100/180 109/109/195
f 110/110/196 98/98/177 108/108/197
f 106/106/191 98/98/190 110/110/198
f 111/111/199 99/99/182 106/106/191
f 111/111/200 102/102/183 99/99/182
f 104/104/185 92/92/167 107/107/192
f 94/94/171 97/97/201 112/112/202
f 113/113/203 108/108/204 109/109/205
f 101/101/206 103/103/184 114/114/207
f 115/115/208 106/106/191 110/110/196
f 103/103/184 104/104/185 116/116/209
f 112/112/210 97/97/176 102/102/211
f 117/117/212 105/105/187 94/94/188
f 118/118/213 107/107/214 95/95/173
f 109/109/205 100/100/180 101/101/181
f 109/109/195 101/101/181 114/114/207
f 109/109/195 119/119/215 113/113/216
f 111/111/217 106/106/191 115/115/208
f 120/120/218 102/102/211 111/111/217
f 112/112/210 102/102/183 120/120/218
f 116/116/209 104/104/185 107/107/192
f 117/117/212 94/94/171 112/112/202
f 121/121/219 105/105/187 117/117/212
f 119/119/215 109/109/194 114/114/220
f 111/111/200 115/115/221 122/122/222
f 123/123/223 103/103/184 116/116/209
f 114/114/207 103/103/184 123/123/223
f 116/116/224 107/107/192 124/124/225
f 125/125/226 107/107/214 118/118/213
f 126/126/227 119/119/228 114/114/207
f 111/111/200 122/122/222 127/127/229
f 128/128/230 111/111/200 127/127/229
f 120/120/218 111/111/200 128/128/230
f 112/112/210 120/120/218 129/129/231
f 130/130/232 116/116/209 124/124/233
f 131/131/234 117/117/212 112/112/235
f 121/121/219 117/117/212 132/132/236
f 126/126/237 114/114/207 123/123/223
f 129/129/231 120/120/218 128/128/230
f 123/123/223 116/116/209 130/130/238
f 124/124/225 107/107/192 133/133/239
f 107/107/214 125/125/226 133/133/240
f 132/132/241 117/117/212 131/131/242
f 131/131/234 112/112/202 129/129/231
f 134/134/243 123/123/244 130/130/238
f 126/126/237 123/123/223 134/134/245
f 130/130/246 124/124/225 135/135/247
f 135/135/247 124/124/248 133/133/240
f 134/134/245 136/136/249 126/126/237
f 129/129/250 128/128/230 137/137/251
f 138/138/252 130/130/246 135/135/247
f 139/139/253 131/131/234 129/129/231
f 132/132/241 131/131/242 139/139/254
f 134/134/245 130/130/238 138/138/252
f 140/140/255 129/129/231 137/137/256
f 139/139/254 129/129/231 140/140/255
f 141/141/257 135/135/247 133/133/239
f 142/142/258 132/132/241 139/139/254
f 143/143/259 132/132/260 142/142/261
f 144/144/262 134/134/243 138/138/252
f 140/140/263 137/137/264 145/145/265
f 138/138/252 135/135/247 141/141/266
f 146/146/267 143/143/259 142/142/258
f 147/147/268 140/140/255 145/145/265
f 147/147/269 139/139/254 140/140/270
f 144/144/262 138/138/252 148/148/271
f 147/147/272 145/145/265 149/149/273
f 150/150/274 139/139/253 147/147/269
f 142/142/258 139/139/254 150/150/275
f 151/151/276 138/138/252 141/141/266
f 152/152/277 144/144/262 148/148/278
f 148/148/279 138/138/252 151/151/276
f 153/153/280 151/151/281 141/141/282
f 146/146/267 142/142/283 154/154/284
f 155/155/285 156/156/286 144/144/262
f 157/157/287 144/144/262 152/152/277
f 147/147/269 149/149/288 158/158/289
f 150/150/275 147/147/269 158/158/290
f 154/154/284 142/142/258 150/150/275
f 159/159/291 146/146/267 154/154/292
f 155/155/285 144/144/293 157/157/287
f 148/148/271 151/151/276 160/160/294
f 154/154/284 150/150/275 158/158/290
f 161/161/295 157/157/287 152/152/277
f 158/158/289 149/149/296 162/162/297
f 163/163/298 151/151/281 153/153/280
f 159/159/291 154/154/292 164/164/299
f 165/165/300 161/161/301 152/152/302
f 166/166/303 167/167/304 168/168/305
f 162/162/306 149/149/296 167/167/307
f 162/162/308 167/167/307 166/166/309
f 169/169/310 158/158/289 162/162/297
f 152/152/277 148/148/271 170/170/311
f 170/170/311 148/148/271 160/160/294
f 160/160/312 151/151/276 163/163/313
f 171/171/314 161/161/295 165/165/315
f 169/169/316 162/162/308 172/172/317
f 162/162/308 166/166/303 172/172/318
f 173/173/319 154/154/284 158/158/290
f 164/164/320 154/154/284 173/173/319
f 174/174/321 171/171/322 165/165/315
f 166/166/303 168/168/323 175/175/324
f 168/168/325 176/176/326 175/175/324
f 172/172/318 166/166/303 177/177/327
f 178/178/328 171/171/322 174/174/329
f 175/175/324 178/178/330 174/174/331
f 176/176/332 178/178/328 175/175/333
f 165/165/334 152/152/277 179/179/335
f 177/177/327 166/166/303 175/175/324
f 179/179/335 152/152/277 170/170/311
f 180/180/336 158/158/289 169/169/316
f 173/173/319 158/158/290 180/180/337
f 181/181/338 175/175/339 174/174/321
f 177/177/327 175/175/324 181/181/338
f 174/174/331 165/165/340 181/181/338
f 182/182/341 169/169/316 172/172/317
f 170/170/342 160/160/294 183/183/343
f 183/183/343 160/160/312 163/163/298
f 184/184/344 164/164/320 173/173/345
f 181/181/346 165/165/340 179/179/347
f 180/180/336 169/169/316 182/182/341
f 179/179/335 170/170/311 185/185/348
f 185/185/348 170/170/311 183/183/343
f 183/183/343 163/163/313 186/186/349
f 187/187/350 177/177/327 181/181/338
f 188/188/351 172/172/318 177/177/327
f 182/182/352 172/172/318 188/188/351
f 189/189/353 181/181/338 179/179/347
f 185/185/348 183/183/343 190/190/354
f 190/190/355 183/183/343 186/186/356
f 191/191/357 184/184/358 173/173/319
f 188/188/359 177/177/327 187/187/350
f 192/192/360 182/182/352 188/188/351
f 193/193/361 180/180/362 182/182/352
f 173/173/319 180/180/337 193/193/363
f 190/190/364 186/186/356 194/194/365
f 195/195/366 187/187/350 181/181/338
f 196/196/367 189/189/353 179/179/347
f 197/197/368 173/173/319 193/193/363
f 191/191/369 173/173/319 197/197/370
f 195/195/366 181/181/338 189/189/353
f 198/198/371 188/188/372 187/187/350
f 192/192/373 188/188/351 198/198/374
f 199/199/375 179/179/376 185/185/348
f 193/193/361 182/182/341 192/192/360
f 200/200/377 185/185/348 190/190/354
f 198/198/374 187/187/350 195/195/366
f 196/196/367 179/179/376 199/199/375
f 199/199/375 185/185/348 200/200/377
f 201/201/378 195/195/379 189/189/380
f 201/201/378 189/189/353 196/196/367
f 202/202/381 193/193/363 192/192/360
f 200/200/382 190/190/355 194/194/365
f 203/203/383 196/196/367 199/199/375
f 200/200/382 194/194/365 204/204/384
f 201/201/378 196/196/367 203/203/383
f 192/192/373 198/198/374 205/205/385
f 202/202/381 192/192/360 206/206/386
f 207/207/387 197/197/368 202/202/381
f 197/197/370 193/193/363 202/202/388
f 208/208/389 191/191/357 207/207/387
f 191/191/357 197/197/370 207/207/387
f 209/209/390 198/198/371 195/195/366
f 209/209/391 195/195/366 201/201/378
f 203/203/383 199/199/375 210/210/392
f 205/205/385 198/198/374 209/209/393
f 206/206/386 192/192/360 205/205/385
f 210/210/394 199/199/375 211/211/395
f 199/199/375 200/200/377 211/211/395
f 212/212/396 200/200/377 204/204/384
f 211/211/397 200/200/398 212/212/396
f 209/209/390 201/201/378 213/213/399
f 214/214/400 202/202/381 206/206/386
f 207/207/387 202/202/388 214/214/400
f 215/215/401 208/208/402 207/207/387
f 216/216/403 203/203/383 210/210/392
f 201/201/378 203/203/383 216/216/403
f 217/217/404 205/205/385 209/209/390
f 206/206/405 205/205/385 217/217/406
f 218/218/407 211/211/395 212/212/396
f 212/212/396 204/204/384 219/219/408
f 213/213/399 201/201/378 216/216/409
f 209/209/390 213/213/399 220/220/410
f 210/210/392 211/211/395 218/218/407
f 221/221/411 207/207/387 214/214/400
f 215/215/401 207/207/387 221/221/411
f 222/222/412 216/216/403 210/210/413
f 217/217/404 209/209/393 220/220/414
f 223/223/415 210/210/392 218/218/407
f 222/222/412 210/210/392 223/223/416
f 224/224/417 206/206/405 217/217/406
f 214/214/418 206/206/386 224/224/417
f 218/218/407 212/212/396 225/225/419
f 225/225/420 212/212/396 219/219/421
f 226/226/422 214/214/418 224/224/417
f 221/221/411 214/214/418 226/226/422
f 227/227/423 213/213/399 216/216/403
f 216/216/409 222/222/412 227/227/423
f 228/228/424 218/218/407 225/225/419
f 229/229/425 215/215/401 221/221/411
f 230/230/426 215/215/427 229/229/428
f 231/231/429 213/213/399 227/227/423
f 232/232/430 217/217/404 220/220/410
f 224/224/417 217/217/406 232/232/430
f 233/233/431 223/223/416 218/218/432
f 229/229/425 221/221/411 226/226/422
f 225/225/433 219/219/421 234/234/434
f 220/220/410 213/213/399 231/231/429
f 222/222/412 223/223/416 233/233/435
f 233/233/435 218/218/407 228/228/424
f 228/228/424 225/225/433 234/234/436
f 232/232/430 220/220/410 231/231/437
f 235/235/438 224/224/417 232/232/430
f 226/226/422 224/224/417 235/235/438
f 236/236/439 230/230/426 229/229/440
f 237/237/441 233/233/435 228/228/442
f 238/238/443 229/229/425 226/226/422
f 239/239/444 222/222/412 233/233/435
f 239/239/444 233/233/435 237/237/445
f 227/227/423 222/222/412 239/239/446
f 232/232/430 231/231/437 240/240/447
f 241/241/448 229/229/425 238/238/443
f 236/236/439 229/229/440 241/241/449
f 242/242/450 227/227/423 239/239/444
f 231/231/429 227/227/423 242/242/451
f 237/237/441 228/228/442 243/243/452
f 244/244/453 226/226/422 235/235/438
f 243/243/454 228/228/424 245/245/455
f 238/238/443 226/226/422 244/244/453
f 245/245/455 228/228/424 234/234/436
f 246/246/456 236/236/457 241/241/449
f 240/240/458 231/231/429 242/242/451
f 247/247/459 232/232/430 240/240/447
f 248/248/460 235/235/438 247/247/461
f 235/235/438 232/232/430 247/247/461
f 245/245/455 234/234/436 249/249/462
f 242/242/450 239/239/444 250/250/463
f 239/239/444 237/237/441 251/251/464
f 244/244/453 235/235/438 248/248/465
f 252/252/466 238/238/443 244/244/453
f 241/241/448 238/238/443 252/252/466
f 253/253/467 242/242/450 250/250/463
f 240/240/468 242/242/451 253/253/469
f 250/250/470 239/239/446 251/251/464
f 237/237/441 243/243/454 254/254/471
f 255/255/472 244/244/453 248/248/465
f 252/252/473 244/244/453 255/255/472
f 256/256/474 240/240/458 253/253/469
f 251/251/475 237/237/441 257/257/476
f 247/247/461 240/240/447 256/256/474
f 258/258/477 248/248/465 247/247/461
f 257/257/476 237/237/441 254/254/478
f 255/255/472 248/248/465 258/258/477
f 246/246/479 241/241/480 259/259/481
f 260/260/482 251/251/464 257/257/476
f 260/260/483 250/250/484 251/251/464
f 254/254/485 243/243/454 245/245/455
f 261/261/486 241/241/448 252/252/466
f 259/259/487 241/241/488 261/261/486
f 262/262/489 250/250/484 260/260/483
f 253/253/467 250/250/484 262/262/490
f 256/256/491 253/253/492 263/263/493
f 264/264/494 256/256/491 263/263/493
f 247/247/461 256/256/474 264/264/494
f 258/258/477 247/247/461 264/264/494
f 257/257/495 254/254/471 265/265/496
f 254/254/497 245/245/455 266/266/498
f 267/267/499 252/252/473 255/255/472
f 268/268/500 252/252/473 267/267/501
f 245/245/455 249/249/502 269/269/503
f 266/266/498 245/245/455 269/269/503
f 261/261/504 252/252/473 268/268/505
f 263/263/493 253/253/506 262/262/507
f 270/270/508 260/260/482 257/257/495
f 270/270/508 257/257/495 265/265/496
f 271/271/509 258/258/477 264/264/510
f 267/267/499 255/255/511 258/258/477
f 272/272/512 261/261/486 268/268/513
f 273/273/514 260/260/482 270/270/508
f 262/262/515 260/260/516 273/273/514
f 274/274/517 264/264/518 263/263/493
f 271/271/509 264/264/518 274/274/519
f 271/271/520 267/267/499 258/258/477
f 254/254/471 266/266/521 275/275/522
f 276/276/523 265/265/524 275/275/525
f 265/265/496 254/254/471 275/275/526
f 277/277/527 267/267/528 271/271/509
f 275/275/529 266/266/498 278/278/530
f 268/268/531 267/267/532 279/279/533
f 278/278/530 266/266/534 269/269/503
f 272/272/535 268/268/513 280/280/536
f 281/281/537 262/262/515 273/273/514
f 281/281/537 263/263/493 262/262/507
f 274/274/517 263/263/493 281/281/538
f 270/270/508 265/265/496 276/276/539
f 279/279/540 267/267/532 277/277/527
f 280/280/536 268/268/531 279/279/533
f 282/282/541 283/283/542 284/284/543
f 285/285/544 282/282/541 284/284/545
f 285/285/544 286/286/546 282/282/541
f 287/287/547 286/286/548 285/285/544
f 287/287/547 288/288/549 286/286/546
f 289/289/550 288/288/551 287/287/547
f 290/290/552 289/289/553 291/291/554
f 291/291/555 289/289/550 287/287/547
f 285/285/544 284/284/545 292/292/556
f 293/293/557 287/287/558 285/285/559
f 292/292/560 284/284/561 294/294/562
f 295/295/563 290/290/564 291/291/555
f 285/285/544 292/292/565 296/296/566
f 293/293/557 285/285/544 296/296/566
f 297/297/567 287/287/547 293/293/557
f 297/297/567 291/291/555 287/287/547
f 298/298/568 292/292/560 294/294/569
f 299/299/570 295/295/571 291/291/555
f 296/296/572 292/292/556 300/300/573
f 299/299/574 291/291/555 301/301/575
f 302/302/576 292/292/577 298/298/568
f 300/300/573 292/292/556 303/303/578
f 292/292/556 302/302/579 303/303/580
f 293/293/557 296/296/566 304/304/581
f 301/301/575 291/291/555 297/297/567
f 305/305/582 299/299/574 301/301/575
f 306/306/583 299/299/584 305/305/585
f 304/304/581 296/296/566 300/300/573
f 307/307/586 297/297/567 293/293/557
f 303/303/578 302/302/576 308/308/587
f 309/309/588 301/301/575 297/297/567
f 310/310/589 293/293/557 304/304/581
f 307/307/586 293/293/557 310/310/589
f 309/309/588 297/297/567 307/307/586
f 305/305/582 301/301/575 311/311/590
f 312/312/591 303/303/592 308/308/593
f 313/313/594 303/303/578 312/312/595
f 300/300/573 303/303/578 313/313/594
f 311/311/596 301/301/575 309/309/588
f 314/314/597 305/305/585 311/311/596
f 304/304/581 300/300/573 313/313/594
f 313/313/594 312/312/595 315/315/598
f 309/309/599 307/307/586 316/316/600
f 312/312/591 308/308/593 317/317/601
f 314/314/602 311/311/590 318/318/603
f 319/319/604 314/314/605 318/318/603
f 316/316/600 307/307/586 310/310/589
f 320/320/606 309/309/588 316/316/600
f 321/321/607 312/312/608 317/317/601
f 322/322/609 310/310/610 304/304/581
f 315/315/611 312/312/595 321/321/612
f 323/323/613 313/313/594 315/315/598
f 304/304/581 313/313/594 323/323/614
f 324/324/615 311/311/596 309/309/588
f 324/324/616 309/309/599 320/320/617
f 318/318/618 311/311/590 324/324/615
f 325/325/619 321/321/607 326/326/620
f 319/319/604 318/318/603 327/327/621
f 322/322/609 304/304/581 323/323/613
f 316/316/600 310/310/589 322/322/609
f 315/315/598 321/321/612 325/325/622
f 327/327/621 318/318/618 324/324/616
f 322/322/609 323/323/614 328/328/623
f 329/329/624 316/316/600 322/322/625
f 330/330/626 327/327/621 324/324/616
f 331/331/627 323/323/614 315/315/598
f 320/320/606 316/316/600 329/329/628
f 315/315/598 325/325/619 332/332/629
f 331/331/627 315/315/598 332/332/630
f 333/333/631 320/320/606 329/329/628
f 328/328/623 323/323/614 331/331/627
f 334/334/632 320/320/606 333/333/631
f 324/324/616 320/320/606 334/334/632
f 335/335/633 324/324/616 334/334/634
f 335/335/633 330/330/635 324/324/616
f 336/336/636 328/328/623 331/331/627
f 337/337/637 322/322/609 328/328/623
f 329/329/624 322/322/609 337/337/637
f 334/334/632 333/333/631 338/338/638
f 337/337/637 328/328/623 336/336/636
f 339/339/639 329/329/628 337/337/637
f 338/338/640 333/333/631 339/339/639
f 333/333/631 329/329/628 339/339/639
f 335/335/633 334/334/634 340/340/641
f 331/331/627 332/332/630 341/341/642
f 340/340/643 334/334/632 338/338/640
f 342/342/644 341/341/645 332/332/630
f 341/341/645 336/336/636 331/331/646
f 343/343/647 337/337/637 336/336/636
f 339/339/639 337/337/648 343/343/649
f 344/344/650 341/341/645 342/342/644
f 345/345/651 338/338/640 339/339/639
f 340/340/643 338/338/640 345/345/651
f 346/346/652 336/336/636 341/341/642
f 343/343/647 336/336/636 346/346/652
f 339/339/639 343/343/653 347/347/654
f 345/345/651 339/339/639 347/347/654
f 346/346/655 341/341/645 348/348/656
f 349/349/657 340/340/658 345/345/659
f 348/348/660 341/341/645 344/344/650
f 350/350/661 343/343/649 346/346/662
f 347/347/654 343/343/649 350/350/663
f 349/349/664 345/345/659 351/351/665
f 352/352/666 346/346/662 348/348/660
f 350/350/667 346/346/662 352/352/668
f 351/351/669 347/347/654 350/350/667
f 351/351/665 350/350/670 353/353/671
f 351/351/669 345/345/659 347/347/654
f 353/353/672 350/350/667 352/352/666
f 354/354/673 355/355/674 356/356/675
f 354/354/673 357/357/676 355/355/677
f 358/358/678 359/359/583 360/360/585
f 356/356/675 359/359/679 358/358/597
f 361/361/680 357/357/681 354/354/673
f 362/362/682 357/357/683 361/361/684
f 363/363/685 364/364/686 362/362/682
f 365/365/687 366/366/688 364/364/689
f 365/365/687 367/367/690 366/366/691
f 368/368/692 369/369/693 370/370/694
f 371/371/695 356/356/675 358/358/597
f 363/363/685 362/362/682 361/361/684
f 365/365/696 364/364/697 363/363/685
f 372/372/698 367/367/690 365/365/687
f 373/373/699 367/367/690 372/372/698
f 369/369/700 368/368/692 374/374/701
f 375/375/702 369/369/693 374/374/701
f 376/376/703 369/369/693 375/375/702
f 377/377/704 376/376/703 375/375/702
f 377/377/705 378/378/706 376/376/707
f 377/377/704 379/379/708 378/378/706
f 380/380/709 381/381/710 379/379/711
f 382/382/712 383/383/713 380/380/709
f 383/383/714 381/381/710 380/380/709
f 384/384/715 385/385/716 386/386/717
f 387/387/718 385/385/716 384/384/715
f 388/388/719 389/389/720 390/390/721
f 391/391/230 389/389/722 388/388/719
f 354/354/723 356/356/724 371/371/695
f 392/392/725 370/370/726 373/373/727
f 368/368/692 370/370/728 392/392/725
f 393/393/729 368/368/692 392/392/725
f 394/394/730 379/379/711 377/377/731
f 380/380/709 379/379/711 394/394/730
f 382/382/732 395/395/733 383/383/734
f 396/396/735 397/397/736 395/395/737
f 398/398/738 397/397/736 396/396/739
f 399/399/740 400/400/741 401/401/742
f 402/402/743 400/400/744 399/399/740
f 403/403/745 404/404/746 402/402/747
f 405/405/748 404/404/749 403/403/745
f 406/406/750 407/407/751 408/408/752
f 409/409/753 410/410/754 407/407/755
f 411/411/756 412/412/757 413/413/758
f 414/414/759 415/415/760 416/416/761
f 392/392/725 373/373/727 372/372/698
f 374/374/701 368/368/692 393/393/729
f 401/401/742 398/398/762 417/417/763
f 409/409/753 407/407/751 406/406/750
f 418/418/764 410/410/765 409/409/753
f 419/419/766 420/420/767 418/418/764
f 419/419/768 421/421/769 420/420/767
f 422/422/770 423/423/771 424/424/772
f 425/425/773 423/423/774 422/422/775
f 425/425/773 426/426/776 423/423/771
f 427/427/777 426/426/778 425/425/773
f 427/427/779 428/428/780 426/426/778
f 429/429/781 428/428/780 427/427/779
f 429/429/781 412/412/757 428/428/780
f 413/413/758 412/412/757 429/429/781
f 386/386/717 411/411/756 413/413/758
f 430/430/782 387/387/718 384/384/715
f 414/414/783 416/416/761 430/430/784
f 431/431/785 415/415/760 414/414/759
f 431/431/785 432/432/786 415/415/760
f 433/433/787 432/432/786 431/431/785
f 434/434/788 432/432/786 433/433/787
f 435/435/789 436/436/790 437/437/791
f 390/390/792 435/435/793 437/437/791
f 363/363/794 361/361/684 438/438/795
f 439/439/796 363/363/685 438/438/797
f 439/439/798 365/365/799 363/363/800
f 440/440/801 365/365/799 439/439/798
f 372/372/802 365/365/687 440/440/801
f 396/396/735 395/395/737 382/382/803
f 417/417/763 398/398/804 396/396/739
f 441/441/805 403/403/806 399/399/740
f 403/403/745 402/402/807 399/399/740
f 442/442/808 405/405/748 403/403/745
f 443/443/809 405/405/810 442/442/808
f 406/406/750 443/443/809 442/442/808
f 444/444/811 418/418/764 409/409/812
f 445/445/813 421/421/769 419/419/766
f 424/424/814 421/421/769 445/445/815
f 384/384/715 386/386/816 446/446/817
f 430/430/782 384/384/715 447/447/818
f 448/448/819 434/434/820 433/433/787
f 437/437/791 434/434/820 448/448/819
f 437/437/791 436/436/790 434/434/788
f 449/449/821 390/390/822 437/437/791
f 388/388/719 390/390/792 449/449/821
f 450/450/256 391/391/230 388/388/823
f 371/371/695 358/358/597 451/451/824
f 452/452/825 354/354/673 371/371/826
f 453/453/827 354/354/673 452/452/825
f 453/453/827 361/361/680 354/354/673
f 454/454/828 392/392/725 372/372/698
f 393/393/829 392/392/725 454/454/828
f 455/455/830 377/377/704 375/375/702
f 394/394/730 377/377/731 455/455/831
f 396/396/735 382/382/732 456/456/832
f 457/457/833 401/401/742 417/417/763
f 399/399/740 401/401/742 457/457/833
f 442/442/808 403/403/806 441/441/834
f 458/458/835 409/409/812 406/406/836
f 444/444/837 409/409/812 458/458/835
f 459/459/838 418/418/764 444/444/811
f 419/419/766 418/418/839 459/459/840
f 422/422/775 424/424/841 445/445/813
f 460/460/842 425/425/843 422/422/775
f 460/460/842 427/427/844 425/425/843
f 461/461/845 427/427/846 460/460/842
f 461/461/845 429/429/781 427/427/846
f 462/462/847 429/429/781 461/461/845
f 462/462/848 413/413/849 429/429/850
f 446/446/817 386/386/816 413/413/851
f 446/446/817 413/413/849 462/462/848
f 447/447/818 384/384/715 446/446/817
f 463/463/852 430/430/782 447/447/853
f 463/463/852 414/414/759 430/430/782
f 431/431/854 414/414/759 463/463/852
f 464/464/855 388/388/719 449/449/856
f 465/465/857 371/371/695 451/451/858
f 452/452/825 371/371/695 465/465/857
f 466/466/859 361/361/680 453/453/827
f 438/438/795 361/361/684 466/466/860
f 467/467/861 372/372/698 440/440/801
f 454/454/828 372/372/802 467/467/862
f 468/468/863 374/374/701 393/393/829
f 455/455/830 375/375/864 374/374/701
f 380/380/709 394/394/730 469/469/865
f 470/470/866 380/380/709 469/469/867
f 382/382/712 380/380/709 470/470/868
f 471/471/869 382/382/732 470/470/868
f 417/417/763 396/396/870 472/472/871
f 441/441/805 399/399/740 473/473/872
f 474/474/873 406/406/836 475/475/874
f 406/406/836 442/442/808 475/475/874
f 464/464/875 449/449/876 476/476/877
f 450/450/256 388/388/719 464/464/878
f 477/477/879 452/452/880 465/465/857
f 477/477/881 453/453/882 452/452/880
f 439/439/796 438/438/795 478/478/883
f 440/440/801 439/439/798 478/478/883
f 479/479/884 393/393/829 454/454/828
f 468/468/863 393/393/829 479/479/884
f 455/455/830 374/374/701 468/468/863
f 480/480/885 394/394/730 455/455/830
f 481/481/886 394/394/730 480/480/887
f 469/469/888 394/394/730 481/481/889
f 472/472/871 396/396/735 456/456/832
f 473/473/890 399/399/740 457/457/833
f 442/442/808 441/441/805 482/482/891
f 458/458/835 406/406/836 474/474/892
f 483/483/893 444/444/811 458/458/835
f 459/459/840 444/444/811 483/483/894
f 484/484/895 419/419/766 459/459/896
f 484/484/895 445/445/813 419/419/766
f 484/484/895 422/422/897 445/445/813
f 485/485/898 422/422/897 484/484/895
f 460/460/842 422/422/897 485/485/899
f 486/486/900 447/447/901 446/446/902
f 431/431/785 463/463/852 487/487/903
f 433/433/904 431/431/905 487/487/903
f 488/488/906 433/433/787 487/487/903
f 488/488/906 448/448/819 433/433/904
f 489/489/907 437/437/908 448/448/819
f 489/489/907 449/449/821 437/437/791
f 465/465/857 451/451/858 490/490/909
f 491/491/910 466/466/911 477/477/879
f 466/466/911 453/453/882 477/477/881
f 491/491/912 438/438/795 466/466/859
f 478/478/883 438/438/913 491/491/912
f 440/440/914 478/478/915 492/492/916
f 467/467/917 440/440/918 493/493/919
f 454/454/828 467/467/920 494/494/921
f 495/495/922 469/469/923 481/481/924
f 495/495/925 470/470/926 469/469/927
f 471/471/928 456/456/929 382/382/732
f 496/496/930 417/417/763 472/472/871
f 497/497/931 457/457/833 417/417/763
f 497/497/931 417/417/763 496/496/930
f 498/498/932 457/457/933 497/497/934
f 473/473/890 457/457/933 498/498/935
f 499/499/936 441/441/805 473/473/890
f 482/482/937 441/441/938 499/499/936
f 475/475/874 442/442/939 482/482/891
f 500/500/940 461/461/941 460/460/942
f 462/462/848 461/461/941 500/500/940
f 501/501/943 462/462/848 500/500/940
f 502/502/944 462/462/848 501/501/943
f 446/446/902 462/462/848 502/502/945
f 463/463/946 447/447/901 486/486/900
f 503/503/947 487/487/903 463/463/946
f 476/476/877 449/449/876 489/489/948
f 504/504/265 464/464/875 476/476/877
f 450/450/251 464/464/875 504/504/265
f 465/465/857 490/490/621 505/505/949
f 465/465/950 505/505/949 506/506/951
f 477/477/881 465/465/950 506/506/952
f 507/507/953 478/478/915 491/491/912
f 493/493/919 440/440/918 492/492/954
f 494/494/921 467/467/917 493/493/955
f 479/479/884 454/454/956 494/494/957
f 468/468/958 479/479/959 508/508/960
f 509/509/961 468/468/958 508/508/960
f 510/510/962 468/468/958 509/509/961
f 510/510/962 455/455/963 468/468/958
f 480/480/964 455/455/830 510/510/965
f 511/511/966 470/470/866 495/495/967
f 471/471/968 470/470/868 511/511/969
f 471/471/928 512/512/970 456/456/929
f 512/512/970 472/472/971 456/456/832
f 499/499/936 473/473/890 498/498/935
f 513/513/972 474/474/892 475/475/874
f 513/513/972 458/458/835 474/474/892
f 514/514/973 458/458/835 513/513/974
f 483/483/975 458/458/835 514/514/976
f 459/459/896 483/483/894 515/515/977
f 484/484/978 459/459/840 516/516/979
f 485/485/899 484/484/978 517/517/980
f 460/460/842 485/485/899 518/518/981
f 505/505/982 490/490/909 519/519/983
f 491/491/912 477/477/984 520/520/985
f 521/521/986 479/479/959 494/494/921
f 508/508/960 479/479/959 521/521/986
f 522/522/987 480/480/964 510/510/962
f 523/523/988 480/480/964 522/522/987
f 481/481/924 480/480/887 523/523/988
f 495/495/922 481/481/924 523/523/989
f 511/511/966 495/495/922 524/524/990
f 512/512/991 471/471/992 511/511/993
f 525/525/994 472/472/971 512/512/995
f 525/525/996 496/496/930 472/472/971
f 526/526/997 497/497/931 496/496/930
f 498/498/932 497/497/931 526/526/997
f 527/527/998 475/475/874 482/482/999
f 515/515/977 483/483/894 514/514/976
f 518/518/981 485/485/899 517/517/1000
f 500/500/940 460/460/842 518/518/981
f 446/446/902 502/502/1001 528/528/1002
f 486/486/1003 446/446/902 528/528/1004
f 463/463/946 486/486/1003 529/529/1005
f 503/503/947 463/463/1006 529/529/1005
f 530/530/1007 487/487/1008 503/503/947
f 531/531/1009 487/487/1008 530/530/1010
f 531/531/1009 488/488/1011 487/487/1012
f 532/532/1013 448/448/1014 488/488/1011
f 489/489/1015 448/448/1014 532/532/1013
f 533/533/1016 489/489/1017 532/532/1013
f 476/476/877 489/489/1015 533/533/1016
f 534/534/1018 476/476/877 533/533/1016
f 504/504/265 476/476/877 534/534/1018
f 535/535/1019 478/478/915 507/507/1020
f 492/492/1021 478/478/1022 535/535/1023
f 536/536/1024 493/493/1025 492/492/1021
f 537/537/1026 509/509/1027 508/508/960
f 510/510/1028 509/509/961 537/537/1026
f 524/524/990 495/495/922 523/523/988
f 538/538/1029 498/498/1030 526/526/997
f 538/538/1029 499/499/1031 498/498/1032
f 527/527/998 482/482/999 499/499/1031
f 539/539/1033 475/475/1034 527/527/998
f 539/539/1035 513/513/974 475/475/1034
f 514/514/976 513/513/974 539/539/1035
f 516/516/1036 459/459/840 515/515/977
f 540/540/1037 484/484/978 516/516/1036
f 517/517/980 484/484/978 540/540/1037
f 541/541/1038 500/500/1039 518/518/981
f 529/529/1005 486/486/1003 528/528/1004
f 532/532/1040 488/488/1011 531/531/1041
f 542/542/1042 504/504/265 534/534/1018
f 543/543/296 504/504/1043 542/542/1044
f 520/520/1045 477/477/1046 506/506/1047
f 544/544/1048 491/491/1049 520/520/1050
f 507/507/953 491/491/1051 544/544/1052
f 535/535/1019 507/507/1053 545/545/1054
f 536/536/1055 494/494/921 493/493/1056
f 521/521/986 494/494/1057 536/536/1055
f 505/505/982 519/519/1058 546/546/633
f 521/521/1059 536/536/1055 547/547/1060
f 548/548/1061 508/508/960 521/521/1059
f 549/549/1062 511/511/966 524/524/990
f 549/549/1063 550/550/1064 512/512/991
f 549/549/1063 512/512/991 511/511/993
f 551/551/1065 512/512/970 550/550/1066
f 525/525/994 512/512/970 551/551/1065
f 552/552/1067 525/525/1068 551/551/1065
f 553/553/1069 496/496/1070 525/525/994
f 553/553/1071 525/525/994 552/552/1067
f 553/553/1072 526/526/1073 496/496/1070
f 554/554/1074 526/526/1073 553/553/1069
f 538/538/1075 526/526/1073 554/554/1074
f 555/555/1076 499/499/1031 538/538/1029
f 527/527/998 499/499/1031 555/555/1077
f 556/556/1078 527/527/998 555/555/1077
f 557/557/1079 527/527/998 556/556/1078
f 558/558/1080 539/539/1033 527/527/998
f 558/558/1080 527/527/998 557/557/1079
f 558/558/1080 514/514/1081 539/539/1033
f 559/559/1082 514/514/1081 558/558/1083
f 560/560/1084 514/514/1081 559/559/1085
f 515/515/1086 514/514/1081 560/560/1084
f 561/561/1087 515/515/1086 560/560/1084
f 561/561/1087 516/516/1088 515/515/1089
f 561/561/1087 540/540/1037 516/516/1088
f 562/562/1090 540/540/1091 561/561/1092
f 517/517/1000 540/540/1037 562/562/1093
f 563/563/1094 517/517/1095 562/562/1093
f 563/563/1094 518/518/981 517/517/1000
f 564/564/1096 518/518/981 563/563/1094
f 541/541/1097 518/518/981 564/564/1096
f 565/565/1098 500/500/1039 541/541/1097
f 501/501/1099 500/500/1039 565/565/1100
f 566/566/1101 502/502/945 501/501/1099
f 566/566/1102 501/501/943 565/565/1100
f 567/567/1103 502/502/1001 566/566/1101
f 528/528/1004 502/502/945 567/567/1103
f 568/568/1104 528/528/1105 567/567/1103
f 529/529/1106 528/528/1004 568/568/1104
f 569/569/1107 529/529/1106 568/568/1104
f 569/569/1108 503/503/1109 529/529/1106
f 570/570/1110 503/503/1109 569/569/1107
f 570/570/1110 530/530/1010 503/503/1109
f 571/571/1111 530/530/1010 570/570/1110
f 571/571/1112 531/531/1041 530/530/1113
f 572/572/1114 531/531/1041 571/571/1115
f 573/573/1116 532/532/1117 531/531/1041
f 573/573/1116 531/531/1041 572/572/1114
f 573/573/1118 533/533/1119 532/532/1117
f 574/574/1120 533/533/1119 573/573/1116
f 574/574/1121 534/534/1122 533/533/1119
f 575/575/1123 534/534/1122 574/574/1121
f 576/576/307 542/542/1044 575/575/1124
f 542/542/1044 534/534/1122 575/575/1124
f 543/543/296 542/542/1044 576/576/304
f 577/577/1125 492/492/916 535/535/1023
f 577/577/1125 536/536/1055 492/492/1021
f 578/578/1126 510/510/962 537/537/1026
f 522/522/987 510/510/1028 578/578/1126
f 579/579/1127 522/522/987 578/578/1126
f 523/523/1128 522/522/987 579/579/1127
f 580/580/1129 523/523/1128 579/579/1127
f 580/580/1129 524/524/1130 523/523/1131
f 581/581/1132 524/524/1133 580/580/1129
f 549/549/1063 524/524/990 581/581/1132
f 582/582/1134 551/551/1135 550/550/1136
f 552/552/1137 551/551/1135 582/582/1134
f 583/583/1138 552/552/1137 582/582/1139
f 553/553/1069 552/552/1067 583/583/1138
f 555/555/1077 538/538/1075 554/554/1074
f 584/584/1140 558/558/1141 557/557/1142
f 562/562/1143 561/561/1092 585/585/1144
f 570/570/1110 569/569/1145 586/586/1146
f 587/587/1147 571/571/1115 570/570/1110
f 572/572/1114 571/571/1111 587/587/1147
f 588/588/1148 505/505/949 546/546/633
f 506/506/952 505/505/949 588/588/1149
f 520/520/1045 506/506/1047 588/588/1150
f 589/589/1151 544/544/1048 520/520/1045
f 507/507/953 544/544/1052 589/589/1152
f 545/545/1054 507/507/953 589/589/1151
f 535/535/1019 545/545/1054 590/590/1153
f 577/577/1125 535/535/1154 590/590/1153
f 547/547/1060 536/536/1055 577/577/1125
f 591/591/1155 547/547/1156 592/592/1157
f 591/591/1158 521/521/986 547/547/1060
f 548/548/1159 591/591/1155 593/593/1160
f 591/591/1155 592/592/1157 593/593/1160
f 548/548/1061 521/521/1059 591/591/1161
f 548/548/1159 593/593/1160 594/594/1162
f 537/537/1163 548/548/1159 594/594/1162
f 537/537/1026 508/508/1164 548/548/1061
f 578/578/1165 537/537/1026 594/594/1162
f 578/578/1166 595/595/1167 579/579/1168
f 596/596/1169 581/581/1170 580/580/1171
f 549/549/1172 581/581/1170 596/596/1173
f 597/597/1174 550/550/1064 549/549/1172
f 553/553/1069 583/583/1138 598/598/1175
f 554/554/1176 553/553/1069 598/598/1177
f 599/599/1178 555/555/1179 554/554/1180
f 599/599/1178 556/556/1181 555/555/1179
f 556/556/1181 599/599/1178 600/600/1182
f 557/557/1183 556/556/1181 600/600/1182
f 559/559/1085 558/558/1184 584/584/1140
f 560/560/1185 559/559/1085 601/601/1186
f 561/561/1092 560/560/1185 601/601/1187
f 562/562/1143 585/585/1188 602/602/1189
f 602/602/1190 563/563/1191 562/562/1143
f 564/564/1192 563/563/1191 602/602/1189
f 541/541/1097 564/564/1192 603/603/1193
f 565/565/1100 541/541/1097 604/604/1194
f 565/565/1100 604/604/1195 605/605/1196
f 566/566/1197 565/565/1100 605/605/1196
f 567/567/1198 566/566/1197 606/606/1199
f 568/568/1200 567/567/1198 607/607/1201
f 569/569/1108 568/568/1200 608/608/1202
f 609/609/1203 572/572/1114 587/587/1147
f 573/573/1204 572/572/1205 610/610/1206
f 574/574/1207 573/573/1208 611/611/1209
f 575/575/1124 574/574/1207 612/612/1210
f 575/575/1211 612/612/1212 576/576/307
f 613/613/1213 520/520/1045 588/588/1150
f 589/589/1214 520/520/1045 613/613/1213
f 545/545/1215 589/589/1152 614/614/1216
f 545/545/1215 614/614/1216 615/615/1217
f 590/590/1218 615/615/1219 616/616/1220
f 590/590/1153 545/545/1221 615/615/1219
f 616/616/1222 577/577/1223 590/590/1224
f 577/577/1223 616/616/1225 617/617/1226
f 547/547/1156 577/577/1223 617/617/1226
f 592/592/1157 547/547/1156 617/617/1226
f 595/595/1227 578/578/1166 594/594/1162
f 579/579/1228 595/595/1167 618/618/1229
f 580/580/1230 579/579/1231 618/618/1232
f 596/596/1173 580/580/1171 618/618/1233
f 549/549/1172 596/596/1173 619/619/1234
f 597/597/1235 549/549/1172 619/619/1234
f 597/597/1174 620/620/1236 550/550/1064
f 620/620/1236 582/582/1237 550/550/1066
f 582/582/1238 620/620/1236 621/621/1239
f 583/583/1240 582/582/1238 622/622/1241
f 582/582/1238 621/621/1242 622/622/1241
f 583/583/1138 622/622/1241 598/598/1243
f 554/554/1176 598/598/1175 623/623/1244
f 599/599/1178 554/554/1176 623/623/1244
f 599/599/1245 623/623/1244 600/600/1182
f 557/557/1246 600/600/1182 624/624/1247
f 584/584/1140 557/557/1183 624/624/1247
f 584/584/1140 624/624/1247 625/625/1248
f 559/559/1249 584/584/1140 625/625/1248
f 559/559/1082 625/625/1248 626/626/1250
f 559/559/1249 626/626/1251 601/601/1186
f 561/561/1252 601/601/1187 627/627/1253
f 585/585/1254 561/561/1252 627/627/1255
f 585/585/1254 627/627/1255 628/628/1256
f 585/585/1254 628/628/1257 629/629/1258
f 602/602/1190 585/585/1254 629/629/1258
f 602/602/1190 629/629/1258 630/630/1259
f 603/603/1260 602/602/1190 630/630/1261
f 603/603/1193 564/564/1192 602/602/1190
f 603/603/1260 630/630/1261 631/631/1262
f 604/604/1263 603/603/1260 632/632/1264
f 603/603/1260 631/631/1262 632/632/1264
f 604/604/1194 541/541/1097 603/603/1193
f 605/605/1265 604/604/1195 632/632/1266
f 605/605/1267 632/632/1264 633/633/1268
f 606/606/1269 605/605/1265 633/633/1268
f 566/566/1197 605/605/1196 606/606/1199
f 607/607/1201 606/606/1269 633/633/1268
f 607/607/1201 567/567/1198 606/606/1269
f 607/607/1201 633/633/1268 634/634/1270
f 608/608/1271 607/607/1201 634/634/1272
f 608/608/1202 568/568/1200 607/607/1273
f 608/608/1271 634/634/1272 635/635/1274
f 635/635/1275 569/569/1276 608/608/1271
f 586/586/1277 635/635/1274 636/636/1278
f 586/586/1146 569/569/1145 635/635/1274
f 587/587/1279 586/586/1146 636/636/1278
f 587/587/1279 636/636/1278 637/637/1280
f 587/587/1147 570/570/1110 586/586/1146
f 587/587/1147 637/637/1280 638/638/1281
f 609/609/1282 587/587/1147 638/638/1281
f 609/609/1283 638/638/1281 639/639/1284
f 610/610/1285 609/609/1282 639/639/1284
f 610/610/1206 572/572/1114 609/609/1203
f 610/610/1285 639/639/1284 640/640/1286
f 611/611/1209 610/610/1285 640/640/1286
f 611/611/1209 573/573/1208 610/610/1285
f 612/612/1210 611/611/1209 641/641/1287
f 612/612/1212 574/574/1207 611/611/1209
f 612/612/1210 641/641/1287 642/642/1288
f 576/576/1289 612/612/1210 642/642/1288
f 576/576/304 642/642/1288 643/643/305
f 588/588/1148 546/546/1290 644/644/1291
f 645/645/1292 613/613/1293 644/644/1294
f 613/613/1293 588/588/1150 644/644/1294
f 613/613/1293 645/645/1292 646/646/1295
f 646/646/1296 589/589/1297 613/613/1293
f 597/597/1235 619/619/1298 647/647/1299
f 611/611/1300 640/640/1286 641/641/1287
f 644/644/1301 546/546/1290 648/648/1302
f 649/649/1303 589/589/1297 646/646/1296
f 614/614/1304 589/589/1297 649/649/1305
f 616/616/1222 615/615/1219 650/650/1306
f 617/617/1226 616/616/1222 651/651/1307
f 595/595/1167 594/594/1308 652/652/1309
f 595/595/1167 652/652/1309 618/618/1229
f 596/596/1169 618/618/1310 653/653/1311
f 596/596/1173 653/653/1311 654/654/1312
f 619/619/1234 596/596/1173 654/654/1312
f 619/619/1234 654/654/1312 647/647/1313
f 647/647/1299 620/620/1236 597/597/1314
f 644/644/1294 655/655/1315 645/645/1316
f 646/646/1317 645/645/1316 649/649/1305
f 649/649/1318 615/615/1217 614/614/1319
f 616/616/1222 650/650/1306 651/651/1307
f 617/617/1226 651/651/1320 656/656/1321
f 617/617/1226 656/656/1321 657/657/1322
f 592/592/1157 617/617/1226 657/657/1322
f 592/592/1157 657/657/1322 658/658/1323
f 593/593/1160 592/592/1157 658/658/1323
f 594/594/1162 593/593/1160 659/659/1324
f 594/594/1162 659/659/1325 652/652/1309
f 618/618/1326 652/652/1309 660/660/1327
f 618/618/1229 660/660/1327 653/653/1311
f 654/654/1312 653/653/1328 661/661/1329
f 654/654/1312 661/661/1330 647/647/1313
f 647/647/1299 662/662/1331 620/620/1236
f 644/644/1301 648/648/1332 655/655/1333
f 645/645/1316 655/655/1315 663/663/1334
f 649/649/1305 645/645/1316 663/663/1334
f 650/650/1306 664/664/1335 651/651/1320
f 651/651/1320 664/664/1335 656/656/1321
f 659/659/1324 593/593/1160 658/658/1323
f 655/655/1333 648/648/658 665/665/664
f 655/655/1336 666/666/1337 663/663/1334
f 615/615/1217 649/649/1338 667/667/1339
f 615/615/1217 667/667/1339 650/650/1340
f 664/664/1335 650/650/1306 668/668/1341
f 666/666/1342 655/655/1343 665/665/1344
f 663/663/1345 666/666/1337 669/669/1346
f 649/649/1305 663/663/1334 669/669/1346
f 649/649/1305 669/669/1347 667/667/1348
f 670/670/1349 671/671/1350 672/672/1351
f 673/673/1352 670/670/1353 672/672/1354
f 674/674/1355 675/675/1356 676/676/1357
f 677/677/1358 674/674/1359 676/676/1357
f 677/677/1360 676/676/1357 678/678/1361
f 677/677/1362 678/678/1361 679/679/1363
f 680/680/1364 677/677/1365 679/679/1363
f 680/680/1366 679/679/1363 681/681/1367
f 680/680/1364 681/681/1367 682/682/1368
f 683/683/1369 682/682/1368 684/684/1370
f 685/685/1371 683/683/1369 684/684/1370
f 685/685/1371 684/684/1370 686/686/1372
f 687/687/1373 688/688/1374 689/689/1375
f 690/690/1376 687/687/1377 689/689/1375
f 691/691/1378 690/690/1376 692/692/1379
f 693/693/1380 691/691/1378 692/692/1379
f 693/693/1381 692/692/1379 694/694/1382
f 695/695/1383 693/693/1380 696/696/1384
f 693/693/1385 694/694/1382 696/696/1384
f 697/697/1386 695/695/1383 696/696/1384
f 697/697/1386 696/696/1387 698/698/1388
f 699/699/1389 698/698/1388 700/700/1390
f 701/701/1391 699/699/1389 700/700/1390
f 701/701/1392 700/700/1390 702/702/1393
f 703/703/1394 701/701/1392 702/702/1393
f 703/703/1395 702/702/1393 704/704/1396
f 705/705/1397 703/703/1394 704/704/1396
f 706/706/1398 705/705/1397 707/707/1399
f 705/705/1397 704/704/1396 707/707/1400
f 706/706/1398 707/707/1399 708/708/1401
f 709/709/1402 706/706/1398 708/708/1401
f 710/710/1403 709/709/1402 711/711/286
f 709/709/1404 708/708/1401 711/711/286
f 712/712/1405 670/670/1406 673/673/1352
f 713/713/1407 712/712/1408 673/673/1409
f 714/714/1410 715/715/1411 716/716/1412
f 717/717/1413 714/714/1414 716/716/1415
f 717/717/1413 716/716/1415 718/718/1416
f 719/719/1417 718/718/1418 720/720/1419
f 721/721/1420 720/720/1421 675/675/1356
f 680/680/1364 722/722/1422 677/677/1358
f 723/723/1423 724/724/1424 682/682/1425
f 723/723/1426 682/682/1368 683/683/1427
f 685/685/1428 723/723/1423 683/683/1429
f 725/725/1430 686/686/1372 688/688/1431
f 687/687/1377 725/725/1430 688/688/1431
f 726/726/1432 687/687/1377 690/690/1433
f 726/726/1432 690/690/1433 691/691/1434
f 727/727/1435 693/693/1436 695/695/1437
f 728/728/1438 697/697/1439 698/698/1440
f 728/728/1438 698/698/1441 699/699/1389
f 729/729/1442 703/703/1395 705/705/1443
f 730/730/1444 705/705/1443 706/706/1445
f 731/731/1446 710/710/285 732/732/287
f 733/733/1447 734/734/1448 735/735/1449
f 736/736/1450 735/735/1449 737/737/1451
f 738/738/1452 737/737/1453 739/739/1454
f 740/740/1455 739/739/1456 741/741/1457
f 742/742/1458 740/740/1455 741/741/1457
f 743/743/1459 742/742/1460 744/744/1461
f 743/743/1459 744/744/1462 745/745/1463
f 746/746/1464 743/743/1459 745/745/1465
f 746/746/1466 745/745/1463 747/747/1467
f 746/746/1468 747/747/1467 671/671/1469
f 746/746/1464 671/671/1350 670/670/1470
f 748/748/1471 712/712/1405 713/713/1472
f 748/748/1471 713/713/1407 715/715/1411
f 714/714/1410 748/748/1471 715/715/1473
f 719/719/1417 717/717/1413 718/718/1418
f 721/721/1474 719/719/1475 720/720/1419
f 721/721/1474 675/675/1356 749/749/1476
f 749/749/1477 675/675/1356 674/674/1355
f 722/722/1478 674/674/1355 677/677/1362
f 750/750/1479 722/722/1478 680/680/1364
f 724/724/1480 680/680/1366 682/682/1368
f 724/724/1424 750/750/1481 680/680/1364
f 751/751/1482 723/723/1423 685/685/1428
f 725/725/1430 751/751/1483 685/685/1428
f 725/725/1430 685/685/1428 686/686/1372
f 752/752/1484 695/695/1437 697/697/1439
f 753/753/1485 728/728/1438 699/699/1389
f 753/753/1485 699/699/1389 701/701/1391
f 754/754/1486 753/753/1485 701/701/1391
f 754/754/1486 701/701/1391 703/703/1395
f 730/730/1444 729/729/1442 705/705/1487
f 731/731/301 709/709/1402 710/710/1403
f 755/755/1488 756/756/1489 757/757/1490
f 758/758/1491 757/757/1492 759/759/1493
f 758/758/1494 759/759/1493 734/734/1448
f 736/736/1495 733/733/1447 735/735/1449
f 738/738/1452 736/736/1450 737/737/1451
f 760/760/1496 738/738/1452 739/739/1454
f 760/760/1496 739/739/1454 740/740/1455
f 761/761/1497 740/740/1455 742/742/1498
f 761/761/1497 742/742/1460 743/743/1459
f 762/762/1499 743/743/1459 746/746/1466
f 763/763/1500 746/746/1464 670/670/1349
f 712/712/1501 763/763/1500 670/670/1470
f 764/764/1502 763/763/1500 712/712/1405
f 765/765/1503 764/764/1502 712/712/1405
f 765/765/1504 712/712/1405 748/748/1471
f 766/766/1505 765/765/1503 748/748/1471
f 766/766/1505 748/748/1471 714/714/1410
f 767/767/1506 766/766/1505 714/714/1410
f 767/767/1506 714/714/1507 717/717/1508
f 767/767/1506 717/717/1413 719/719/1509
f 768/768/1510 767/767/1506 719/719/1509
f 769/769/1511 768/768/1512 719/719/1509
f 769/769/1511 719/719/1509 721/721/1513
f 770/770/1514 769/769/1511 721/721/1515
f 770/770/1514 721/721/1516 749/749/1517
f 749/749/1477 674/674/1355 722/722/1422
f 771/771/1518 750/750/1519 724/724/1520
f 772/772/1521 771/771/1518 724/724/1480
f 772/772/1521 724/724/1522 723/723/1523
f 773/773/1524 772/772/1525 723/723/1526
f 751/751/1482 773/773/1524 723/723/1526
f 774/774/1527 773/773/1524 751/751/1482
f 774/774/1527 751/751/1482 725/725/1430
f 775/775/1528 774/774/1527 725/725/1430
f 776/776/1529 775/775/1530 725/725/1430
f 776/776/1529 725/725/1430 687/687/1377
f 726/726/1531 776/776/1529 687/687/1377
f 777/777/1532 776/776/1529 726/726/1533
f 778/778/1534 726/726/1432 691/691/1434
f 779/779/1535 777/777/1532 778/778/1534
f 777/777/1532 726/726/1533 778/778/1534
f 778/778/1536 691/691/1434 693/693/1436
f 778/778/1536 693/693/1436 727/727/1435
f 780/780/1537 778/778/1534 727/727/1435
f 780/780/1538 779/779/1535 778/778/1534
f 781/781/1539 780/780/1540 727/727/1435
f 752/752/1541 727/727/1542 695/695/1543
f 781/781/1539 727/727/1435 752/752/1544
f 782/782/1545 781/781/1539 752/752/1544
f 728/728/1438 752/752/1484 697/697/1439
f 782/782/1545 752/752/1544 728/728/1546
f 783/783/1547 782/782/1545 728/728/1546
f 783/783/1547 728/728/1546 753/753/1548
f 784/784/1549 783/783/1547 753/753/1550
f 784/784/1549 753/753/1550 754/754/1551
f 785/785/1552 784/784/1549 754/754/1551
f 729/729/1442 754/754/1486 703/703/1395
f 785/785/1552 754/754/1551 729/729/1553
f 785/785/1552 729/729/1553 730/730/1444
f 786/786/1554 785/785/1552 730/730/1444
f 787/787/1555 730/730/1444 706/706/1445
f 786/786/1554 730/730/1556 787/787/1555
f 788/788/1557 786/786/1554 787/787/1555
f 787/787/1555 706/706/1398 709/709/1402
f 731/731/301 787/787/1555 709/709/1402
f 731/731/1446 788/788/1557 787/787/1555
f 789/789/1558 790/790/1559 791/791/1560
f 792/792/1561 789/789/1558 791/791/1562
f 792/792/1561 791/791/1562 756/756/1563
f 793/793/1564 755/755/1488 757/757/1492
f 758/758/1491 793/793/1565 757/757/1492
f 794/794/1566 758/758/1491 734/734/1448
f 794/794/1567 734/734/1448 733/733/1447
f 795/795/1568 736/736/1495 738/738/1452
f 761/761/1497 760/760/1496 740/740/1455
f 796/796/1569 761/761/1497 743/743/1459
f 797/797/1570 764/764/1502 765/765/1504
f 798/798/1571 797/797/1570 765/765/1504
f 798/798/1571 765/765/1504 766/766/1505
f 799/799/1572 800/800/1242 801/801/1573
f 802/802/1574 798/798/1571 766/766/1505
f 802/802/1574 766/766/1505 767/767/1575
f 803/803/1175 799/799/1572 804/804/1576
f 799/799/1572 801/801/1573 804/804/1577
f 805/805/1578 802/802/1574 767/767/1579
f 806/806/1580 803/803/1175 804/804/1577
f 806/806/1580 804/804/1576 807/807/1581
f 805/805/1578 767/767/1579 768/768/1512
f 769/769/1582 805/805/1578 768/768/1512
f 808/808/1583 806/806/1244 809/809/1584
f 808/808/1182 809/809/1584 810/810/1585
f 811/811/1586 808/808/1583 810/810/1585
f 812/812/1587 770/770/1514 749/749/1517
f 811/811/1586 810/810/1585 813/813/1588
f 814/814/1589 812/812/1587 749/749/1517
f 811/811/1586 813/813/1588 815/815/1590
f 814/814/1589 749/749/1517 722/722/1591
f 815/815/1590 813/813/1592 816/816/1593
f 817/817/1594 814/814/1589 722/722/1591
f 818/818/1250 815/815/1595 816/816/1596
f 817/817/1594 722/722/1591 750/750/1597
f 818/818/1250 816/816/1596 819/819/1598
f 820/820/1599 817/817/1594 750/750/1519
f 821/821/1186 818/818/1250 819/819/1600
f 771/771/1601 820/820/1599 750/750/1597
f 821/821/1186 819/819/1602 822/822/1255
f 822/822/1255 819/819/1600 823/823/1603
f 824/824/1604 820/820/1599 771/771/1518
f 824/824/1605 771/771/1518 772/772/1606
f 825/825/1256 822/822/1255 823/823/1607
f 826/826/1608 772/772/1606 773/773/1609
f 826/826/1608 773/773/1609 774/774/1610
f 827/827/1611 828/828/1612 829/829/1613
f 827/827/1259 829/829/1613 830/830/1614
f 831/831/1262 827/827/1611 830/830/1614
f 831/831/1262 830/830/1614 832/832/1615
f 833/833/1616 775/775/1530 776/776/1529
f 834/834/1617 831/831/1262 832/832/1618
f 833/833/1619 776/776/1529 777/777/1620
f 835/835/1621 833/833/1616 777/777/1620
f 836/836/1268 834/834/1264 837/837/1622
f 835/835/1621 777/777/1620 779/779/1535
f 836/836/1268 837/837/1623 838/838/1624
f 839/839/1625 779/779/1535 780/780/1540
f 840/840/1272 836/836/1268 838/838/1624
f 840/840/1272 838/838/1624 841/841/1626
f 842/842/1627 840/840/1272 841/841/1626
f 843/843/1628 780/780/1629 781/781/1630
f 843/843/1628 781/781/1630 782/782/1545
f 842/842/1274 841/841/1626 844/844/1278
f 844/844/1631 841/841/1626 845/845/1632
f 846/846/1633 782/782/1545 783/783/1547
f 847/847/1634 844/844/1631 845/845/1632
f 847/847/1280 845/845/1632 848/848/1635
f 849/849/1636 847/847/1280 848/848/1635
f 850/850/1637 783/783/1638 784/784/1639
f 851/851/1284 849/849/1636 848/848/1640
f 851/851/1284 848/848/1641 852/852/1642
f 850/850/1637 784/784/1639 785/785/1552
f 853/853/1643 850/850/1637 785/785/1644
f 854/854/1645 851/851/1284 852/852/1642
f 854/854/1645 852/852/1642 855/855/1646
f 856/856/1647 785/785/1644 786/786/1554
f 857/857/1287 854/854/1645 855/855/1648
f 858/858/1649 856/856/1647 786/786/1554
f 857/857/1287 855/855/1648 859/859/1650
f 858/858/1649 786/786/1554 788/788/1557
f 860/860/1651 858/858/1649 788/788/1557
f 861/861/1652 857/857/1287 859/859/1650
f 861/861/1652 859/859/1650 862/862/1653
f 863/863/1654 860/860/1651 788/788/1655
f 863/863/1656 788/788/1557 731/731/301
f 861/861/1652 862/862/1653 864/864/1657
f 865/865/314 863/863/1656 731/731/301
f 866/866/1658 867/867/644 790/790/1659
f 789/789/1660 866/866/1658 790/790/1661
f 755/755/1488 792/792/1662 756/756/1563
f 868/868/1663 794/794/1566 733/733/1447
f 868/868/1663 733/733/1447 736/736/1450
f 795/795/1568 868/868/1663 736/736/1450
f 869/869/1664 760/760/1496 761/761/1665
f 796/796/1569 869/869/1666 761/761/1665
f 870/870/1667 796/796/1569 743/743/1459
f 870/870/1667 743/743/1459 762/762/1499
f 871/871/1668 746/746/1669 763/763/1670
f 872/872/1671 873/873/1672 763/763/1673
f 872/872/1671 763/763/1500 764/764/1502
f 874/874/1674 873/873/1672 872/872/1671
f 872/872/1671 764/764/1675 797/797/1570
f 874/874/1676 872/872/1671 875/875/1677
f 800/800/1239 874/874/1678 875/875/1679
f 800/800/1239 876/876/1680 874/874/1676
f 875/875/1677 872/872/1671 797/797/1570
f 801/801/1681 800/800/1682 875/875/1679
f 877/877/1683 797/797/1570 798/798/1571
f 875/875/1677 797/797/1570 877/877/1684
f 801/801/1573 875/875/1677 877/877/1685
f 877/877/1683 798/798/1571 802/802/1686
f 804/804/1687 877/877/1685 802/802/1688
f 804/804/1577 801/801/1573 877/877/1684
f 878/878/1689 804/804/1690 802/802/1688
f 878/878/1691 802/802/1688 805/805/1578
f 807/807/1692 804/804/1577 878/878/1689
f 879/879/1693 878/878/1691 805/805/1578
f 879/879/1694 805/805/1578 769/769/1582
f 807/807/1692 878/878/1689 880/880/1695
f 809/809/1696 807/807/1692 880/880/1695
f 806/806/1580 807/807/1581 809/809/1584
f 880/880/1697 878/878/1689 879/879/1698
f 879/879/1693 769/769/1582 770/770/1699
f 880/880/1697 879/879/1698 881/881/1700
f 881/881/1701 879/879/1693 770/770/1514
f 880/880/1695 881/881/1700 882/882/1702
f 810/810/1585 880/880/1695 882/882/1703
f 809/809/1696 880/880/1695 810/810/1585
f 881/881/1701 770/770/1704 812/812/1705
f 882/882/1703 881/881/1700 812/812/1706
f 813/813/1592 810/810/1585 882/882/1703
f 883/883/1707 882/882/1702 812/812/1706
f 813/813/1592 882/882/1703 883/883/1708
f 883/883/1709 812/812/1705 814/814/1710
f 816/816/1596 813/813/1592 883/883/1708
f 883/883/1709 814/814/1710 817/817/1711
f 884/884/1712 883/883/1709 817/817/1711
f 816/816/1596 883/883/1707 884/884/1713
f 884/884/1712 817/817/1711 820/820/1599
f 885/885/1714 884/884/1715 820/820/1716
f 816/816/1596 884/884/1713 885/885/1717
f 819/819/1718 816/816/1596 885/885/1719
f 823/823/1720 819/819/1598 885/885/1717
f 824/824/1605 885/885/1714 820/820/1716
f 823/823/1720 885/885/1721 824/824/1722
f 886/886/1723 823/823/1720 824/824/1722
f 887/887/1724 824/824/1725 772/772/1726
f 886/886/1727 824/824/1605 887/887/1728
f 825/825/1729 823/823/1720 886/886/1727
f 825/825/1729 886/886/1730 888/888/1731
f 826/826/1608 887/887/1724 772/772/1726
f 888/888/1732 886/886/1723 887/887/1728
f 888/888/1733 887/887/1728 826/826/1734
f 825/825/1729 888/888/1731 828/828/1612
f 829/829/1613 828/828/1612 888/888/1731
f 889/889/1735 826/826/1608 774/774/1610
f 888/888/1736 826/826/1734 889/889/1737
f 829/829/1738 888/888/1739 889/889/1740
f 889/889/1741 774/774/1610 775/775/1530
f 890/890/1742 889/889/1741 775/775/1743
f 829/829/1738 889/889/1740 890/890/1744
f 830/830/1745 829/829/1738 890/890/1744
f 830/830/1745 890/890/1746 891/891/1747
f 890/890/1742 775/775/1743 833/833/1616
f 891/891/1747 890/890/1744 833/833/1748
f 832/832/1749 830/830/1745 891/891/1750
f 892/892/1751 891/891/1747 833/833/1748
f 832/832/1749 891/891/1747 892/892/1752
f 834/834/1617 832/832/1615 892/892/1752
f 892/892/1751 833/833/1753 835/835/1754
f 837/837/1622 834/834/1617 892/892/1752
f 837/837/1755 892/892/1751 835/835/1754
f 839/839/1625 835/835/1754 779/779/1756
f 837/837/1622 835/835/1754 839/839/1757
f 838/838/1758 837/837/1622 839/839/1757
f 838/838/1758 839/839/1757 893/893/1759
f 893/893/1760 839/839/1761 780/780/1540
f 841/841/1626 838/838/1758 893/893/1760
f 843/843/1762 893/893/1760 780/780/1540
f 841/841/1763 893/893/1760 843/843/1762
f 841/841/1763 843/843/1762 894/894/1764
f 894/894/1764 843/843/1762 782/782/1545
f 846/846/1633 894/894/1764 782/782/1545
f 845/845/1765 841/841/1763 894/894/1764
f 895/895/1766 894/894/1764 846/846/1633
f 845/845/1767 894/894/1764 895/895/1766
f 848/848/1641 845/845/1765 895/895/1766
f 850/850/1637 846/846/1768 783/783/1547
f 895/895/1766 846/846/1633 850/850/1637
f 852/852/1642 895/895/1766 850/850/1637
f 848/848/1641 895/895/1766 852/852/1642
f 852/852/1642 850/850/1637 853/853/1769
f 896/896/1770 852/852/1771 853/853/1769
f 855/855/1646 852/852/1642 896/896/1772
f 853/853/1643 785/785/1644 856/856/1773
f 896/896/1774 853/853/1643 856/856/1775
f 858/858/1649 896/896/1770 856/856/1773
f 855/855/1646 896/896/1770 858/858/1776
f 859/859/1650 855/855/1646 858/858/1649
f 859/859/1777 858/858/1776 860/860/1778
f 862/862/1779 859/859/1777 860/860/1778
f 897/897/328 860/860/1651 865/865/314
f 860/860/1780 863/863/1654 865/865/314
f 898/898/326 860/860/1780 897/897/328
f 898/898/326 862/862/1781 860/860/1651
f 864/864/305 862/862/1782 898/898/326
f 899/899/1783 867/867/644 866/866/1784
f 900/900/1785 792/792/1662 755/755/1786
f 793/793/1564 901/901/1787 755/755/1786
f 902/902/1788 793/793/1564 758/758/1491
f 794/794/1789 902/902/1788 758/758/1494
f 903/903/1790 794/794/1789 868/868/1791
f 904/904/1792 738/738/1452 760/760/1793
f 905/905/1794 869/869/1795 796/796/1569
f 906/906/1796 870/870/1667 762/762/1499
f 871/871/1797 762/762/1798 746/746/1464
f 906/906/1796 762/762/1798 871/871/1797
f 907/907/1799 906/906/1800 871/871/1801
f 907/907/1802 871/871/1668 763/763/1670
f 907/907/1803 763/763/1804 873/873/1805
f 908/908/1806 873/873/1672 874/874/1674
f 909/909/1331 908/908/1807 874/874/1674
f 909/909/1331 874/874/1676 876/876/1680
f 900/900/1808 789/789/1558 792/792/1561
f 900/900/1785 755/755/1786 901/901/1787
f 902/902/1788 901/901/1809 793/793/1810
f 910/910/1811 902/902/1788 794/794/1812
f 903/903/1790 910/910/1813 794/794/1812
f 911/911/1814 903/903/1790 868/868/1663
f 911/911/1815 868/868/1663 795/795/1816
f 912/912/1323 913/913/1817 914/914/1818
f 912/912/1323 914/914/1818 915/915/1819
f 916/916/1820 911/911/1815 795/795/1816
f 917/917/1325 912/912/1323 915/915/1819
f 904/904/1792 795/795/1568 738/738/1452
f 916/916/1820 795/795/1816 904/904/1821
f 918/918/1822 917/917/1325 915/915/1819
f 918/918/1822 915/915/1819 919/919/1823
f 920/920/1824 904/904/1792 760/760/1496
f 920/920/1824 760/760/1793 869/869/1664
f 921/921/1825 918/918/1822 919/919/1826
f 905/905/1794 920/920/1824 869/869/1664
f 921/921/1827 919/919/1823 922/922/1828
f 923/923/1328 921/921/1825 922/922/1828
f 870/870/1667 905/905/1794 796/796/1569
f 924/924/1829 905/905/1830 870/870/1831
f 923/923/1328 922/922/1828 925/925/1832
f 926/926/1833 924/924/1829 870/870/1831
f 927/927/1329 923/923/1328 925/925/1832
f 927/927/1834 925/925/1835 928/928/1836
f 926/926/1833 870/870/1831 906/906/1796
f 929/929/1837 926/926/1838 906/906/1839
f 927/927/1840 928/928/1836 930/930/1841
f 931/931/1842 927/927/1840 930/930/1841
f 907/907/1799 929/929/1843 906/906/1844
f 908/908/1845 929/929/1843 907/907/1799
f 908/908/1845 930/930/1846 929/929/1847
f 909/909/1848 930/930/1846 908/908/1845
f 909/909/1331 931/931/1849 930/930/1846
f 908/908/1807 907/907/1802 873/873/1672
f 932/932/656 899/899/1783 866/866/1784
f 933/933/1850 932/932/1851 866/866/1784
f 933/933/1852 866/866/1658 789/789/1558
f 934/934/1853 933/933/1852 789/789/1558
f 900/900/1854 934/934/1855 789/789/1558
f 935/935/1306 936/936/1856 937/937/1341
f 938/938/1857 901/901/1787 902/902/1858
f 939/939/1859 938/938/1860 902/902/1858
f 940/940/1321 941/941/1861 942/942/1862
f 910/910/1811 939/939/1859 902/902/1858
f 943/943/1863 939/939/1859 910/910/1811
f 942/942/1864 939/939/1859 943/943/1865
f 942/942/1864 943/943/1865 944/944/1866
f 940/940/1867 942/942/1862 945/945/1868
f 946/946/1869 910/910/1811 903/903/1870
f 943/943/1863 910/910/1811 946/946/1871
f 945/945/1868 942/942/1864 944/944/1866
f 913/913/1817 940/940/1867 945/945/1868
f 944/944/1866 943/943/1863 946/946/1872
f 913/913/1817 945/945/1868 914/914/1818
f 946/946/1871 903/903/1870 911/911/1815
f 947/947/1873 944/944/1866 946/946/1871
f 914/914/1874 945/945/1868 947/947/1873
f 945/945/1868 944/944/1866 947/947/1873
f 948/948/1875 946/946/1871 911/911/1876
f 948/948/1877 947/947/1878 946/946/1872
f 915/915/1819 914/914/1874 947/947/1873
f 916/916/1820 948/948/1877 911/911/1876
f 947/947/1873 948/948/1877 949/949/1879
f 949/949/1879 948/948/1875 916/916/1880
f 915/915/1881 947/947/1873 949/949/1879
f 950/950/1882 949/949/1879 916/916/1880
f 950/950/1882 916/916/1820 904/904/1821
f 951/951/1883 949/949/1879 950/950/1884
f 915/915/1881 949/949/1879 951/951/1883
f 919/919/1885 915/915/1819 951/951/1886
f 950/950/1882 904/904/1887 920/920/1824
f 950/950/1882 920/920/1824 905/905/1830
f 952/952/1888 951/951/1883 950/950/1884
f 952/952/1888 950/950/1882 905/905/1830
f 922/922/1889 919/919/1885 952/952/1888
f 919/919/1890 951/951/1883 952/952/1888
f 924/924/1829 952/952/1891 905/905/1892
f 928/928/1893 952/952/1888 924/924/1829
f 922/922/1889 952/952/1888 928/928/1893
f 925/925/1835 922/922/1894 928/928/1893
f 928/928/1893 924/924/1829 926/926/1838
f 929/929/1837 928/928/1893 926/926/1838
f 930/930/1841 928/928/1893 929/929/1895
f 953/953/1337 954/954/657 955/955/1896
f 956/956/1897 934/934/1853 900/900/1808
f 901/901/1787 956/956/1898 900/900/1785
f 938/938/1857 957/957/1899 901/901/1787
f 958/958/1900 957/957/1901 938/938/1857
f 958/958/1900 959/959/1902 957/957/1903
f 958/958/1904 938/938/1857 939/939/1859
f 941/941/1335 959/959/1902 958/958/1900
f 941/941/1861 937/937/1905 959/959/1902
f 942/942/1864 958/958/1904 939/939/1906
f 942/942/1864 941/941/1907 958/958/1904
f 960/960/1908 961/961/668 932/932/656
f 962/962/1909 955/955/1896 963/963/1910
f 960/960/1908 932/932/656 933/933/1850
f 953/953/1337 955/955/1896 962/962/1911
f 964/964/1912 960/960/1913 933/933/1914
f 964/964/1912 933/933/1914 934/934/1915
f 965/965/1916 953/953/1342 966/966/1917
f 967/967/1918 964/964/1912 934/934/1853
f 967/967/1918 934/934/1915 956/956/1897
f 936/936/1348 965/965/1919 966/966/1920
f 936/936/1348 966/966/1917 968/968/1921
f 967/967/1922 956/956/1923 901/901/1787
f 957/957/1924 967/967/1922 901/901/1787
f 969/969/1925 967/967/1922 957/957/1924
f 936/936/1348 968/968/1926 937/937/1927
f 959/959/1902 968/968/1926 969/969/1925
f 959/959/1928 969/969/1925 957/957/1901
f 937/937/1927 968/968/1926 959/959/1902
f 970/970/1929 961/961/668 960/960/1908
f 970/970/1930 963/963/1910 961/961/668
f 962/962/1931 963/963/1910 970/970/1930
f 970/970/1932 960/960/1913 964/964/1912
f 962/962/1931 970/970/1930 971/971/1933
f 971/971/1934 970/970/1932 964/964/1935
f 953/953/1342 962/962/1911 971/971/1934
f 966/966/1917 953/953/1936 971/971/1937
f 969/969/1938 964/964/1939 967/967/1922
f 971/971/1933 964/964/1935 969/969/1938
f 968/968/1940 971/971/1934 969/969/1941
f 966/966/1917 971/971/1934 968/968/1921
f 972/972/1942 973/973/1943 974/974/1944
f 975/975/1945 972/972/1946 974/974/1944
f 975/975/1945 974/974/1944 976/976/1947
f 977/977/1948 975/975/1945 976/976/1947
f 977/977/1948 976/976/1949 978/978/1950
f 977/977/1948 978/978/1950 979/979/1951
f 972/972/1942 980/980/1952 973/973/1953
f 981/981/1954 972/972/1955 975/975/1956
f 982/982/1957 975/975/1945 977/977/1958
f 983/983/1959 982/982/1957 977/977/1948
f 983/983/1960 977/977/1961 979/979/1951
f 984/984/1962 983/983/1960 979/979/1951
f 984/984/1962 979/979/1951 985/985/1963
f 986/986/1964 987/987/1965 988/988/1966
f 986/986/1967 988/988/1966 980/980/1952
f 989/989/1968 980/980/1952 972/972/1942
f 981/981/1954 989/989/1968 972/972/1955
f 984/984/1962 985/985/1963 990/990/1969
f 989/989/1968 986/986/1964 980/980/1952
f 991/991/1970 981/981/1954 975/975/1945
f 982/982/1957 991/991/1971 975/975/1956
f 992/992/1972 982/982/1957 983/983/1959
f 984/984/1973 992/992/1972 983/983/1959
f 993/993/1974 994/994/1975 987/987/1976
f 986/986/1967 993/993/1977 987/987/1978
f 995/995/1979 984/984/1962 990/990/1980
f 996/996/1981 989/989/1982 981/981/1954
f 991/991/1971 996/996/1981 981/981/1954
f 997/997/1983 991/991/1971 982/982/1957
f 998/998/1984 992/992/1985 984/984/1973
f 995/995/1986 998/998/1984 984/984/1973
f 999/999/1987 995/995/1979 990/990/1980
f 1000/1000/1988 993/993/1974 986/986/1964
f 1000/1000/1988 986/986/1964 989/989/1982
f 1001/1001/1989 989/989/1968 996/996/1981
f 992/992/1985 997/997/1990 982/982/1957
f 993/993/1974 1002/1002/1991 994/994/1975
f 1001/1001/1989 1000/1000/1988 989/989/1982
f 1003/1003/1992 991/991/1993 997/997/1990
f 1004/1004/1994 997/997/1990 992/992/1972
f 1005/1005/1995 992/992/1972 998/998/1984
f 999/999/1996 1006/1006/1997 995/995/1979
f 1003/1003/1992 996/996/1981 991/991/1971
f 1004/1004/1994 1003/1003/1992 997/997/1990
f 995/995/1986 1005/1005/1995 998/998/1984
f 1007/1007/1998 1008/1008/1999 1002/1002/1991
f 1007/1007/1998 1002/1002/1991 993/993/1977
f 1009/1009/2000 993/993/1974 1000/1000/1988
f 1010/1010/2001 1009/1009/2002 1000/1000/1988
f 1010/1010/2001 1000/1000/1988 1001/1001/1989
f 1011/1011/2003 1001/1001/1989 996/996/2004
f 1012/1012/2005 1004/1004/1994 992/992/1972
f 1005/1005/2006 1012/1012/2005 992/992/1972
f 1013/1013/2007 1005/1005/2006 995/995/2008
f 1006/1006/2009 1013/1013/2007 995/995/1986
f 1014/1014/2010 1006/1006/1997 999/999/1987
f 1009/1009/2000 1007/1007/2011 993/993/1974
f 1015/1015/2012 996/996/1981 1003/1003/1992
f 1016/1016/2013 1003/1003/1992 1004/1004/1994
f 1014/1014/2014 1017/1017/2015 1006/1006/2016
f 1018/1018/2017 1010/1010/2018 1001/1001/2019
f 1011/1011/2003 1018/1018/2020 1001/1001/2019
f 1015/1015/2012 1011/1011/2003 996/996/1981
f 1019/1019/2021 1016/1016/2022 1004/1004/2023
f 1019/1019/2024 1004/1004/2023 1012/1012/2025
f 1017/1017/2015 1013/1013/2007 1006/1006/2016
f 1020/1020/2026 1011/1011/2003 1015/1015/2027
f 1016/1016/2022 1015/1015/2012 1003/1003/1992
f 1021/1021/2028 1008/1008/2029 1007/1007/1998
f 1022/1022/2030 1009/1009/2002 1010/1010/2001
f 1020/1020/2026 1018/1018/2031 1011/1011/2003
f 1023/1023/2032 1012/1012/2025 1005/1005/2006
f 1013/1013/2007 1023/1023/2032 1005/1005/2006
f 1024/1024/2033 1017/1017/2015 1014/1014/2014
f 1009/1009/2034 1021/1021/2035 1007/1007/2011
f 1025/1025/2036 1009/1009/2000 1022/1022/2030
f 1022/1022/2030 1010/1010/2037 1018/1018/2017
f 1023/1023/2032 1019/1019/2021 1012/1012/2038
f 1026/1026/2039 1015/1015/2012 1016/1016/2022
f 1019/1019/2021 1026/1026/2039 1016/1016/2022
f 1027/1027/2040 1013/1013/2007 1017/1017/2015
f 1028/1028/2041 1021/1021/2042 1009/1009/2043
f 1028/1028/2041 1009/1009/2000 1025/1025/2044
f 1029/1029/2045 1020/1020/2026 1015/1015/2012
f 1030/1030/2046 1023/1023/2032 1013/1013/2047
f 1031/1031/2048 1027/1027/2049 1017/1017/2015
f 1031/1031/2050 1017/1017/2015 1024/1024/2033
f 1032/1032/2051 1033/1033/2052 1021/1021/2028
f 1032/1032/2053 1021/1021/2042 1028/1028/2041
f 1025/1025/2054 1022/1022/2030 1018/1018/2020
f 1029/1029/2045 1018/1018/2020 1020/1020/2026
f 1030/1030/2046 1013/1013/2007 1027/1027/2040
f 1034/1034/2055 1035/1035/2056 1019/1019/2021
f 1034/1034/2055 1019/1019/2021 1023/1023/2032
f 1036/1036/2057 1031/1031/2058 1024/1024/2059
f 1029/1029/2045 1037/1037/2060 1018/1018/2031
f 1030/1030/2046 1038/1038/2061 1023/1023/2032
f 1039/1039/2062 1030/1030/2046 1027/1027/2040
f 1031/1031/2048 1039/1039/2063 1027/1027/2040
f 1025/1025/2036 1018/1018/2020 1037/1037/2060
f 1038/1038/2061 1034/1034/2055 1023/1023/2032
f 1040/1040/2064 1032/1032/2053 1028/1028/2041
f 1041/1041/2065 1028/1028/2041 1025/1025/2036
f 1042/1042/2066 1037/1037/2060 1029/1029/2067
f 1043/1043/2068 1038/1038/2061 1030/1030/2046
f 1044/1044/2069 1031/1031/2048 1036/1036/2057
f 1045/1045/2070 1025/1025/2071 1037/1037/2060
f 1046/1046/2072 1038/1038/2061 1043/1043/2068
f 1039/1039/2063 1043/1043/2068 1030/1030/2046
f 1047/1047/2073 1039/1039/2063 1031/1031/2048
f 1044/1044/2069 1047/1047/2073 1031/1031/2074
f 1040/1040/2075 1048/1048/2076 1032/1032/2051
f 1041/1041/2077 1040/1040/2064 1028/1028/2041
f 1049/1049/2078 1037/1037/2060 1042/1042/2066
f 1050/1050/2079 1048/1048/2076 1040/1040/2075
f 1050/1050/2079 1040/1040/2064 1041/1041/2080
f 1045/1045/2070 1041/1041/2080 1025/1025/2036
f 1049/1049/2081 1045/1045/2070 1037/1037/2060
f 1051/1051/2082 1052/1052/2083 1034/1034/2055
f 1051/1051/2082 1034/1034/2055 1038/1038/2061
f 1046/1046/2072 1051/1051/2082 1038/1038/2061
f 1053/1053/2084 1043/1043/2068 1039/1039/2063
f 1054/1054/2085 1053/1053/2086 1047/1047/2073
f 1053/1053/2086 1039/1039/2063 1047/1047/2087
f 1055/1055/2088 1050/1050/2079 1041/1041/2080
f 1056/1056/2089 1045/1045/2070 1049/1049/2090
f 1057/1057/2091 1047/1047/2073 1044/1044/2069
f 1058/1058/2092 1055/1055/2088 1041/1041/2065
f 1058/1058/2092 1041/1041/2065 1045/1045/2070
f 1056/1056/2089 1058/1058/2092 1045/1045/2070
f 1043/1043/2068 1051/1051/2082 1046/1046/2072
f 1054/1054/2093 1047/1047/2073 1057/1057/2091
f 1050/1050/2079 1059/1059/2094 1048/1048/2095
f 1060/1060/2096 1050/1050/2079 1055/1055/2088
f 1061/1061/2097 1043/1043/2068 1053/1053/2084
f 1060/1060/2098 1059/1059/2094 1050/1050/2079
f 1062/1062/2099 1056/1056/2089 1049/1049/2081
f 1063/1063/2100 1064/1064/2101 1051/1051/2082
f 1061/1061/2097 1051/1051/2082 1043/1043/2102
f 1065/1065/2103 1053/1053/2086 1054/1054/2085
f 1058/1058/2092 1060/1060/2096 1055/1055/2104
f 1066/1066/2105 1058/1058/2106 1056/1056/2089
f 1063/1063/2100 1051/1051/2082 1061/1061/2097
f 1067/1067/2107 1061/1061/2097 1053/1053/2084
f 1067/1067/2107 1053/1053/2084 1065/1065/2108
f 1068/1068/2109 1060/1060/2096 1058/1058/2106
f 1069/1069/2110 1056/1056/2089 1062/1062/2099
f 1070/1070/2111 1065/1065/2103 1054/1054/2085
f 1070/1070/2111 1054/1054/2093 1057/1057/2091
f 1071/1071/2112 1059/1059/2094 1060/1060/2098
f 1066/1066/2105 1068/1068/2113 1058/1058/2106
f 1072/1072/2114 1069/1069/2110 1062/1062/2115
f 1072/1072/2114 1062/1062/2099 1073/1073/2116
f 1074/1074/2117 1064/1064/2101 1063/1063/2100
f 1075/1075/2118 1063/1063/2100 1061/1061/2097
f 1069/1069/2110 1066/1066/2105 1056/1056/2089
f 1074/1074/2117 1073/1073/2116 1064/1064/2101
f 1075/1075/2118 1074/1074/2117 1063/1063/2100
f 1076/1076/2119 1060/1060/2096 1068/1068/2109
f 1077/1077/2120 1075/1075/2118 1061/1061/2097
f 1077/1077/2120 1061/1061/2097 1067/1067/2107
f 1076/1076/2119 1071/1071/2112 1060/1060/2098
f 1078/1078/2121 1073/1073/2116 1074/1074/2117
f 1079/1079/2122 1067/1067/2123 1065/1065/2103
f 1079/1079/2124 1065/1065/2103 1070/1070/2111
f 1080/1080/2125 1068/1068/2109 1066/1066/2105
f 1081/1081/2126 1074/1074/2117 1075/1075/2118
f 1077/1077/2120 1081/1081/2126 1075/1075/2118
f 1080/1080/2125 1076/1076/2119 1068/1068/2109
f 1082/1082/2127 1080/1080/2125 1066/1066/2105
f 1082/1082/2128 1066/1066/2129 1069/1069/2110
f 1072/1072/2130 1083/1083/2131 1069/1069/2132
f 1078/1078/2121 1072/1072/2130 1073/1073/2116
f 1077/1077/2120 1067/1067/2107 1079/1079/2122
f 1084/1084/2133 1071/1071/2112 1076/1076/2119
f 1083/1083/2131 1082/1082/2128 1069/1069/2110
f 1085/1085/2134 1083/1083/2131 1072/1072/2130
f 1078/1078/2135 1085/1085/2136 1072/1072/2114
f 1086/1086/2137 1077/1077/2120 1079/1079/2138
f 1087/1087/2139 1086/1086/2140 1079/1079/2122
f 1088/1088/2141 1087/1087/2142 1070/1070/2111
f 1087/1087/2139 1079/1079/2124 1070/1070/2111
f 1089/1089/2143 1078/1078/2121 1074/1074/2117
f 1089/1089/2144 1074/1074/2117 1081/1081/2126
f 1090/1090/2145 1081/1081/2126 1077/1077/2120
f 1090/1090/2146 1077/1077/2120 1086/1086/2137
f 1091/1091/2147 1076/1076/2119 1080/1080/2125
f 1092/1092/2148 1082/1082/2127 1083/1083/2131
f 1093/1093/2149 1080/1080/2150 1082/1082/2127
f 1092/1092/2148 1093/1093/2149 1082/1082/2127
f 1094/1094/2151 1092/1092/2148 1083/1083/2131
f 1085/1085/2134 1094/1094/2151 1083/1083/2131
f 1095/1095/2152 1086/1086/2140 1087/1087/2139
f 1091/1091/2153 1084/1084/2133 1076/1076/2119
f 1093/1093/2149 1091/1091/2147 1080/1080/2150
f 1096/1096/2154 1094/1094/2151 1085/1085/2134
f 1096/1096/2154 1085/1085/2134 1078/1078/2121
f 1097/1097/2155 1078/1078/2121 1089/1089/2143
f 1089/1089/2144 1081/1081/2126 1090/1090/2146
f 1095/1095/2156 1090/1090/2157 1086/1086/2140
f 1091/1091/2153 1098/1098/2158 1084/1084/2133
f 1097/1097/2155 1096/1096/2154 1078/1078/2121
f 1099/1099/2159 1098/1098/2160 1091/1091/2153
f 1093/1093/2161 1099/1099/2162 1091/1091/2147
f 1100/1100/2163 1097/1097/2155 1089/1089/2143
f 1101/1101/2164 1100/1100/2165 1089/1089/2144
f 1101/1101/2164 1089/1089/2144 1090/1090/2145
f 1102/1102/2166 1090/1090/2146 1095/1095/2152
f 1103/1103/2167 1099/1099/2159 1093/1093/2161
f 1103/1103/2167 1093/1093/2161 1092/1092/2148
f 1102/1102/2168 1101/1101/2169 1090/1090/2146
f 1104/1104/2170 1092/1092/2148 1094/1094/2151
f 1104/1104/2170 1094/1094/2151 1096/1096/2154
f 1105/1105/2171 1104/1104/2170 1096/1096/2154
f 1105/1105/2172 1096/1096/2154 1097/1097/2173
f 1106/1106/2174 1105/1105/2171 1097/1097/2173
f 1106/1106/2174 1097/1097/2155 1100/1100/2163
f 1107/1107/2175 1102/1102/2168 1095/1095/2152
f 1108/1108/2176 1103/1103/2177 1092/1092/2148
f 1108/1108/2176 1092/1092/2148 1104/1104/2170
f 1109/1109/2178 1100/1100/2179 1101/1101/2169
f 1109/1109/2178 1101/1101/2164 1102/1102/2168
f 1110/1110/2180 1108/1108/2181 1104/1104/2170
f 1107/1107/2182 1109/1109/2178 1102/1102/2168
f 1111/1111/2183 1104/1104/2170 1105/1105/2184
f 1112/1112/2185 1105/1105/2186 1106/1106/2187
f 1112/1112/2185 1106/1106/2187 1100/1100/2179
f 1113/1113/2188 1103/1103/2177 1108/1108/2181
f 1110/1110/2180 1113/1113/2189 1108/1108/2181
f 1111/1111/2190 1110/1110/2180 1104/1104/2170
f 1114/1114/2191 1111/1111/2192 1105/1105/2171
f 1114/1114/2191 1105/1105/2184 1112/1112/2185
f 1112/1112/2185 1100/1100/2163 1109/1109/2178
f 973/973/2193 1115/1115/2194 1116/1116/2195
f 974/974/2196 973/973/2193 1116/1116/2197
f 974/974/2196 1116/1116/2197 976/976/2198
f 980/980/1952 1117/1117/2199 973/973/2193
f 979/979/1951 978/978/1950 1118/1118/2200
f 1119/1119/2201 979/979/1951 1118/1118/2202
f 980/980/2203 988/988/1966 1117/1117/2199
f 985/985/2204 979/979/2205 1119/1119/2206
f 985/985/2204 1119/1119/2206 1120/1120/2207
f 987/987/2208 1121/1121/2209 988/988/2210
f 990/990/2211 985/985/2204 1120/1120/2207
f 1122/1122/2212 990/990/2211 1120/1120/10
f 994/994/2213 1123/1123/2214 1121/1121/25
f 987/987/1976 994/994/2213 1121/1121/25
f 994/994/2213 1124/1124/2215 1123/1123/2214
f 999/999/1987 990/990/2216 1122/1122/2217
f 1002/1002/1991 1125/1125/2218 1124/1124/2215
f 1002/1002/1991 1124/1124/2215 994/994/2219
f 1126/1126/2220 999/999/1987 1122/1122/2217
f 1014/1014/2221 999/999/1987 1126/1126/2222
f 1127/1127/2223 1014/1014/2221 1126/1126/2222
f 1008/1008/1999 1125/1125/2224 1002/1002/2225
f 1024/1024/2033 1014/1014/2010 1127/1127/2226
f 1021/1021/2028 1033/1033/2052 1008/1008/1999
f 1026/1026/2227 1128/1128/2228 1015/1015/2012
f 1026/1026/2039 1019/1019/2229 1035/1035/2056
f 1129/1129/2230 1036/1036/2231 1024/1024/2033
f 1128/1128/2228 1029/1029/2045 1015/1015/2012
f 1035/1035/2232 1128/1128/2233 1026/1026/2039
f 1042/1042/2234 1029/1029/2045 1128/1128/2228
f 1032/1032/2051 1130/1130/2235 1033/1033/2052
f 1048/1048/2095 1130/1130/2235 1032/1032/2051
f 1131/1131/2236 1042/1042/2237 1128/1128/2233
f 1131/1131/2236 1128/1128/2228 1035/1035/2056
f 1048/1048/2095 1132/1132/2238 1130/1130/2235
f 1052/1052/2083 1131/1131/2236 1035/1035/2232
f 1052/1052/2083 1035/1035/2056 1034/1034/2055
f 1133/1133/2239 1044/1044/2069 1036/1036/2057
f 1131/1131/2240 1049/1049/2081 1042/1042/2066
f 1133/1133/2239 1057/1057/2241 1044/1044/2069
f 1131/1131/2240 1062/1062/2242 1049/1049/2081
f 1064/1064/2101 1131/1131/2240 1052/1052/2243
f 1051/1051/2082 1064/1064/2101 1052/1052/2243
f 1059/1059/2094 1132/1132/2244 1048/1048/2095
f 1064/1064/2245 1062/1062/2242 1131/1131/2236
f 1134/1134/2246 1057/1057/2241 1133/1133/2239
f 1073/1073/2116 1062/1062/2242 1064/1064/2101
f 1134/1134/2246 1070/1070/2247 1057/1057/2241
f 1135/1135/2248 1070/1070/2247 1134/1134/2246
f 1088/1088/2141 1070/1070/2247 1135/1135/2248
f 1084/1084/2249 1136/1136/2250 1071/1071/2112
f 1137/1137/2251 1136/1136/2250 1084/1084/2252
f 1138/1138/2253 1087/1087/2139 1088/1088/2141
f 1098/1098/2158 1137/1137/2254 1084/1084/2133
f 1138/1138/2253 1095/1095/2152 1087/1087/2139
f 1139/1139/2255 1095/1095/2152 1138/1138/2253
f 1139/1139/2255 1107/1107/2256 1095/1095/2152
f 1140/1140/2257 1098/1098/2158 1099/1099/2258
f 1140/1140/2257 1099/1099/2259 1103/1103/2260
f 1139/1139/2255 1141/1141/2261 1107/1107/2256
f 1142/1142/2262 1140/1140/2257 1103/1103/2177
f 1142/1142/2262 1103/1103/2260 1113/1113/2188
f 1143/1143/2263 1109/1109/2178 1107/1107/2182
f 1141/1141/2261 1143/1143/2264 1107/1107/2256
f 1144/1144/2265 1142/1142/2262 1113/1113/2188
f 1143/1143/2266 1112/1112/2185 1109/1109/2178
f 1145/1145/2267 1144/1144/2268 1113/1113/2189
f 1145/1145/2267 1113/1113/2189 1110/1110/2180
f 1145/1145/2267 1110/1110/2180 1111/1111/2183
f 1143/1143/2266 1146/1146/2269 1112/1112/2185
f 1147/1147/2270 1145/1145/2267 1111/1111/2190
f 1147/1147/2270 1111/1111/2183 1114/1114/2271
f 1148/1148/2272 1147/1147/2270 1114/1114/2271
f 1146/1146/2269 1148/1148/2272 1114/1114/2273
f 1146/1146/2269 1114/1114/2271 1112/1112/2185
f 1149/1149/2274 976/976/2198 1116/1116/2197
f 1150/1150/16 976/976/2198 1149/1149/2274
f 978/978/1950 976/976/1949 1150/1150/16
f 1115/1115/7 973/973/2193 1151/1151/2275
f 1118/1118/2202 1150/1150/16 1152/1152/20
f 1118/1118/2202 978/978/1950 1150/1150/16
f 973/973/2193 1117/1117/2276 1151/1151/8
f 1151/1151/2275 988/988/2210 1153/1153/22
f 1151/1151/8 1117/1117/2277 988/988/2210
f 988/988/2210 1121/1121/2209 1153/1153/2278
f 1154/1154/2279 1125/1125/2280 1008/1008/2281
f 1154/1154/2279 1008/1008/1999 1033/1033/2282
f 1024/1024/2033 1127/1127/2226 1155/1155/2283
f 1156/1156/2284 1133/1133/2239 1036/1036/2231
f 1157/1157/2285 1132/1132/2238 1059/1059/2094
f 1157/1157/2285 1059/1059/2094 1071/1071/2286
f 1158/1158/2287 1157/1157/2285 1071/1071/2112
f 1158/1158/2288 1071/1071/2112 1136/1136/2289
f 1137/1137/2290 1159/1159/2291 1136/1136/2250
f 1160/1160/2292 1159/1159/2291 1137/1137/2290
f 1161/1161/2293 1138/1138/2294 1088/1088/2295
f 1162/1162/2296 1160/1160/2292 1137/1137/2251
f 1162/1162/2296 1137/1137/2251 1098/1098/2297
f 1163/1163/2298 1138/1138/2299 1161/1161/2300
f 1164/1164/2301 1162/1162/2302 1098/1098/2297
f 1139/1139/2303 1138/1138/2294 1163/1163/2298
f 1163/1163/2304 1165/1165/2305 1139/1139/2255
f 1164/1164/2301 1098/1098/2297 1140/1140/2306
f 1166/1166/2307 1164/1164/2301 1140/1140/2306
f 1167/1167/2308 1141/1141/2261 1139/1139/2309
f 1167/1167/2310 1139/1139/2255 1165/1165/2305
f 1142/1142/2262 1166/1166/2311 1140/1140/2306
f 1141/1141/2312 1168/1168/2313 1143/1143/2314
f 1169/1169/2315 1146/1146/2316 1143/1143/2314
f 1168/1168/2313 1169/1169/2315 1143/1143/2314
f 1170/1170/2317 1147/1147/2318 1148/1148/2319
f 1171/1171/2320 1148/1148/2319 1146/1146/2316
f 1119/1119/2206 1118/1118/2202 1152/1152/2321
f 1122/1122/2212 1120/1120/10 1172/1172/27
f 1129/1129/2322 1024/1024/2033 1155/1155/2283
f 1156/1156/2284 1036/1036/2231 1129/1129/2230
f 1173/1173/2323 1164/1164/2301 1166/1166/2307
f 1174/1174/2324 1149/1149/2274 1116/1116/2197
f 1175/1175/14 1116/1116/1 1115/1115/7
f 1152/1152/2321 1150/1150/16 1176/1176/17
f 1177/1124/2325 1178/1125/2326 1179/1177/2327
f 1180/1178/2328 1181/1154/2279 1182/1033/2282
f 1183/1159/2291 1184/1158/2288 1185/1136/2250
f 1186/1123/2329 1187/1179/2330 1188/1121/25
f 1189/1130/2331 1180/1178/2328 1182/1033/2282
f 1190/1132/2332 1191/1180/2333 1189/1130/2331
f 1192/1181/26 1188/1121/25 1187/1179/2334
f 1193/1182/2335 1186/1123/2336 1177/1124/2325
f 1179/1177/2327 1193/1182/2335 1177/1124/2325
f 1194/1183/2337 1179/1177/2327 1178/1125/2338
f 1194/1183/2339 1178/1125/2280 1181/1154/2340
f 1195/1184/2341 1194/1183/2339 1181/1154/2342
f 1195/1184/2341 1181/1154/2279 1180/1178/2343
f 1191/1180/2344 1180/1178/2343 1189/1130/2331
f 1196/1185/2345 1191/1180/2344 1190/1132/2332
f 1197/1186/2346 1196/1185/2347 1198/1157/2285
f 1196/1185/2347 1190/1132/2332 1198/1157/2285
f 1199/1187/2348 1197/1186/2346 1198/1157/2285
f 1199/1187/2348 1198/1157/2285 1184/1158/2349
f 1199/1187/2348 1184/1158/2349 1183/1159/2291
f 1200/1188/2350 1183/1159/2291 1201/1160/2351
f 1200/1188/2350 1201/1160/2352 1202/1162/2302
f 1203/1189/2353 1200/1188/2350 1202/1162/2302
f 1204/1190/2354 1192/1181/46 1187/1179/2355
f 1187/1179/2330 1186/1123/2329 1193/1182/2356
f 1179/1177/2357 1205/1191/2358 1193/1182/2359
f 1206/1192/2360 1179/1177/2357 1194/1183/2337
f 1195/1184/2361 1206/1192/2360 1194/1183/2362
f 1207/1193/2363 1195/1184/2341 1180/1178/2364
f 1208/1194/2365 1180/1178/2343 1191/1180/2333
f 1209/1195/2366 1197/1186/2367 1199/1187/2348
f 1210/1196/2368 1199/1187/2369 1183/1159/2370
f 1211/1197/2371 1204/1190/2354 1187/1179/2372
f 1187/1179/2372 1193/1182/2335 1205/1191/2373
f 1205/1191/2374 1211/1197/2375 1187/1179/2372
f 1205/1191/2376 1179/1177/2357 1206/1192/2377
f 1207/1193/2363 1180/1178/2343 1208/1194/2378
f 1212/1198/2379 1208/1194/2380 1191/1180/2381
f 1213/1199/2382 1191/1180/2381 1196/1185/2383
f 1197/1186/2367 1213/1199/2384 1196/1185/2385
f 1210/1196/2368 1209/1195/2366 1199/1187/2369
f 1214/1200/2386 1210/1196/2368 1183/1159/2370
f 1214/1200/2386 1183/1159/2370 1200/1188/2350
f 1215/1201/2387 1200/1188/2388 1203/1189/2389
f 1216/1202/2390 1215/1201/2387 1203/1189/2389
f 1217/1203/2391 1206/1192/2392 1195/1184/2361
f 1217/1203/2391 1195/1184/2361 1207/1193/2393
f 1218/1204/2394 1207/1193/2363 1208/1194/2395
f 1212/1198/2396 1218/1204/2397 1208/1194/2380
f 1219/1205/2398 1213/1199/2384 1197/1186/2399
f 1214/1200/2386 1200/1188/2388 1215/1201/2400
f 1220/1206/2401 1204/1190/2354 1211/1197/2402
f 1221/1207/2403 1211/1197/2404 1205/1191/2373
f 1221/1207/2403 1220/1206/2405 1211/1197/2404
f 1213/1199/2382 1212/1198/2406 1191/1180/2381
f 1209/1195/2366 1219/1205/2398 1197/1186/2367
f 1222/1208/2407 1209/1195/2408 1210/1196/2409
f 1223/1209/2410 1215/1201/2387 1216/1202/2390
f 1206/1192/2360 1224/1210/2411 1205/1191/2412
f 1225/1211/2413 1206/1192/2392 1217/1203/2391
f 1217/1203/2391 1207/1193/2393 1218/1204/2394
f 1222/1208/2407 1219/1205/2398 1209/1195/2408
f 1222/1208/2407 1210/1196/2409 1214/1200/2386
f 1226/1212/2414 1204/1190/2415 1220/1206/2416
f 1225/1211/2417 1224/1210/2411 1206/1192/2360
f 1215/1201/2400 1227/1213/2418 1214/1200/2386
f 1224/1210/2411 1221/1207/2403 1205/1191/2412
f 1228/1214/2419 1218/1204/2397 1212/1198/2396
f 1229/1215/2420 1213/1199/2421 1219/1205/2398
f 1227/1213/2422 1222/1208/2407 1214/1200/2386
f 1230/1216/2423 1228/1214/2419 1212/1198/2406
f 1230/1216/2423 1212/1198/2406 1213/1199/2424
f 1229/1215/2425 1230/1216/2423 1213/1199/2421
f 1222/1208/2426 1229/1215/2427 1219/1205/2398
f 1231/1217/2428 1222/1208/2429 1227/1213/2430
f 1232/1218/2431 1215/1201/2400 1223/1209/2432
f 1233/1219/98 1226/1212/2414 1220/1206/2433
f 1234/1220/2434 1224/1210/2411 1225/1211/2417
f 1234/1220/2435 1225/1211/2413 1217/1203/2391
f 1235/1221/2436 1217/1203/2391 1218/1204/2394
f 1228/1214/2419 1235/1221/2437 1218/1204/2394
f 1236/1222/2438 1231/1217/2428 1227/1213/2430
f 1232/1218/2431 1227/1213/2418 1215/1201/2400
f 1237/1223/2439 1232/1218/2431 1223/1209/2432
f 1238/1224/2440 1221/1207/2403 1224/1210/2411
f 1231/1217/2428 1229/1215/2427 1222/1208/2407
f 1232/1218/2441 1236/1222/2442 1227/1213/2443
f 1239/1225/2444 1233/1219/122 1220/1206/2433
f 1239/1225/2445 1220/1206/2401 1221/1207/2403
f 1235/1221/2436 1234/1220/2435 1217/1203/2391
f 1240/1226/2446 1241/1227/2447 1229/1215/2448
f 1241/1227/2447 1230/1216/2423 1229/1215/2420
f 1240/1226/2449 1229/1215/2450 1231/1217/2428
f 1242/1228/2451 1236/1222/2442 1232/1218/2431
f 1243/1229/120 1233/1219/98 1239/1225/2444
f 1239/1225/2445 1221/1207/2403 1238/1224/2452
f 1244/1230/2453 1238/1224/2440 1224/1210/2411
f 1234/1220/2434 1244/1230/2454 1224/1210/2411
f 1245/1231/2455 1235/1221/2456 1228/1214/2419
f 1246/1232/2457 1228/1214/2419 1230/1216/2423
f 1237/1223/2439 1242/1228/2451 1232/1218/2431
f 1247/1233/2458 1235/1221/2456 1245/1231/2459
f 1246/1232/2457 1245/1231/2460 1228/1214/2419
f 1246/1232/2461 1230/1216/2423 1241/1227/2447
f 1248/1234/2462 1240/1226/2449 1231/1217/2428
f 1248/1234/2463 1231/1217/2428 1236/1222/2438
f 1249/1235/2464 1250/1236/2465 1238/1224/2440
f 1249/1235/2466 1238/1224/2440 1244/1230/2453
f 1249/1235/2464 1244/1230/2453 1234/1220/2434
f 1247/1233/2458 1234/1220/2434 1235/1221/2436
f 1242/1228/2451 1237/1223/2467 1251/1237/2468
f 1252/1238/2469 1243/1229/2470 1239/1225/2444
f 1250/1236/2465 1239/1225/2445 1238/1224/2440
f 1253/1239/2471 1246/1232/2457 1241/1227/2472
f 1253/1239/2471 1241/1227/2447 1240/1226/2449
f 1254/1240/2473 1242/1228/2451 1251/1237/2474
f 1255/1241/2475 1252/1238/2469 1239/1225/2445
f 1250/1236/2465 1255/1241/2475 1239/1225/2445
f 1256/1242/2476 1249/1235/2464 1234/1220/2434
f 1247/1233/2458 1256/1242/2476 1234/1220/2434
f 1257/1243/2477 1245/1231/2455 1246/1232/2457
f 1253/1239/2471 1257/1243/2477 1246/1232/2457
f 1258/1244/2478 1253/1239/2471 1240/1226/2446
f 1248/1234/2462 1258/1244/2479 1240/1226/2449
f 1259/1245/2480 1260/1246/2481 1242/1228/2451
f 1260/1246/2481 1236/1222/2442 1242/1228/2451
f 1257/1243/2477 1261/1247/2482 1245/1231/2455
f 1262/1248/2483 1248/1234/2463 1236/1222/2438
f 1260/1246/2481 1262/1248/2483 1236/1222/2438
f 1254/1240/2484 1259/1245/2480 1242/1228/2451
f 1263/1249/2485 1264/1250/132 1243/1229/120
f 1252/1238/2469 1263/1249/2485 1243/1229/120
f 1265/1251/2486 1255/1241/2487 1250/1236/2465
f 1265/1251/2486 1250/1236/2465 1249/1235/2464
f 1256/1242/2476 1266/1252/2488 1249/1235/2464
f 1267/1253/2489 1247/1233/2458 1245/1231/2455
f 1266/1252/2490 1265/1251/2491 1249/1235/2464
f 1256/1242/2492 1247/1233/2458 1267/1253/2489
f 1261/1247/2482 1267/1253/2493 1245/1231/2455
f 1262/1248/2494 1268/1254/2495 1248/1234/2463
f 1269/1255/2496 1259/1245/2480 1254/1240/2484
f 1255/1241/2475 1263/1249/2485 1252/1238/2469
f 1270/1256/2497 1261/1247/2482 1257/1243/2477
f 1271/1257/2498 1270/1256/2497 1257/1243/2477
f 1271/1257/2498 1257/1243/2477 1253/1239/2471
f 1268/1254/2495 1258/1244/2479 1248/1234/2462
f 1272/1258/2499 1260/1246/2481 1259/1245/2480
f 1269/1255/2496 1272/1258/2499 1259/1245/2480
f 1273/1259/2500 1271/1257/2498 1253/1239/2471
f 1258/1244/2478 1273/1259/2501 1253/1239/2471
f 1260/1246/2481 1268/1254/2495 1262/1248/2502
f 1274/1260/2503 1255/1241/2475 1265/1251/2486
f 1268/1254/2495 1273/1259/2501 1258/1244/2478
f 1275/1261/2504 1264/1250/132 1263/1249/2485
f 1275/1261/2504 1263/1249/2485 1276/1262/2505
f 1276/1262/2506 1263/1249/2485 1255/1241/2487
f 1276/1262/2507 1255/1241/2475 1274/1260/2503
f 1277/1263/2508 1266/1252/2488 1256/1242/2492
f 1278/1264/2509 1256/1242/2492 1267/1253/2489
f 1279/1265/2510 1267/1253/2493 1261/1247/2482
f 1279/1265/2511 1261/1247/2482 1270/1256/2497
f 1275/1261/2504 1280/1266/2512 1264/1250/132
f 1274/1260/2513 1265/1251/2486 1266/1252/2490
f 1281/1267/2514 1266/1252/2490 1277/1263/2508
f 1278/1264/2509 1277/1263/2515 1256/1242/2476
f 1278/1264/2509 1267/1253/2516 1279/1265/2511
f 1271/1257/2498 1282/1268/2517 1270/1256/2497
f 1283/1269/2518 1268/1254/2495 1260/1246/2481
f 1272/1258/2519 1283/1269/2520 1260/1246/2521
f 1269/1255/2496 1284/1270/2522 1272/1258/2499
f 1281/1267/2523 1274/1260/2513 1266/1252/2490
f 1273/1259/2501 1282/1268/2517 1271/1257/2498
f 1285/1271/2524 1268/1254/2495 1283/1269/2518
f 1284/1270/2522 1283/1269/2520 1272/1258/2499
f 1286/1272/2525 1279/1265/2510 1270/1256/2497
f 1282/1268/2517 1286/1272/2526 1270/1256/2497
f 1287/1273/2527 1273/1259/2501 1268/1254/2495
f 1285/1271/2528 1287/1273/2527 1268/1254/2495
f 1288/1274/2529 1284/1270/2522 1269/1255/2496
f 1289/1275/2530 1280/1266/160 1275/1261/2504
f 1290/1276/2531 1276/1262/2507 1274/1260/2503
f 1290/1276/2531 1274/1260/2513 1281/1267/2523
f 1291/1277/2532 1281/1267/2514 1277/1263/2508
f 1291/1277/2532 1277/1263/2533 1278/1264/2534
f 1289/1275/2530 1292/1278/173 1280/1266/160
f 1289/1275/2530 1275/1261/2504 1276/1262/2505
f 1293/1279/2535 1276/1262/2507 1290/1276/2531
f 1294/1280/2536 1290/1276/2531 1281/1267/2523
f 1291/1277/2532 1294/1280/2536 1281/1267/2514
f 1279/1265/2511 1291/1277/2532 1278/1264/2509
f 1286/1272/2525 1295/1281/2537 1279/1265/2510
f 1296/1282/2538 1282/1268/2517 1273/1259/2500
f 1287/1273/2527 1296/1282/2538 1273/1259/2501
f 1297/1283/2539 1285/1271/2540 1283/1269/2518
f 1288/1274/2529 1297/1283/2541 1284/1270/2522
f 1297/1283/2541 1283/1269/2520 1284/1270/2522
f 1293/1279/2542 1289/1275/2530 1276/1262/2506
f 1295/1281/2537 1291/1277/2532 1279/1265/2511
f 1297/1283/2539 1298/1284/2543 1285/1271/2524
f 1296/1282/2538 1299/1285/2544 1282/1268/2545
f 1300/1286/2546 1290/1276/2531 1294/1280/2547
f 1301/1287/2548 1296/1282/2538 1287/1273/2527
f 1301/1287/2548 1287/1273/2527 1285/1271/2528
f 1298/1284/2543 1301/1287/2548 1285/1271/2528
f 1302/1288/2549 1297/1283/2541 1288/1274/2529
f 1289/1275/2530 1293/1279/2535 1303/1289/2550
f 1300/1286/2546 1293/1279/2535 1290/1276/2531
f 1304/1290/2551 1294/1280/2536 1291/1277/2532
f 1295/1281/2537 1304/1290/2552 1291/1277/2532
f 1299/1285/2544 1286/1272/2526 1282/1268/2517
f 1305/1291/2553 1298/1284/2543 1297/1283/2539
f 1302/1288/2549 1305/1291/2553 1297/1283/2541
f 1292/1278/173 1289/1275/2530 1306/1292/213
f 1303/1289/2554 1306/1292/2555 1289/1275/2530
f 1307/1293/2556 1295/1281/2537 1286/1272/2526
f 1299/1285/2544 1307/1293/2557 1286/1272/2525
f 1304/1290/2551 1300/1286/2546 1294/1280/2536
f 1308/1294/2558 1295/1281/2537 1307/1293/2556
f 1309/1295/2559 1303/1289/2550 1293/1279/2535
f 1309/1295/2560 1293/1279/2535 1300/1286/2546
f 1304/1290/2551 1310/1296/2561 1300/1286/2546
f 1311/1297/2562 1304/1290/2551 1295/1281/2537
f 1308/1294/2558 1311/1297/2563 1295/1281/2537
f 1312/1298/2564 1299/1285/2544 1296/1282/2538
f 1312/1298/2564 1296/1282/2538 1301/1287/2548
f 1298/1284/2543 1313/1299/2565 1301/1287/2548
f 1314/1300/2566 1303/1289/2554 1309/1295/2560
f 1310/1296/2561 1309/1295/2560 1300/1286/2546
f 1312/1298/2564 1307/1293/2556 1299/1285/2544
f 1305/1291/2553 1315/1301/2567 1298/1284/2543
f 1306/1292/213 1303/1289/2550 1316/1302/226
f 1314/1300/2568 1316/1302/226 1303/1289/2550
f 1317/1303/2569 1310/1296/2561 1304/1290/2551
f 1313/1299/2570 1312/1298/2571 1301/1287/2548
f 1315/1301/2572 1313/1299/2565 1298/1284/2543
f 1318/1304/2573 1305/1291/2553 1302/1288/2549
f 1311/1297/2563 1317/1303/2574 1304/1290/2552
f 1308/1294/2558 1319/1305/2575 1311/1297/2562
f 1320/1306/2576 1313/1299/2565 1315/1301/2572
f 1318/1304/2573 1315/1301/2567 1305/1291/2553
f 1321/1307/2577 1318/1304/2578 1302/1288/2549
f 1319/1305/2579 1317/1303/2574 1311/1297/2562
f 1322/1308/2580 1319/1305/2581 1308/1294/2558
f 1322/1308/2580 1308/1294/2558 1307/1293/2556
f 1323/1309/2582 1307/1293/2557 1312/1298/2564
f 1324/1310/2583 1323/1309/2584 1312/1298/2571
f 1324/1310/2585 1312/1298/2564 1313/1299/2570
f 1324/1310/2583 1313/1299/2570 1320/1306/2576
f 1325/1311/2586 1314/1300/2566 1309/1295/2560
f 1325/1311/2587 1309/1295/2560 1310/1296/2561
f 1317/1303/2588 1326/1312/2589 1310/1296/2590
f 1323/1309/2591 1322/1308/2592 1307/1293/2557
f 1327/1313/2593 1320/1306/2576 1315/1301/2572
f 1327/1313/2594 1315/1301/2567 1318/1304/2573
f 1326/1312/2595 1325/1311/2587 1310/1296/2561
f 1328/1314/2596 1326/1312/2589 1317/1303/2588
f 1329/1315/2597 1330/1316/2598 1316/1302/2599
f 1329/1315/2600 1316/1302/2599 1314/1300/2601
f 1325/1311/2587 1329/1315/2602 1314/1300/2566
f 1331/1317/2603 1327/1313/2594 1318/1304/2578
f 1321/1307/2577 1331/1317/2603 1318/1304/2578
f 1330/1316/2598 1332/1318/240 1316/1302/2599
f 1328/1314/2604 1317/1303/2588 1319/1305/2575
f 1333/1319/2605 1319/1305/2579 1322/1308/2580
f 1334/1320/2606 1323/1309/2607 1324/1310/2583
f 1335/1321/2608 1324/1310/2583 1320/1306/2576
f 1336/1322/2609 1331/1317/2603 1321/1307/2577
f 1333/1319/2610 1328/1314/2596 1319/1305/2579
f 1337/1323/2611 1322/1308/2592 1323/1309/2591
f 1337/1323/2612 1323/1309/2591 1334/1320/2606
f 1335/1321/2608 1334/1320/2613 1324/1310/2585
f 1338/1324/2614 1329/1315/2615 1325/1311/2586
f 1339/1325/2616 1333/1319/2617 1322/1308/2580
f 1340/1326/2618 1320/1306/2619 1327/1313/2594
f 1331/1317/2603 1340/1326/2620 1327/1313/2594
f 1338/1324/2621 1330/1316/2622 1329/1315/2602
f 1341/1327/2623 1326/1312/2595 1328/1314/2604
f 1339/1325/2616 1322/1308/2580 1337/1323/2611
f 1342/1328/2624 1334/1320/2613 1335/1321/2608
f 1335/1321/2608 1320/1306/2576 1340/1326/2618
f 1343/1329/2625 1340/1326/2620 1331/1317/2603
f 1336/1322/2626 1343/1329/2625 1331/1317/2603
f 1344/1330/282 1332/1318/240 1330/1316/2598
f 1345/1331/2627 1338/1324/2614 1325/1311/2586
f 1345/1331/2627 1325/1311/2587 1326/1312/2595
f 1346/1332/2628 1328/1314/2604 1333/1319/2605
f 1346/1332/2628 1333/1319/2605 1339/1325/2616
f 1342/1328/2624 1337/1323/2629 1334/1320/2606
f 1347/1333/2630 1330/1316/2622 1338/1324/2621
f 1341/1327/2623 1345/1331/2627 1326/1312/2595
f 1346/1332/2628 1341/1327/2623 1328/1314/2604
f 1348/1334/2631 1335/1321/2608 1340/1326/2618
f 1348/1334/2631 1340/1326/2620 1343/1329/2625
f 1344/1330/282 1330/1316/2598 1349/1335/2632
f 1345/1331/2627 1347/1333/2633 1338/1324/2621
f 1350/1336/2634 1345/1331/2635 1341/1327/2636
f 1351/1337/2637 1346/1332/2628 1339/1325/2616
f 1352/1338/2638 1343/1329/2625 1336/1322/2626
f 1347/1333/2639 1349/1335/2632 1330/1316/2622
f 1353/1339/2640 1337/1323/2612 1342/1328/2624
f 1354/1340/2641 1342/1328/2624 1335/1321/2608
f 1354/1340/2642 1335/1321/2608 1348/1334/2631
f 1355/1341/2643 1347/1333/2639 1345/1331/2627
f 1356/1342/2644 1350/1336/2634 1341/1327/2623
f 1356/1342/2645 1341/1327/2623 1346/1332/2628
f 1357/1343/2646 1339/1325/2616 1337/1323/2612
f 1353/1339/2640 1357/1343/2647 1337/1323/2612
f 1355/1341/2648 1358/1344/2649 1347/1333/2639
f 1350/1336/2650 1355/1341/2643 1345/1331/2627
f 1359/1345/2651 1356/1342/2652 1346/1332/2628
f 1351/1337/2653 1339/1325/2616 1357/1343/2654
f 1360/1346/2655 1353/1339/2656 1342/1328/2624
f 1354/1340/2641 1360/1346/2655 1342/1328/2624
f 1352/1338/2638 1348/1334/2657 1343/1329/2658
f 1349/1335/280 1347/1333/2639 1358/1344/2659
f 1359/1345/2651 1346/1332/2628 1351/1337/2637
f 1361/1347/2660 1351/1337/2637 1357/1343/2661
f 1360/1346/2662 1357/1343/2646 1353/1339/2640
f 1362/1348/2663 1354/1340/2642 1348/1334/2631
f 1352/1338/2638 1362/1348/2663 1348/1334/2631
f 1363/1349/298 1349/1335/2632 1358/1344/2659
f 1364/1350/2664 1350/1336/2634 1356/1342/2644
f 1365/1351/2665 1362/1348/2663 1352/1338/2638
f 1364/1350/2664 1355/1341/2643 1350/1336/2650
f 1359/1345/2666 1366/1352/2667 1356/1342/2645
f 1367/1353/2668 1361/1347/2669 1357/1343/2646
f 1368/1354/2670 1367/1353/2668 1357/1343/2646
f 1368/1354/2670 1357/1343/2646 1360/1346/2662
f 1369/1355/2671 1363/1349/298 1358/1344/2659
f 1364/1350/2664 1370/1356/2672 1355/1341/2643
f 1366/1352/2667 1364/1350/2664 1356/1342/2644
f 1371/1357/2673 1359/1345/2651 1351/1337/2653
f 1367/1353/2668 1351/1337/2653 1361/1347/2660
f 1372/1358/2674 1368/1354/2675 1360/1346/2662
f 1372/1358/2674 1360/1346/2655 1354/1340/2641
f 1362/1348/2676 1372/1358/2674 1354/1340/2642
f 1373/1359/2677 1369/1355/2678 1358/1344/2659
f 1355/1341/2643 1373/1359/2677 1358/1344/2659
f 1371/1357/2673 1366/1352/2667 1359/1345/2651
f 1374/1360/2679 1371/1357/2673 1351/1337/2653
f 1367/1353/2668 1374/1360/2679 1351/1337/2637
f 1365/1351/2665 1352/1338/2638 1375/1361/2680
f 1376/1362/349 1363/1349/298 1369/1355/2681
f 1370/1356/2672 1373/1359/2677 1355/1341/2643
f 1377/1363/2682 1370/1356/2672 1364/1350/2683
f 1366/1352/2667 1377/1363/2684 1364/1350/2664
f 1378/1364/2685 1377/1363/2684 1366/1352/2667
f 1362/1348/2663 1379/1365/2686 1372/1358/2674
f 1380/1366/2687 1362/1348/2663 1365/1351/2688
f 1376/1362/356 1369/1355/2671 1381/1367/2689
f 1373/1359/2677 1381/1367/2689 1369/1355/2671
f 1382/1368/2690 1366/1352/2667 1371/1357/2673
f 1374/1360/2679 1382/1368/2691 1371/1357/2673
f 1383/1369/2692 1368/1354/2693 1372/1358/2674
f 1383/1369/2692 1372/1358/2674 1379/1365/2686
f 1380/1366/2687 1379/1365/2686 1362/1348/2663
f 1375/1361/2680 1384/1370/2694 1365/1351/2695
f 1376/1362/356 1381/1367/2689 1385/1371/2696
f 1386/1372/2697 1373/1359/2677 1370/1356/2672
f 1386/1372/2698 1370/1356/2672 1377/1363/2684
f 1367/1353/2668 1368/1354/2699 1383/1369/2700
f 1387/1373/2701 1380/1366/2687 1365/1351/2688
f 1384/1370/2702 1387/1373/2703 1365/1351/2704
f 1382/1368/2690 1378/1364/2685 1366/1352/2667
f 1388/1374/2705 1382/1368/2690 1374/1360/2679
f 1389/1375/2706 1367/1353/2668 1383/1369/2692
f 1390/1376/2707 1383/1369/2692 1379/1365/2686
f 1381/1367/2689 1373/1359/2677 1391/1377/2708
f 1386/1372/2697 1392/1378/2709 1373/1359/2710
f 1393/1379/2711 1377/1363/2684 1378/1364/2685
f 1382/1368/2690 1393/1379/2711 1378/1364/2685
f 1389/1375/2712 1374/1360/2679 1367/1353/2668
f 1394/1380/2713 1379/1365/2686 1380/1366/2714
f 1391/1377/2708 1385/1371/2696 1381/1367/2689
f 1391/1377/2715 1373/1359/2677 1392/1378/2716
f 1395/1381/2717 1386/1372/2697 1377/1363/2684
f 1388/1374/2705 1396/1382/2718 1382/1368/2691
f 1394/1380/2719 1380/1366/2687 1387/1373/2703
f 1395/1381/2717 1377/1363/2684 1393/1379/2720
f 1396/1382/2718 1393/1379/2720 1382/1368/2690
f 1397/1383/2721 1388/1374/2705 1374/1360/2679
f 1397/1383/2722 1374/1360/2723 1389/1375/2712
f 1394/1380/2724 1390/1376/2707 1379/1365/2686
f 1398/1384/2725 1387/1373/2701 1384/1370/2694
f 1399/1385/2726 1392/1378/2709 1386/1372/2697
f 1400/1386/2727 1389/1375/2712 1383/1369/2692
f 1400/1386/2728 1383/1369/2692 1390/1376/2729
f 1401/1387/2730 1400/1386/2728 1390/1376/2729
f 1401/1387/2730 1390/1376/2731 1394/1380/2724
f 1402/1388/384 1385/1371/2696 1403/1389/2732
f 1391/1377/2708 1403/1389/2733 1385/1371/2696
f 1404/1390/2734 1391/1377/2715 1392/1378/2735
f 1399/1385/2726 1404/1390/2734 1392/1378/2709
f 1395/1381/2717 1399/1385/2726 1386/1372/2697
f 1405/1391/2736 1395/1381/2737 1393/1379/2720
f 1405/1391/2736 1393/1379/2720 1396/1382/2718
f 1406/1392/2738 1387/1373/2701 1398/1384/2739
f 1407/1393/2740 1405/1391/2741 1396/1382/2718
f 1408/1394/2742 1396/1382/2718 1388/1374/2705
f 1397/1383/2722 1408/1394/2743 1388/1374/2705
f 1409/1395/2744 1397/1383/2722 1389/1375/2712
f 1409/1395/2744 1389/1375/2712 1400/1386/2728
f 1410/1396/2745 1394/1380/2719 1387/1373/2703
f 1403/1389/2733 1391/1377/2708 1404/1390/2734
f 1408/1394/2742 1407/1393/2746 1396/1382/2747
f 1410/1396/2745 1411/1397/2748 1394/1380/2749
f 1406/1392/2750 1410/1396/2745 1387/1373/2701
f 1412/1398/2751 1403/1389/2733 1404/1390/2734
f 1413/1399/2752 1408/1394/2743 1397/1383/2721
f 1409/1395/2753 1413/1399/2752 1397/1383/2722
f 1414/1400/2754 1400/1386/2728 1401/1387/2730
f 1411/1397/2748 1401/1387/2730 1394/1380/2749
f 1399/1385/2726 1412/1398/2751 1404/1390/2734
f 1415/1401/2755 1399/1385/2726 1395/1381/2717
f 1416/1402/2756 1415/1401/2755 1395/1381/2717
f 1416/1402/2757 1395/1381/2737 1405/1391/2741
f 1417/1403/2758 1409/1395/2753 1400/1386/2728
f 1414/1400/2754 1417/1403/2758 1400/1386/2728
f 1418/1404/2759 1410/1396/2745 1406/1392/2738
f 1403/1389/2733 1419/1405/2760 1402/1388/2761
f 1415/1401/2755 1412/1398/2751 1399/1385/2726
f 1420/1406/2762 1416/1402/2757 1405/1391/2736
f 1407/1393/2746 1420/1406/2763 1405/1391/2736
f 1417/1403/2758 1413/1399/2764 1409/1395/2753
f 1421/1407/2765 1411/1397/2766 1410/1396/2745
f 1418/1404/2767 1421/1407/2768 1410/1396/2745
f 1422/1408/2769 1407/1393/2746 1408/1394/2770
f 1422/1408/2769 1408/1394/2742 1423/1409/2771
f 1423/1409/2771 1408/1394/2743 1413/1399/2752
f 1424/1410/2772 1414/1400/2754 1401/1387/2730
f 1411/1397/2748 1424/1410/2772 1401/1387/2730
f 1419/1405/2760 1403/1389/2732 1425/1411/2773
f 1412/1398/2751 1425/1411/2774 1403/1389/2733
f 1422/1408/2775 1420/1406/2763 1407/1393/2746
f 1426/1412/2776 1423/1409/2771 1413/1399/2764
f 1417/1403/2758 1426/1412/2777 1413/1399/2764
f 1427/1413/2778 1417/1403/2758 1414/1400/2754
f 1424/1410/2772 1427/1413/2779 1414/1400/2754
f 1428/1414/2780 1412/1398/2751 1415/1401/2755
f 1416/1402/2757 1428/1414/2781 1415/1401/2782
f 1429/1415/2783 1416/1402/2757 1420/1406/2763
f 1430/1416/2784 1426/1412/2776 1417/1403/2785
f 1424/1410/2786 1411/1397/2766 1421/1407/2787
f 1429/1415/2783 1428/1414/2781 1416/1402/2757
f 1431/1417/2788 1429/1415/2783 1420/1406/2763
f 1422/1408/2775 1431/1417/2788 1420/1406/2763
f 1432/1418/2789 1422/1408/2769 1423/1409/2771
f 1430/1416/2790 1417/1403/2758 1427/1413/2779
f 1433/1419/2791 1421/1407/2765 1418/1404/2767
f 1426/1412/2776 1432/1418/2789 1423/1409/2771
f 1434/1420/2792 1424/1410/2772 1421/1407/2765
f 1435/1421/2793 1436/1422/2794 1419/1405/2760
f 1435/1421/2795 1419/1405/2796 1425/1411/2774
f 1435/1421/2793 1425/1411/2774 1412/1398/2751
f 1437/1423/2797 1435/1421/2793 1412/1398/2751
f 1437/1423/2797 1412/1398/2751 1428/1414/2780
f 1438/1424/2798 1431/1417/2788 1422/1408/2769
f 1438/1424/2798 1422/1408/2769 1432/1418/2789
f 1439/1425/2799 1426/1412/2800 1430/1416/2784
f 1440/1426/2801 1430/1416/2784 1427/1413/2778
f 1441/1427/2802 1434/1420/2803 1421/1407/2765
f 1441/1427/2804 1421/1407/2765 1433/1419/2791
f 1442/1428/2805 1437/1423/2797 1428/1414/2780
f 1443/1429/2806 1428/1414/2781 1429/1415/2783
f 1444/1430/2807 1429/1415/2783 1431/1417/2788
f 1445/1431/2808 1432/1418/2789 1426/1412/2776
f 1439/1425/2799 1445/1431/2808 1426/1412/2809
f 1440/1426/2801 1439/1425/2799 1430/1416/2790
f 1446/1432/2810 1427/1413/2779 1424/1410/2772
f 1446/1432/2810 1424/1410/2772 1434/1420/2792
f 1447/1433/2811 1441/1427/2812 1433/1419/2813
f 1443/1429/2814 1442/1428/2815 1428/1414/2781
f 1443/1429/2806 1429/1415/2783 1444/1430/2807
f 1438/1424/2816 1444/1430/2807 1431/1417/2788
f 1448/1434/2817 1438/1424/2798 1432/1418/2789
f 1445/1431/2808 1448/1434/2817 1432/1418/2789
f 1449/1435/2818 1439/1425/2799 1440/1426/2801
f 1446/1432/2810 1440/1426/2801 1427/1413/2779
f 1450/1436/2819 1436/1422/2794 1435/1421/2820
f 1450/1436/2821 1435/1421/2793 1437/1423/2797
f 1451/1437/2822 1444/1430/2807 1438/1424/2798
f 1448/1434/2817 1451/1437/2822 1438/1424/2798
f 1444/1430/2807 1452/1438/2823 1443/1429/2806
f 1449/1435/2818 1445/1431/2808 1439/1425/2799
f 1453/1439/2824 1446/1432/2825 1434/1420/2792
f 1441/1427/2802 1453/1439/2826 1434/1420/2803
f 1450/1436/2819 1454/1440/2827 1436/1422/2794
f 1455/1441/2828 1440/1426/2801 1446/1432/2825
f 1456/1442/2829 1454/1440/2827 1450/1436/2821
f 1456/1442/2829 1450/1436/2821 1437/1423/2830
f 1457/1443/2831 1437/1423/2832 1442/1428/2815
f 1452/1438/2823 1442/1428/2805 1443/1429/2806
f 1458/1444/2833 1448/1434/2817 1445/1431/2834
f 1449/1435/2835 1458/1444/2833 1445/1431/2808
f 1459/1445/2836 1449/1435/2818 1440/1426/2801
f 1455/1441/2828 1459/1445/2837 1440/1426/2801
f 1460/1446/2838 1455/1441/2839 1446/1432/2840
f 1460/1446/2841 1446/1432/2840 1453/1439/2824
f 1461/1447/2842 1441/1427/2843 1447/1433/2844
f 1456/1442/2829 1437/1423/2797 1457/1443/2831
f 1462/1448/2845 1442/1428/2805 1452/1438/2823
f 1463/1449/2846 1452/1438/2823 1444/1430/2807
f 1463/1449/2846 1444/1430/2807 1451/1437/2847
f 1464/1450/2848 1451/1437/2849 1448/1434/2817
f 1465/1451/2850 1460/1446/2838 1453/1439/2826
f 1465/1451/2850 1453/1439/2851 1441/1427/2843
f 1465/1451/2850 1441/1427/2852 1461/1447/2842
f 1466/1452/2853 1457/1443/2831 1442/1428/2854
f 1466/1452/2855 1442/1428/2805 1462/1448/2856
f 1463/1449/2857 1462/1448/2845 1452/1438/2823
f 1458/1444/2858 1464/1450/2848 1448/1434/2817
f 1459/1445/2836 1458/1444/2833 1449/1435/2818
f 1467/1453/2859 1456/1442/2860 1457/1443/2831
f 1466/1452/2855 1467/1453/2861 1457/1443/2831
f 1468/1454/2862 1458/1444/2833 1459/1445/2836
f 1469/1455/2863 1459/1445/2864 1455/1441/2839
f 1460/1446/2841 1469/1455/2865 1455/1441/2839
f 1470/1456/2866 1460/1446/2838 1465/1451/2867
f 1471/1457/2868 1454/1440/2827 1456/1442/2829
f 1467/1453/2861 1471/1457/2869 1456/1442/2860
f 1472/1458/2870 1466/1452/2853 1462/1448/2871
f 1473/1459/2872 1472/1458/2870 1462/1448/2873
f 1473/1459/2872 1462/1448/2845 1463/1449/2857
f 1474/1460/2874 1473/1459/2875 1463/1449/2857
f 1474/1460/2874 1463/1449/2857 1451/1437/2876
f 1474/1460/2874 1451/1437/2849 1464/1450/2877
f 1475/1461/2878 1464/1450/2848 1458/1444/2833
f 1475/1461/2878 1458/1444/2879 1468/1454/2862
f 1476/1462/2880 1470/1456/2881 1465/1451/2867
f 1476/1462/2880 1465/1451/2882 1461/1447/2842
f 1477/1463/2883 1471/1457/503 1467/1453/2861
f 1478/1464/2884 1474/1460/2885 1464/1450/2886
f 1478/1464/2884 1464/1450/2886 1475/1461/2878
f 1469/1455/2865 1468/1454/2862 1459/1445/2864
f 1479/1465/2887 1480/1466/2888 1469/1455/2889
f 1479/1465/2890 1469/1455/2865 1460/1446/2838
f 1470/1456/2866 1479/1465/2891 1460/1446/2838
f 1477/1463/2883 1467/1453/2892 1481/1467/2893
f 1481/1467/2894 1467/1453/2892 1466/1452/2895
f 1481/1467/2894 1466/1452/2895 1472/1458/2870
f 1482/1468/2896 1472/1458/2897 1473/1459/2898
f 1483/1469/2899 1482/1468/2896 1474/1460/2900
f 1482/1468/2896 1473/1459/2901 1474/1460/2900
f 1483/1469/2902 1474/1460/2900 1478/1464/2903
f 1484/1470/2904 1478/1464/2884 1475/1461/2905
f 1484/1470/2906 1475/1461/2905 1468/1454/2907
f 1485/1471/2908 1484/1470/2909 1468/1454/2907
f 1469/1455/2910 1485/1471/2908 1468/1454/2907
f 1486/1472/2911 1470/1456/2912 1476/1462/2913
f 1487/1473/2914 1481/1467/2915 1472/1458/2897
f 1480/1466/2888 1485/1471/2916 1469/1455/2910
f 1486/1472/2911 1479/1465/2887 1470/1456/2912
f 1488/1474/2917 1487/1473/2914 1472/1458/2897
f 1488/1474/2917 1472/1458/2870 1482/1468/2896
f 1489/1475/2918 1490/1133/2919 1491/1156/2920
f 1492/1135/2248 1493/1134/2921 1494/1476/2922
f 1495/1477/2923 1496/1088/2295 1492/1135/2248
f 1497/1478/2924 1498/1126/2220 1499/1122/2925
f 1500/1479/2926 1501/1127/2226 1498/1126/2220
f 1502/1155/2283 1501/1127/2226 1500/1479/2926
f 1493/1134/2927 1490/1133/2239 1489/1475/2918
f 1495/1477/2923 1492/1135/2248 1494/1476/2928
f 1503/1161/2293 1496/1088/2295 1495/1477/2923
f 1504/1480/2929 1499/1122/2212 1505/1172/2930
f 1497/1478/2924 1499/1122/2931 1504/1480/2929
f 1500/1479/2932 1498/1126/2220 1497/1478/2924
f 1500/1479/2932 1497/1478/2933 1506/1481/2934
f 1507/1482/2935 1502/1155/2283 1508/1483/2936
f 1507/1482/2935 1509/1129/2937 1502/1155/2283
f 1510/1484/2938 1509/1129/2937 1507/1482/2939
f 1510/1484/2938 1491/1156/2920 1509/1129/2940
f 1511/1485/2941 1493/1134/2927 1489/1475/2918
f 1494/1476/2922 1493/1134/2927 1511/1485/2942
f 1503/1161/2293 1495/1477/2943 1512/1486/2944
f 1513/1487/2945 1514/1163/2946 1503/1161/2300
f 1515/1165/2305 1514/1163/2947 1513/1487/2948
f 1516/1488/2949 1504/1480/2950 1505/1172/55
f 1497/1478/2933 1504/1480/2950 1517/1489/2951
f 1508/1483/2936 1502/1155/2283 1500/1479/2926
f 1489/1475/2952 1491/1156/2953 1510/1484/2954
f 1518/1490/2955 1494/1476/2928 1511/1485/2942
f 1495/1477/2956 1494/1476/2928 1518/1490/2957
f 1513/1487/2948 1503/1161/2293 1512/1486/2944
f 1516/1488/2958 1505/1172/55 1519/1491/2959
f 1517/1489/2960 1504/1480/2950 1516/1488/2961
f 1506/1481/2962 1497/1478/2933 1517/1489/2951
f 1520/1492/2963 1500/1479/2926 1506/1481/2964
f 1508/1483/2965 1500/1479/2966 1520/1492/2963
f 1521/1493/2967 1508/1483/2965 1520/1492/2968
f 1507/1482/2939 1508/1483/2965 1521/1493/2967
f 1522/1494/2969 1510/1484/2970 1507/1482/2939
f 1523/1495/2971 1510/1484/2972 1522/1494/2973
f 1523/1495/2974 1489/1475/2975 1510/1484/2972
f 1524/1496/2976 1511/1485/2942 1489/1475/2975
f 1518/1490/2957 1511/1485/2942 1524/1496/2977
f 1525/1497/2978 1495/1477/2956 1518/1490/2957
f 1512/1486/2979 1495/1477/2956 1525/1497/2978
f 1526/1498/2980 1513/1487/2981 1512/1486/2979
f 1515/1165/2982 1513/1487/2983 1527/1499/2984
f 1527/1499/2984 1528/1500/2985 1515/1165/2305
f 1529/1501/67 1516/1488/2949 1519/1491/2986
f 1530/1502/2987 1506/1481/2988 1517/1489/2951
f 1522/1494/2989 1507/1482/2939 1521/1493/2967
f 1524/1496/2977 1489/1475/2975 1523/1495/2990
f 1531/1503/2991 1518/1490/2957 1524/1496/2977
f 1531/1503/2992 1525/1497/2978 1518/1490/2957
f 1532/1504/2993 1512/1486/2979 1525/1497/2994
f 1526/1498/2995 1527/1499/2984 1513/1487/2983
f 1533/1505/2996 1517/1489/2960 1516/1488/2961
f 1520/1492/2963 1506/1481/2988 1530/1502/2987
f 1526/1498/2980 1512/1486/2979 1532/1504/2993
f 1534/1506/2997 1527/1499/2984 1526/1498/2995
f 1516/1488/2949 1529/1501/67 1535/1507/2998
f 1533/1505/2996 1516/1488/2949 1535/1507/2998
f 1523/1495/2990 1522/1494/2989 1536/1508/2999
f 1537/1509/3000 1531/1503/3001 1524/1496/2977
f 1532/1504/3002 1525/1497/3003 1531/1503/2992
f 1530/1502/3004 1517/1489/2951 1533/1505/3005
f 1521/1493/2967 1520/1492/3006 1538/1510/3007
f 1539/1511/3008 1522/1494/2989 1521/1493/2967
f 1536/1508/2999 1522/1494/2989 1539/1511/3009
f 1540/1512/3010 1523/1495/2990 1536/1508/2999
f 1541/1513/3011 1530/1502/2987 1533/1505/2996
f 1538/1510/3007 1520/1492/2963 1530/1502/2987
f 1540/1512/3012 1524/1496/2977 1523/1495/2990
f 1542/1514/3013 1537/1509/3000 1524/1496/2977
f 1526/1498/2980 1532/1504/3014 1543/1515/3015
f 1534/1506/2997 1544/1516/3016 1527/1499/3017
f 1544/1516/3016 1545/1517/3018 1527/1499/3017
f 1528/1500/2985 1527/1499/3017 1545/1517/3018
f 1535/1507/2998 1529/1501/67 1546/1518/103
f 1538/1510/3007 1530/1502/2987 1541/1513/3011
f 1547/1519/3019 1539/1511/3008 1521/1493/2967
f 1542/1514/3013 1524/1496/2977 1540/1512/3010
f 1531/1503/2991 1537/1509/3000 1548/1520/3020
f 1549/1521/3021 1532/1504/3014 1531/1503/2992
f 1549/1521/3021 1531/1503/2992 1548/1520/3020
f 1550/1522/3022 1526/1498/2980 1543/1515/3015
f 1534/1506/2997 1526/1498/3023 1550/1522/3024
f 1551/1523/3025 1536/1508/2999 1539/1511/3009
f 1540/1512/3012 1536/1508/2999 1551/1523/3025
f 1548/1520/3020 1537/1509/3000 1542/1514/3013
f 1543/1515/3026 1532/1504/3014 1549/1521/3021
f 1552/1524/3027 1535/1507/2998 1546/1518/103
f 1552/1524/3028 1533/1505/2996 1535/1507/2998
f 1553/1525/3029 1538/1510/3007 1541/1513/3030
f 1554/1526/3031 1538/1510/3007 1553/1525/3029
f 1521/1493/2967 1538/1510/3007 1554/1526/3031
f 1547/1519/3032 1521/1493/3033 1554/1526/3031
f 1551/1523/3025 1539/1511/3009 1547/1519/3032
f 1550/1522/3024 1544/1516/3034 1534/1506/2997
f 1541/1513/3011 1533/1505/3005 1555/1527/3035
f 1556/1528/3036 1540/1512/3037 1551/1523/3038
f 1542/1514/3013 1540/1512/3012 1556/1528/3039
f 1545/1517/3040 1544/1516/3016 1557/1529/3041
f 1552/1524/3028 1546/1518/103 1558/1530/102
f 1555/1527/3035 1533/1505/2996 1552/1524/3042
f 1553/1525/3029 1541/1513/3011 1559/1531/3043
f 1560/1532/3044 1554/1526/3031 1553/1525/3029
f 1561/1533/3045 1547/1519/3032 1560/1532/3044
f 1547/1519/3032 1554/1526/3046 1560/1532/3044
f 1551/1523/3025 1547/1519/3032 1561/1533/3045
f 1562/1534/3047 1548/1520/3020 1542/1514/3013
f 1563/1535/3048 1549/1521/3021 1562/1534/3047
f 1549/1521/3021 1548/1520/3020 1562/1534/3047
f 1543/1515/3049 1549/1521/3021 1563/1535/3048
f 1564/1536/3050 1550/1522/3022 1543/1515/3015
f 1564/1536/3050 1544/1516/3034 1550/1522/3024
f 1559/1531/3051 1541/1513/3030 1555/1527/3035
f 1565/1537/3052 1551/1523/3025 1561/1533/3045
f 1556/1528/3039 1551/1523/3025 1565/1537/3052
f 1566/1538/3053 1542/1514/3013 1556/1528/3039
f 1564/1536/3054 1543/1515/3055 1567/1539/3056
f 1568/1540/3057 1557/1529/3058 1544/1516/3016
f 1569/1541/3059 1555/1527/3035 1552/1524/3028
f 1559/1531/3043 1555/1527/3035 1569/1541/3059
f 1568/1540/3057 1544/1516/3034 1564/1536/3050
f 1570/1542/3060 1542/1514/3013 1566/1538/3053
f 1562/1534/3047 1542/1514/3013 1570/1542/3061
f 1571/1543/3062 1543/1515/3026 1563/1535/3048
f 1567/1539/3056 1543/1515/3026 1571/1543/3062
f 1567/1539/3063 1568/1540/3064 1564/1536/3050
f 1572/1544/3065 1557/1529/3058 1568/1540/3057
f 1573/1545/3066 1553/1525/3029 1559/1531/3043
f 1560/1532/3044 1553/1525/3029 1573/1545/3067
f 1574/1546/3068 1561/1533/3045 1560/1532/3044
f 1575/1547/3069 1565/1537/3052 1561/1533/3045
f 1556/1528/3036 1565/1537/3052 1576/1548/3070
f 1566/1538/3053 1556/1528/3039 1576/1548/3070
f 1577/1549/3071 1552/1524/3042 1558/1530/102
f 1577/1549/3072 1569/1541/3059 1552/1524/3073
f 1575/1547/3069 1561/1533/3074 1574/1546/3068
f 1577/1549/3072 1558/1530/102 1578/1550/151
f 1579/1551/3075 1560/1532/3044 1573/1545/3076
f 1574/1546/3068 1560/1532/3044 1579/1551/3075
f 1576/1548/3077 1565/1537/3052 1575/1547/3078
f 1580/1552/3079 1562/1534/3047 1570/1542/3061
f 1563/1535/3048 1562/1534/3047 1580/1552/3079
f 1581/1553/3080 1559/1531/3043 1569/1541/3059
f 1573/1545/3066 1559/1531/3043 1581/1553/3080
f 1582/1554/3081 1566/1538/3053 1576/1548/3070
f 1570/1542/3060 1566/1538/3053 1582/1554/3081
f 1580/1552/3079 1570/1542/3061 1583/1555/3082
f 1571/1543/3062 1563/1535/3048 1580/1552/3079
f 1584/1556/3083 1567/1539/3056 1571/1543/3062
f 1584/1556/3083 1568/1540/3084 1567/1539/3056
f 1572/1544/3085 1568/1540/3064 1585/1557/3086
f 1586/1558/150 1577/1549/3072 1578/1550/151
f 1569/1541/3059 1577/1549/3071 1587/1559/3087
f 1581/1553/3080 1569/1541/3088 1587/1559/3087
f 1588/1560/3089 1573/1545/3066 1581/1553/3090
f 1579/1551/3075 1573/1545/3066 1588/1560/3091
f 1589/1561/3092 1575/1547/3078 1574/1546/3068
f 1583/1555/3082 1570/1542/3060 1582/1554/3081
f 1585/1557/3086 1568/1540/3064 1584/1556/3093
f 1587/1559/3087 1577/1549/3072 1586/1558/150
f 1590/1562/3094 1574/1546/3068 1579/1551/3075
f 1576/1548/3070 1575/1547/3078 1589/1561/3092
f 1571/1543/3062 1580/1552/3079 1591/1563/3095
f 1584/1556/3083 1571/1543/3062 1592/1564/3096
f 1585/1557/3086 1593/1565/3097 1572/1544/3065
f 1589/1561/3092 1574/1546/3068 1590/1562/3094
f 1594/1566/3098 1576/1548/3077 1589/1561/3092
f 1582/1554/3081 1576/1548/3070 1594/1566/3098
f 1592/1564/3096 1571/1543/3062 1591/1563/3095
f 1595/1567/3099 1585/1557/3086 1584/1556/3083
f 1596/1568/3100 1581/1553/3080 1587/1559/3087
f 1588/1560/3089 1581/1553/3090 1596/1568/3100
f 1590/1562/3101 1579/1551/3075 1588/1560/3091
f 1597/1569/3102 1589/1561/3092 1590/1562/3094
f 1598/1570/3103 1583/1555/3104 1582/1554/3081
f 1595/1567/3105 1584/1556/3083 1592/1564/3106
f 1594/1566/3098 1589/1561/3092 1597/1569/3102
f 1598/1570/3103 1582/1554/3081 1594/1566/3098
f 1599/1571/3107 1583/1555/3082 1598/1570/3103
f 1580/1552/3079 1583/1555/3082 1599/1571/3107
f 1599/1571/3107 1591/1563/3095 1580/1552/3079
f 1600/1572/3108 1586/1558/150 1601/1573/162
f 1587/1559/3087 1586/1558/150 1600/1572/3108
f 1595/1567/3109 1602/1574/3110 1585/1557/3111
f 1593/1565/3112 1585/1557/3086 1602/1574/3113
f 1603/1575/3114 1588/1560/3089 1596/1568/3100
f 1590/1562/3094 1588/1560/3091 1603/1575/3115
f 1591/1563/3095 1599/1571/3107 1604/1576/3116
f 1605/1577/3117 1591/1563/3095 1604/1576/3116
f 1605/1577/3118 1592/1564/3096 1591/1563/3095
f 1595/1567/3099 1592/1564/3096 1605/1577/3119
f 1597/1569/3102 1590/1562/3094 1606/1578/3120
f 1607/1579/3121 1594/1566/3098 1597/1569/3102
f 1608/1580/3122 1594/1566/3098 1607/1579/3121
f 1608/1580/3122 1598/1570/3103 1594/1566/3098
f 1599/1571/3107 1598/1570/3103 1609/1581/3123
f 1610/1582/3124 1595/1567/3105 1605/1577/3119
f 1611/1583/3125 1587/1559/3087 1600/1572/3108
f 1611/1583/3125 1600/1572/3108 1612/1584/3126
f 1596/1568/3127 1587/1559/3128 1611/1583/3125
f 1607/1579/3121 1597/1569/3102 1606/1578/3120
f 1604/1576/3129 1599/1571/3107 1609/1581/3123
f 1602/1574/3130 1595/1567/3099 1610/1582/3124
f 1590/1562/3094 1603/1575/3115 1613/1585/3131
f 1609/1581/3123 1598/1570/3103 1608/1580/3132
f 1614/1586/3133 1605/1577/3118 1604/1576/3116
f 1612/1584/3126 1600/1572/3108 1601/1573/162
f 1615/1587/3134 1596/1568/3100 1611/1583/3125
f 1616/1588/3135 1603/1575/3114 1615/1587/3136
f 1603/1575/3114 1596/1568/3100 1615/1587/3134
f 1606/1578/3120 1590/1562/3094 1613/1585/3137
f 1604/1576/3129 1609/1581/3123 1617/1589/3138
f 1618/1590/3139 1605/1577/3118 1614/1586/3133
f 1613/1585/3131 1603/1575/3114 1616/1588/3135
f 1619/1591/3140 1609/1581/3123 1608/1580/3132
f 1617/1589/3138 1609/1581/3123 1619/1591/3140
f 1614/1586/3141 1604/1576/3116 1617/1589/3138
f 1610/1582/3124 1605/1577/3118 1618/1590/3142
f 1620/1592/3143 1602/1574/3130 1610/1582/3144
f 1612/1584/3126 1601/1573/162 1621/1593/187
f 1615/1587/3134 1611/1583/3125 1612/1584/3126
f 1622/1594/3145 1613/1585/3131 1616/1588/3135
f 1623/1595/3146 1608/1580/3122 1607/1579/3147
f 1624/1596/3148 1616/1588/3135 1615/1587/3136
f 1625/1597/3149 1613/1585/3137 1622/1594/3145
f 1625/1597/3149 1606/1578/3120 1613/1585/3131
f 1626/1598/3150 1608/1580/3132 1623/1595/3151
f 1619/1591/3140 1608/1580/3132 1626/1598/3150
f 1627/1599/3152 1620/1592/3143 1610/1582/3153
f 1628/1600/219 1612/1584/3126 1621/1593/187
f 1622/1594/3154 1616/1588/3135 1624/1596/3148
f 1629/1601/3155 1606/1578/3120 1625/1597/3156
f 1629/1601/3155 1607/1579/3121 1606/1578/3120
f 1623/1595/3146 1607/1579/3121 1629/1601/3155
f 1630/1602/3157 1617/1589/3138 1619/1591/3158
f 1627/1599/3152 1610/1582/3159 1618/1590/3142
f 1615/1587/3134 1612/1584/3126 1631/1603/3160
f 1630/1602/3161 1619/1591/3140 1626/1598/3150
f 1631/1603/3160 1612/1584/3126 1628/1600/219
f 1632/1604/3162 1615/1587/3134 1631/1603/3160
f 1624/1596/3148 1615/1587/3136 1632/1604/3162
f 1633/1605/3163 1623/1595/3146 1629/1601/3155
f 1634/1606/3164 1626/1598/3150 1623/1595/3146
f 1635/1607/3165 1617/1589/3138 1630/1602/3166
f 1635/1607/3167 1614/1586/3141 1617/1589/3138
f 1636/1608/3168 1618/1590/3139 1614/1586/3133
f 1627/1599/3152 1618/1590/3142 1636/1608/3169
f 1637/1609/3170 1622/1594/3145 1624/1596/3148
f 1638/1610/3171 1625/1597/3156 1622/1594/3145
f 1638/1610/3171 1629/1601/3155 1625/1597/3156
f 1633/1605/3163 1629/1601/3155 1639/1611/3172
f 1630/1602/3161 1626/1598/3150 1634/1606/3164
f 1636/1608/3168 1614/1586/3133 1635/1607/3173
f 1640/1612/3174 1620/1592/3143 1627/1599/3152
f 1641/1613/3175 1620/1592/3143 1640/1612/3176
f 1637/1609/3170 1624/1596/3148 1632/1604/3162
f 1639/1611/3172 1629/1601/3155 1638/1610/3171
f 1634/1606/3164 1623/1595/3146 1633/1605/3163
f 1642/1614/3177 1630/1602/3161 1634/1606/3164
f 1631/1603/3178 1628/1600/219 1643/1615/260
f 1644/1616/3179 1638/1610/3180 1622/1594/3154
f 1645/1617/3181 1630/1602/3182 1642/1614/3183
f 1635/1607/3167 1630/1602/3157 1645/1617/3181
f 1646/1618/3184 1627/1599/3152 1636/1608/3169
f 1647/1619/3185 1631/1603/3178 1643/1615/260
f 1648/1620/3186 1631/1603/3160 1647/1619/3187
f 1632/1604/3162 1631/1603/3160 1648/1620/3186
f 1644/1616/3179 1622/1594/3145 1637/1609/3188
f 1649/1621/3189 1635/1607/3165 1645/1617/3181
f 1649/1621/3189 1636/1608/3168 1635/1607/3173
f 1640/1612/3174 1627/1599/3152 1646/1618/3190
f 1641/1613/3175 1640/1612/3174 1650/1622/3191
f 1651/1623/3192 1639/1611/3172 1638/1610/3171
f 1652/1624/3193 1634/1606/3164 1633/1605/3163
f 1642/1614/3183 1634/1606/3164 1652/1624/3194
f 1646/1618/3184 1636/1608/3168 1653/1625/3195
f 1650/1622/3196 1640/1612/3176 1646/1618/3190
f 1637/1609/3170 1632/1604/3162 1648/1620/3186
f 1654/1626/3197 1644/1616/3179 1637/1609/3170
f 1651/1623/3192 1638/1610/3180 1644/1616/3179
f 1655/1627/3198 1639/1611/3199 1651/1623/3192
f 1633/1605/3163 1639/1611/3199 1655/1627/3198
f 1653/1625/3195 1636/1608/3168 1649/1621/3189
f 1651/1623/3200 1644/1616/3179 1654/1626/3197
f 1656/1628/3201 1633/1605/3163 1655/1627/3198
f 1652/1624/3193 1633/1605/3163 1656/1628/3202
f 1645/1617/3181 1642/1614/3183 1657/1629/3203
f 1650/1622/3196 1658/1630/3204 1641/1613/3205
f 1659/1631/259 1647/1619/3206 1643/1615/260
f 1660/1632/3207 1647/1619/3185 1659/1631/259
f 1648/1620/3186 1647/1619/3187 1660/1632/3207
f 1661/1633/3208 1637/1609/3188 1648/1620/3186
f 1654/1626/3197 1637/1609/3170 1661/1633/3209
f 1655/1627/3198 1651/1623/3192 1662/1634/3210
f 1657/1629/3203 1642/1614/3183 1652/1624/3193
f 1653/1625/3195 1649/1621/3189 1663/1635/3211
f 1664/1636/3212 1646/1618/3184 1665/1637/3213
f 1646/1618/3184 1653/1625/3195 1665/1637/3214
f 1664/1636/3215 1650/1622/3196 1646/1618/3216
f 1666/1638/3217 1645/1617/3181 1657/1629/3203
f 1663/1635/3211 1649/1621/3189 1666/1638/3218
f 1649/1621/3189 1645/1617/3181 1666/1638/3218
f 1665/1637/3213 1653/1625/3195 1663/1635/3211
f 1667/1639/3219 1651/1623/3192 1654/1626/3197
f 1662/1634/3210 1651/1623/3192 1667/1639/3219
f 1668/1640/3220 1655/1627/3198 1662/1634/3221
f 1669/1641/3222 1652/1624/3193 1656/1628/3201
f 1669/1641/3222 1657/1629/3203 1652/1624/3193
f 1670/1642/3223 1648/1620/3224 1660/1632/3207
f 1661/1633/3209 1648/1620/3186 1670/1642/3223
f 1656/1628/3201 1655/1627/3198 1668/1640/3220
f 1660/1632/3207 1659/1631/259 1671/1643/267
f 1654/1626/3197 1661/1633/3209 1670/1642/3225
f 1672/1644/3226 1662/1634/3210 1667/1639/3219
f 1673/1645/3227 1663/1635/3211 1666/1638/3218
f 1665/1637/3214 1663/1635/3211 1673/1645/3228
f 1674/1646/3229 1650/1622/3196 1664/1636/3215
f 1675/1647/3230 1650/1622/3196 1674/1646/3229
f 1675/1647/3231 1658/1630/3204 1650/1622/3196
f 1676/1648/3232 1654/1626/3197 1670/1642/3223
f 1667/1639/3219 1654/1626/3197 1676/1648/3233
f 1668/1640/3220 1662/1634/3221 1672/1644/3234
f 1677/1649/3235 1665/1637/3213 1673/1645/3228
f 1674/1646/3229 1664/1636/3212 1677/1649/3235
f 1664/1636/3212 1665/1637/3213 1677/1649/3235
f 1678/1650/3236 1660/1632/3207 1671/1643/267
f 1669/1641/3222 1656/1628/3201 1668/1640/3220
f 1679/1651/3237 1657/1629/3203 1669/1641/3238
f 1679/1651/3239 1666/1638/3218 1657/1629/3203
f 1680/1652/3240 1670/1642/3223 1660/1632/3207
f 1676/1648/3232 1670/1642/3223 1680/1652/3240
f 1668/1640/3220 1672/1644/3234 1681/1653/3241
f 1682/1654/3242 1660/1632/3243 1678/1650/291
f 1680/1652/3240 1660/1632/3207 1682/1654/3244
f 1669/1641/3222 1668/1640/3220 1681/1653/3245
f 1683/1655/3246 1676/1648/3232 1680/1652/3240
f 1683/1655/3247 1680/1652/3240 1684/1656/3248
f 1685/1657/3249 1676/1648/3233 1683/1655/3246
f 1685/1657/3249 1667/1639/3219 1676/1648/3233
f 1672/1644/3226 1667/1639/3219 1685/1657/3249
f 1686/1658/3250 1669/1641/3222 1681/1653/3245
f 1679/1651/3237 1669/1641/3222 1686/1658/3251
f 1666/1638/3218 1679/1651/3239 1687/1659/3252
f 1688/1660/3253 1677/1649/3235 1673/1645/3228
f 1674/1646/3229 1677/1649/3235 1688/1660/3253
f 1684/1656/3254 1680/1652/3240 1682/1654/3255
f 1689/1661/3256 1679/1651/3237 1686/1658/3257
f 1673/1645/3227 1666/1638/3218 1687/1659/3252
f 1690/1662/3258 1674/1646/3259 1688/1660/3253
f 1675/1647/3231 1674/1646/3229 1690/1662/3260
f 1691/1663/3261 1675/1647/3262 1690/1662/3263
f 1692/1664/3264 1682/1654/3242 1678/1650/3236
f 1684/1656/3248 1682/1654/3255 1692/1664/3264
f 1693/1665/3265 1672/1644/3226 1685/1657/3249
f 1681/1653/3241 1672/1644/3226 1693/1665/3265
f 1694/1666/3266 1673/1645/3227 1687/1659/3252
f 1695/1667/3267 1678/1650/3268 1696/1668/299
f 1692/1664/3264 1678/1650/291 1695/1667/3267
f 1687/1659/3252 1679/1651/3239 1689/1661/3269
f 1688/1660/3253 1673/1645/3228 1694/1666/3266
f 1697/1669/3270 1683/1655/3246 1684/1656/3248
f 1697/1669/3270 1685/1657/3249 1683/1655/3246
f 1692/1664/3264 1695/1667/3267 1698/1670/3271
f 1693/1665/3265 1685/1657/3249 1697/1669/3270
f 1699/1671/3272 1681/1653/3241 1693/1665/3265
f 1700/1672/3273 1687/1659/3252 1689/1661/3256
f 1694/1666/3274 1687/1659/3252 1700/1672/3275
f 1701/1673/3276 1688/1660/3253 1694/1666/3266
f 1701/1673/3276 1690/1662/3260 1688/1660/3253
f 1702/1674/3277 1695/1667/3267 1696/1668/299
f 1684/1656/3248 1692/1664/3264 1698/1670/3271
f 1703/1675/3278 1681/1653/3241 1699/1671/3272
f 1686/1658/3250 1681/1653/3241 1703/1675/3278
f 1704/1676/3279 1686/1658/3250 1703/1675/3278
f 1704/1676/3279 1689/1661/3280 1686/1658/3250
f 1705/1677/3281 1691/1663/3282 1690/1662/3260
f 1698/1670/3271 1695/1667/3267 1706/1678/3283
f 1707/1679/3284 1684/1656/3248 1698/1670/3271
f 1697/1669/3270 1684/1656/3248 1707/1679/3284
f 1700/1672/3273 1689/1661/3269 1704/1676/3279
f 1708/1680/3285 1690/1662/3260 1701/1673/3276
f 1705/1677/3281 1690/1662/3260 1708/1680/3286
f 1706/1678/3283 1695/1667/3267 1702/1674/358
f 1709/1681/3287 1700/1672/3288 1704/1676/3289
f 1710/1682/3290 1701/1673/3276 1694/1666/3266
f 1708/1680/3291 1701/1673/3292 1710/1682/3290
f 1706/1678/3283 1702/1674/3277 1711/1683/3293
f 1712/1684/3294 1693/1665/3265 1697/1669/3270
f 1699/1671/3272 1693/1665/3265 1712/1684/3294
f 1713/1685/3295 1700/1672/3275 1709/1681/3296
f 1714/1686/3297 1694/1666/3298 1700/1672/3275
f 1710/1682/3299 1694/1666/3266 1714/1686/3300
f 1715/1687/3301 1698/1670/3302 1706/1678/3283
f 1707/1679/3284 1698/1670/3271 1715/1687/3303
f 1716/1688/3304 1697/1669/3270 1707/1679/3284
f 1717/1689/3305 1703/1675/3278 1699/1671/3272
f 1718/1690/3306 1703/1675/3307 1717/1689/3305
f 1704/1676/3279 1703/1675/3278 1718/1690/3308
f 1709/1681/3287 1704/1676/3279 1719/1691/3309
f 1714/1686/3297 1700/1672/3273 1713/1685/3295
f 1712/1684/3294 1697/1669/3270 1716/1688/3310
f 1717/1689/3305 1699/1671/3272 1712/1684/3294
f 1713/1685/3295 1709/1681/3311 1719/1691/3309
f 1720/1692/3312 1710/1682/3313 1714/1686/3297
f 1721/1693/3314 1710/1682/3290 1720/1692/3315
f 1708/1680/3285 1710/1682/3290 1721/1693/3314
f 1708/1680/3286 1722/1694/3316 1705/1677/3281
f 1715/1687/3317 1706/1678/3283 1711/1683/3293
f 1719/1691/3309 1704/1676/3279 1718/1690/3306
f 1723/1695/3318 1712/1684/3294 1716/1688/3304
f 1717/1689/3305 1712/1684/3294 1724/1696/3319
f 1725/1697/3320 1713/1685/3295 1719/1691/3309
f 1714/1686/3297 1713/1685/3295 1726/1698/3321
f 1715/1687/3301 1711/1683/3293 1727/1699/3322
f 1728/1700/3323 1707/1679/3284 1715/1687/3303
f 1726/1698/3321 1713/1685/3295 1725/1697/3320
f 1720/1692/3312 1714/1686/3297 1726/1698/3324
f 1722/1694/3316 1708/1680/3286 1729/1701/3325
f 1716/1688/3304 1707/1679/3284 1728/1700/3326
f 1730/1702/3327 1712/1684/3294 1723/1695/3328
f 1724/1696/3319 1712/1684/3294 1730/1702/3329
f 1731/1703/3330 1717/1689/3305 1724/1696/3319
f 1718/1690/3306 1717/1689/3331 1731/1703/3330
f 1732/1704/3332 1721/1693/3314 1720/1692/3315
f 1708/1680/3285 1721/1693/3333 1729/1701/3334
f 1727/1699/3322 1711/1683/3293 1733/1705/3335
f 1728/1700/3323 1715/1687/3303 1727/1699/3336
f 1719/1691/3309 1718/1690/3306 1734/1706/3337
f 1735/1707/3338 1720/1692/3312 1726/1698/3321
f 1729/1701/3334 1721/1693/3314 1732/1704/3339
f 1736/1708/3340 1716/1688/3304 1728/1700/3323
f 1730/1702/3327 1723/1695/3328 1716/1688/3310
f 1737/1709/3341 1724/1696/3319 1730/1702/3329
f 1731/1703/3330 1724/1696/3319 1737/1709/3342
f 1718/1690/3308 1731/1703/3330 1738/1710/3343
f 1734/1706/3344 1718/1690/3306 1738/1710/3343
f 1725/1697/3345 1719/1691/3309 1734/1706/3337
f 1732/1704/3332 1720/1692/3312 1735/1707/3338
f 1739/1711/3346 1722/1694/3316 1729/1701/3334
f 1740/1712/3347 1728/1700/3323 1727/1699/3336
f 1736/1708/3348 1728/1700/3326 1740/1712/3347
f 1730/1702/3327 1716/1688/3310 1736/1708/3349
f 1735/1707/3338 1726/1698/3321 1741/1713/3350
f 1742/1714/3351 1732/1704/3332 1735/1707/3338
f 1743/1715/3352 1733/1705/3335 1744/1716/401
f 1727/1699/3322 1733/1705/3335 1743/1715/3352
f 1745/1717/3353 1731/1703/3330 1737/1709/3342
f 1738/1710/3343 1731/1703/3330 1745/1717/3353
f 1746/1718/3354 1726/1698/3321 1725/1697/3320
f 1747/1719/3355 1727/1699/3322 1743/1715/3352
f 1740/1712/3356 1727/1699/3322 1747/1719/3357
f 1748/1720/3358 1737/1709/3341 1730/1702/3329
f 1749/1721/3359 1738/1710/3343 1745/1717/3353
f 1749/1721/3360 1734/1706/3344 1738/1710/3343
f 1746/1718/3354 1725/1697/3345 1734/1706/3337
f 1741/1713/3350 1726/1698/3321 1746/1718/3354
f 1750/1722/3361 1732/1704/3339 1742/1714/3351
f 1750/1722/3362 1729/1701/3334 1732/1704/3363
f 1739/1711/3364 1729/1701/3334 1750/1722/3362
f 1751/1723/3365 1730/1702/3327 1736/1708/3348
f 1745/1717/3353 1737/1709/3341 1748/1720/3358
f 1746/1718/3354 1734/1706/3366 1749/1721/3367
f 1752/1724/3368 1740/1712/3347 1747/1719/3357
f 1736/1708/3340 1740/1712/3369 1752/1724/3370
f 1748/1720/3371 1730/1702/3327 1751/1723/3372
f 1739/1711/3373 1750/1722/3362 1753/1725/3374
f 1754/1726/426 1743/1715/3352 1744/1716/427
f 1751/1723/3365 1736/1708/3348 1752/1724/3375
f 1755/1727/3376 1748/1720/3358 1751/1723/3365
f 1756/1728/3377 1745/1717/3353 1748/1720/3358
f 1757/1729/3378 1741/1713/3350 1746/1718/3354
f 1742/1714/3351 1735/1707/3379 1758/1730/3380
f 1753/1725/3374 1759/1731/3381 1739/1711/3346
f 1747/1719/3355 1743/1715/3352 1754/1726/426
f 1755/1727/3376 1751/1723/3365 1752/1724/3375
f 1749/1721/3359 1745/1717/3353 1756/1728/3377
f 1760/1732/3382 1746/1718/3354 1749/1721/3360
f 1758/1730/3380 1735/1707/3383 1757/1729/3378
f 1735/1707/3338 1741/1713/3350 1757/1729/3384
f 1761/1733/3385 1750/1722/3361 1742/1714/3351
f 1753/1725/3374 1750/1722/3362 1761/1733/3386
f 1756/1728/3377 1748/1720/3358 1755/1727/3376
f 1762/1734/3387 1757/1729/3378 1746/1718/3388
f 1752/1724/3370 1747/1719/3357 1763/1735/3389
f 1756/1728/3377 1755/1727/3376 1764/1736/3390
f 1765/1737/3391 1749/1721/3359 1756/1728/3377
f 1760/1732/3382 1749/1721/3367 1765/1737/3392
f 1762/1734/3393 1746/1718/3354 1760/1732/3382
f 1761/1733/3394 1742/1714/3351 1766/1738/3395
f 1767/1739/439 1747/1719/3355 1754/1726/426
f 1755/1727/3376 1752/1724/3396 1768/1740/3397
f 1769/1741/3398 1757/1729/3378 1762/1734/3393
f 1758/1730/3380 1757/1729/3384 1769/1741/3398
f 1766/1738/3395 1742/1714/3351 1758/1730/3380
f 1770/1742/3399 1753/1725/3374 1761/1733/3386
f 1770/1742/3399 1759/1731/3381 1753/1725/3374
f 1763/1735/3389 1747/1719/3357 1767/1739/457
f 1771/1743/3400 1758/1730/3380 1769/1741/3398
f 1766/1738/3395 1758/1730/3401 1771/1743/3402
f 1752/1724/3368 1763/1735/3403 1772/1744/3404
f 1764/1736/3390 1755/1727/3376 1768/1740/3405
f 1773/1745/3406 1756/1728/3377 1764/1736/3407
f 1774/1746/3408 1761/1733/3385 1766/1738/3395
f 1768/1740/3397 1752/1724/3375 1772/1744/3404
f 1765/1737/3391 1756/1728/3377 1773/1745/3406
f 1775/1747/3409 1760/1732/3382 1776/1748/3410
f 1762/1734/3387 1760/1732/3382 1775/1747/3409
f 1769/1741/3398 1762/1734/3393 1775/1747/3411
f 1774/1746/3408 1770/1742/3399 1761/1733/3385
f 1777/1749/3412 1763/1735/3389 1767/1739/439
f 1772/1744/3413 1763/1735/3403 1777/1749/3414
f 1778/1750/3415 1764/1736/3390 1768/1740/3397
f 1779/1751/3416 1765/1737/3391 1773/1745/3406
f 1760/1732/3382 1765/1737/3392 1776/1748/3410
f 1780/1752/3417 1766/1738/3395 1771/1743/3402
f 1774/1746/3408 1766/1738/3395 1780/1752/3418
f 1781/1753/3419 1770/1742/3399 1774/1746/3420
f 1777/1749/3412 1767/1739/457 1782/1754/456
f 1768/1740/3421 1772/1744/3404 1783/1755/3422
f 1784/1756/3423 1764/1736/3390 1778/1750/3424
f 1784/1756/3423 1773/1745/3406 1764/1736/3407
f 1776/1748/3425 1765/1737/3392 1779/1751/3426
f 1785/1757/3427 1769/1741/3398 1775/1747/3411
f 1786/1758/3428 1771/1743/3429 1769/1741/3398
f 1786/1758/3428 1769/1741/3398 1785/1757/3427
f 1787/1759/3430 1777/1749/3412 1782/1754/456
f 1788/1760/3431 1772/1744/3404 1777/1749/3414
f 1783/1755/3422 1772/1744/3404 1788/1760/3432
f 1778/1750/3433 1768/1740/3405 1783/1755/3422
f 1779/1751/3416 1773/1745/3406 1784/1756/3434
f 1789/1761/3435 1775/1747/3409 1776/1748/3410
f 1780/1752/3436 1771/1743/3402 1786/1758/3428
f 1781/1753/3419 1774/1746/3408 1790/1762/3437
f 1788/1760/3431 1777/1749/3412 1787/1759/3438
f 1785/1757/3427 1775/1747/3411 1789/1761/3439
f 1787/1759/3430 1782/1754/456 1791/1763/487
f 1792/1764/3440 1783/1755/3422 1788/1760/3441
f 1778/1750/3433 1783/1755/3422 1793/1765/3442
f 1784/1756/3434 1778/1750/3443 1793/1765/3444
f 1794/1766/3445 1776/1748/3410 1779/1751/3416
f 1790/1762/3437 1774/1746/3408 1780/1752/3418
f 1795/1767/3446 1781/1753/3419 1790/1762/3447
f 1796/1768/3448 1788/1760/3441 1787/1759/3449
f 1792/1764/3440 1788/1760/3431 1796/1768/3448
f 1793/1765/3450 1783/1755/3422 1792/1764/3440
f 1797/1769/3451 1779/1751/3416 1784/1756/3423
f 1789/1761/3452 1776/1748/3410 1794/1766/3445
f 1786/1758/3453 1785/1757/3427 1798/1770/3454
f 1799/1771/3455 1791/1763/3456 1800/1772/486
f 1787/1759/3457 1791/1763/487 1799/1771/3455
f 1801/1773/3458 1784/1756/3434 1793/1765/3459
f 1797/1769/3460 1784/1756/3461 1801/1773/3458
f 1794/1766/3445 1779/1751/3416 1797/1769/3460
f 1789/1761/3452 1794/1766/3445 1802/1774/3462
f 1803/1775/3463 1789/1761/3452 1802/1774/3464
f 1785/1757/3465 1789/1761/3439 1803/1775/3463
f 1798/1770/3466 1785/1757/3427 1803/1775/3463
f 1804/1776/3467 1786/1758/3453 1798/1770/3468
f 1804/1776/3467 1780/1752/3418 1786/1758/3428
f 1805/1777/3469 1780/1752/3418 1804/1776/3467
f 1805/1777/3469 1790/1762/3470 1780/1752/3418
f 1805/1777/3471 1806/1778/3472 1790/1762/3470
f 1806/1778/3472 1795/1767/3473 1790/1762/3470
f 1796/1768/3474 1787/1759/3457 1799/1771/3455
f 1807/1779/3475 1793/1765/3444 1792/1764/3476
f 1801/1773/3477 1793/1765/3444 1808/1780/3478
f 1809/1781/3479 1797/1769/3451 1801/1773/3480
f 1810/1782/3481 1797/1769/3482 1809/1781/3479
f 1794/1766/3445 1797/1769/3482 1810/1782/3481
f 1802/1774/3483 1794/1766/3445 1810/1782/3481
f 1802/1774/3484 1810/1782/3485 1811/1783/3486
f 1811/1783/3487 1803/1775/3488 1802/1774/3484
f 1798/1770/3468 1803/1775/3489 1812/1784/3490
f 1805/1777/3491 1813/1785/3492 1806/1778/3472
f 1796/1768/3474 1799/1771/3493 1814/1786/3494
f 1792/1764/3495 1796/1768/3474 1815/1787/3496
f 1807/1779/3497 1792/1764/3495 1815/1787/3498
f 1808/1780/3499 1793/1765/3500 1807/1779/3497
f 1816/1788/3501 1801/1773/3477 1808/1780/3502
f 1809/1781/3479 1801/1773/3477 1816/1788/3503
f 1812/1784/3490 1803/1775/3489 1811/1783/3487
f 1817/1789/3504 1798/1770/3505 1812/1784/3490
f 1804/1776/3506 1798/1770/3507 1817/1789/3508
f 1818/1790/3509 1805/1777/3491 1804/1776/3506
f 1810/1782/3485 1819/1791/3510 1811/1783/3486
f 1820/1792/3511 1811/1783/3486 1819/1791/3510
f 1820/1792/3512 1812/1784/3490 1811/1783/3486
f 1817/1789/3504 1818/1790/3509 1804/1776/3513
f 1818/1790/3514 1813/1785/3492 1805/1777/3491
f 1815/1787/3515 1796/1768/3474 1814/1786/3516
f 1821/1793/3517 1816/1788/3503 1808/1780/3502
f 1820/1792/3518 1817/1789/3504 1812/1784/3490
f 1822/1794/3519 1823/1142/3520 1824/1144/3521
f 1825/1145/2267 1826/1795/3522 1824/1144/3521
f 1827/1169/3523 1828/1171/2320 1829/1146/2316
f 1828/1171/2320 1830/1170/2317 1831/1148/2319
f 1832/1796/3524 1833/1189/2353 1834/1162/3525
f 1835/1164/2301 1832/1796/3524 1834/1162/3525
f 1836/1797/3526 1823/1142/3527 1822/1794/3528
f 1826/1795/3529 1822/1794/3530 1824/1144/3521
f 1837/1147/2318 1826/1795/3522 1825/1145/2267
f 1838/1173/2323 1832/1796/3531 1835/1164/2301
f 1839/1798/3532 1840/1141/2312 1841/1167/2308
f 1836/1797/3526 1842/1166/3533 1823/1142/3527
f 1843/1799/3534 1844/1168/3535 1840/1141/2312
f 1839/1798/3532 1843/1799/3534 1840/1141/2312
f 1843/1799/3534 1827/1169/3523 1844/1168/2313
f 1845/1800/3536 1826/1795/3522 1837/1147/2318
f 1830/1170/2317 1845/1800/3537 1837/1147/2318
f 1846/1801/3538 1830/1170/3539 1828/1171/3540
f 1827/1169/3523 1846/1801/3538 1828/1171/2320
f 1847/1802/3541 1838/1173/3542 1842/1166/3533
f 1839/1798/3532 1841/1167/2308 1848/1165/3543
f 1836/1797/3526 1847/1802/3541 1842/1166/3533
f 1849/1803/3544 1827/1169/3523 1843/1799/3545
f 1850/1804/3546 1846/1801/3538 1827/1169/3523
f 1851/1805/3547 1845/1800/3548 1830/1170/3549
f 1852/1806/3550 1851/1805/3547 1830/1170/3549
f 1852/1806/3550 1830/1170/3549 1846/1801/3551
f 1853/1202/3552 1833/1189/2353 1832/1796/3531
f 1854/1807/3553 1853/1202/3554 1832/1796/3555
f 1854/1807/3553 1832/1796/3555 1838/1173/3556
f 1847/1802/3557 1854/1807/3558 1838/1173/3559
f 1855/1500/2985 1839/1798/3560 1848/1165/2305
f 1856/1808/3561 1847/1802/3557 1836/1797/3562
f 1857/1809/3563 1843/1799/3564 1839/1798/3560
f 1858/1810/3565 1849/1803/3566 1843/1799/3564
f 1859/1811/3567 1822/1794/3568 1826/1795/3569
f 1849/1803/3544 1850/1804/3570 1827/1169/3523
f 1859/1811/3567 1826/1795/3529 1845/1800/3537
f 1851/1805/3547 1859/1811/3571 1845/1800/3537
f 1860/1812/3572 1852/1806/3550 1846/1801/3573
f 1860/1812/3572 1846/1801/3573 1850/1804/3574
f 1854/1807/3558 1847/1802/3557 1856/1808/3561
f 1861/1813/3575 1856/1808/3561 1836/1797/3562
f 1861/1813/3576 1836/1797/3526 1822/1794/3528
f 1858/1810/3565 1843/1799/3564 1857/1809/3577
f 1861/1813/3576 1822/1794/3568 1859/1811/3578
f 1862/1814/3579 1850/1804/3580 1849/1803/3566
f 1860/1812/3581 1850/1804/3574 1862/1814/3579
f 1855/1500/3582 1857/1809/3583 1839/1798/3560
f 1862/1814/3579 1849/1803/3566 1858/1810/3565
f 1863/1815/3584 1852/1806/3585 1860/1812/3572
f 1864/1816/3586 1865/1209/2410 1853/1202/3552
f 1864/1816/3586 1853/1202/3552 1854/1807/3553
f 1866/1817/3587 1857/1809/3583 1855/1500/3588
f 1867/1818/3589 1861/1813/3590 1859/1811/3591
f 1868/1819/3592 1859/1811/3593 1851/1805/3547
f 1863/1815/3594 1851/1805/3595 1852/1806/3585
f 1869/1820/3596 1854/1807/3558 1856/1808/3561
f 1861/1813/3575 1869/1820/3596 1856/1808/3561
f 1868/1819/3592 1867/1818/3589 1859/1811/3593
f 1870/1821/3597 1860/1812/3581 1862/1814/3579
f 1871/1822/3598 1868/1819/3592 1851/1805/3547
f 1863/1815/3594 1871/1822/3598 1851/1805/3547
f 1872/1823/3599 1865/1209/2410 1864/1816/3586
f 1869/1820/3596 1864/1816/3586 1854/1807/3553
f 1873/1517/3600 1866/1817/3587 1855/1500/3588
f 1866/1817/3587 1874/1824/3601 1857/1809/3577
f 1875/1825/3602 1869/1820/3603 1861/1813/3575
f 1875/1825/3602 1861/1813/3575 1876/1826/3604
f 1874/1824/3601 1858/1810/3605 1857/1809/3577
f 1876/1826/3604 1861/1813/3575 1867/1818/3606
f 1874/1824/3601 1870/1821/3607 1862/1814/3608
f 1874/1824/3609 1862/1814/3579 1858/1810/3565
f 1870/1821/3597 1863/1815/3594 1860/1812/3581
f 1877/1223/2439 1865/1209/2410 1872/1823/3599
f 1878/1827/3610 1872/1823/3599 1864/1816/3586
f 1878/1827/3610 1864/1816/3586 1869/1820/3603
f 1879/1828/3611 1874/1824/3601 1866/1817/3587
f 1880/1829/3612 1871/1822/3598 1863/1815/3594
f 1870/1821/3607 1880/1829/3612 1863/1815/3594
f 1881/1830/3613 1878/1827/3610 1869/1820/3603
f 1879/1828/3611 1866/1817/3587 1873/1517/3600
f 1882/1831/3614 1867/1818/3589 1868/1819/3615
f 1871/1822/3598 1882/1831/3614 1868/1819/3592
f 1881/1830/3613 1869/1820/3616 1875/1825/3602
f 1879/1828/3611 1883/1832/3617 1874/1824/3601
f 1884/1833/3618 1880/1829/3612 1870/1821/3607
f 1885/1237/2474 1872/1823/3599 1878/1827/3610
f 1886/1834/3619 1887/1835/3620 1876/1826/3604
f 1874/1824/3609 1884/1833/3618 1870/1821/3607
f 1886/1834/3619 1876/1826/3604 1867/1818/3606
f 1886/1834/3621 1867/1818/3589 1882/1831/3614
f 1871/1822/3598 1880/1829/3612 1888/1836/3622
f 1885/1237/2474 1877/1223/2439 1872/1823/3599
f 1889/1529/3058 1879/1828/3623 1873/1517/3600
f 1890/1837/3624 1881/1830/3613 1875/1825/3625
f 1890/1837/3626 1875/1825/3602 1876/1826/3604
f 1883/1832/3627 1884/1833/3618 1874/1824/3601
f 1889/1529/3058 1891/1838/3628 1879/1828/3623
f 1891/1838/3629 1883/1832/3617 1879/1828/3611
f 1887/1835/3630 1890/1837/3626 1876/1826/3604
f 1892/1839/3631 1888/1836/3622 1880/1829/3612
f 1892/1839/3631 1880/1829/3612 1884/1833/3618
f 1888/1836/3622 1882/1831/3614 1871/1822/3632
f 1893/1840/3633 1885/1237/2474 1878/1827/3634
f 1881/1830/3635 1893/1840/3636 1878/1827/3637
f 1894/1841/3638 1895/1240/2484 1885/1237/2474
f 1893/1840/3633 1894/1841/3638 1885/1237/2474
f 1896/1544/3065 1891/1838/3629 1889/1529/3058
f 1897/1842/3639 1881/1830/3613 1890/1837/3624
f 1898/1843/3640 1883/1832/3617 1891/1838/3629
f 1898/1843/3641 1884/1833/3618 1883/1832/3627
f 1899/1844/3642 1886/1834/3621 1882/1831/3614
f 1900/1845/3643 1888/1836/3644 1892/1839/3631
f 1901/1846/3645 1892/1839/3631 1884/1833/3618
f 1897/1842/3639 1893/1840/3636 1881/1830/3613
f 1901/1846/3646 1884/1833/3618 1898/1843/3641
f 1900/1845/3647 1892/1839/3648 1901/1846/3645
f 1899/1844/3642 1882/1831/3614 1888/1836/3622
f 1902/1847/3649 1897/1842/3639 1890/1837/3624
f 1902/1847/3650 1890/1837/3626 1887/1835/3620
f 1903/1848/3651 1887/1835/3620 1886/1834/3619
f 1903/1848/3651 1886/1834/3619 1899/1844/3642
f 1904/1849/3652 1894/1841/3638 1893/1840/3633
f 1905/1850/3653 1898/1843/3641 1891/1838/3628
f 1903/1848/3651 1902/1847/3654 1887/1835/3620
f 1906/1851/3655 1901/1846/3646 1898/1843/3641
f 1907/1852/3656 1899/1844/3642 1888/1836/3622
f 1907/1852/3657 1888/1836/3644 1900/1845/3643
f 1894/1841/3638 1908/1255/2496 1895/1240/2484
f 1904/1849/3652 1893/1840/3636 1897/1842/3639
f 1896/1544/3065 1905/1850/3653 1891/1838/3629
f 1902/1847/3649 1909/1853/3658 1897/1842/3639
f 1910/1854/3659 1902/1847/3660 1903/1848/3651
f 1911/1565/3661 1905/1850/3653 1896/1544/3065
f 1905/1850/3653 1912/1855/3662 1898/1843/3640
f 1912/1855/3663 1906/1851/3655 1898/1843/3641
f 1910/1854/3659 1903/1848/3651 1899/1844/3642
f 1906/1851/3664 1900/1845/3643 1901/1846/3645
f 1904/1849/3652 1908/1255/2496 1894/1841/3638
f 1909/1853/3665 1904/1849/3652 1897/1842/3639
f 1913/1856/3666 1910/1854/3659 1899/1844/3642
f 1907/1852/3656 1913/1856/3667 1899/1844/3642
f 1914/1857/3668 1907/1852/3657 1900/1845/3643
f 1915/1858/3669 1900/1845/3647 1906/1851/3655
f 1916/1859/3670 1908/1255/3671 1904/1849/3652
f 1911/1565/3661 1917/1860/3672 1905/1850/3653
f 1917/1860/3672 1912/1855/3663 1905/1850/3653
f 1915/1858/3673 1914/1857/3668 1900/1845/3643
f 1918/1861/3674 1913/1856/3667 1907/1852/3656
f 1914/1857/3668 1918/1861/3675 1907/1852/3657
f 1919/1862/3676 1909/1853/3677 1902/1847/3649
f 1916/1859/3670 1920/1274/2529 1908/1255/2496
f 1921/1863/3678 1916/1859/3670 1904/1849/3652
f 1921/1863/3678 1904/1849/3652 1909/1853/3677
f 1922/1574/3679 1917/1860/3672 1911/1565/3097
f 1917/1860/3680 1923/1864/3681 1912/1855/3663
f 1924/1865/3682 1919/1862/3683 1902/1847/3649
f 1924/1865/3684 1902/1847/3660 1910/1854/3659
f 1923/1864/3681 1915/1858/3685 1906/1851/3655
f 1912/1855/3663 1923/1864/3681 1906/1851/3655
f 1925/1866/3686 1910/1854/3659 1913/1856/3666
f 1926/1867/3687 1918/1861/3675 1914/1857/3688
f 1926/1867/3687 1914/1857/3668 1915/1858/3669
f 1921/1863/3689 1909/1853/3665 1919/1862/3676
f 1925/1866/3690 1924/1865/3682 1910/1854/3659
f 1927/1868/3691 1925/1866/3690 1913/1856/3667
f 1927/1868/3691 1913/1856/3666 1918/1861/3674
f 1928/1869/3692 1917/1860/3693 1922/1574/3679
f 1929/1870/3694 1915/1858/3673 1923/1864/3695
f 1926/1867/3687 1927/1868/3691 1918/1861/3675
f 1928/1869/3692 1922/1574/3130 1930/1592/3143
f 1931/1871/3696 1916/1859/3670 1921/1863/3697
f 1932/1872/3698 1921/1863/3689 1919/1862/3676
f 1932/1872/3699 1919/1862/3683 1924/1865/3682
f 1933/1873/3700 1926/1867/3687 1915/1858/3669
f 1933/1873/3701 1915/1858/3673 1929/1870/3702
f 1934/1874/3703 1920/1274/2529 1916/1859/3704
f 1931/1871/3696 1934/1874/3703 1916/1859/3704
f 1928/1869/3692 1935/1875/3705 1917/1860/3672
f 1935/1875/3705 1923/1864/3681 1917/1860/3680
f 1936/1876/3706 1924/1865/3682 1925/1866/3686
f 1937/1877/3707 1927/1868/3691 1926/1867/3687
f 1936/1876/3706 1932/1872/3698 1924/1865/3682
f 1935/1875/3708 1938/1878/3709 1923/1864/3681
f 1938/1878/3710 1929/1870/3711 1923/1864/3695
f 1939/1879/3712 1925/1866/3690 1927/1868/3691
f 1933/1873/3700 1937/1877/3713 1926/1867/3687
f 1940/1880/3714 1931/1871/3696 1921/1863/3678
f 1940/1880/3714 1921/1863/3689 1932/1872/3698
f 1939/1879/3712 1936/1876/3706 1925/1866/3690
f 1941/1881/3715 1939/1879/3712 1927/1868/3691
f 1942/1288/3716 1920/1274/2529 1934/1874/3703
f 1943/1882/3717 1935/1875/3705 1928/1869/3692
f 1944/1883/3718 1936/1876/3706 1939/1879/3712
f 1933/1873/3700 1945/1884/3719 1937/1877/3713
f 1941/1881/3715 1927/1868/3691 1937/1877/3713
f 1945/1884/3719 1941/1881/3715 1937/1877/3713
f 1946/1885/3720 1934/1874/3721 1931/1871/3696
f 1947/1886/3722 1940/1880/3723 1932/1872/3698
f 1943/1882/3717 1938/1878/3724 1935/1875/3705
f 1944/1883/3718 1939/1879/3712 1941/1881/3715
f 1948/1887/3725 1942/1288/3716 1934/1874/3703
f 1946/1885/3720 1948/1887/3726 1934/1874/3721
f 1930/1592/3143 1949/1613/3175 1928/1869/3692
f 1947/1886/3722 1946/1885/3727 1931/1871/3728
f 1947/1886/3722 1931/1871/3728 1940/1880/3723
f 1949/1613/3175 1943/1882/3717 1928/1869/3692
f 1950/1888/3729 1932/1872/3699 1936/1876/3706
f 1951/1889/3730 1948/1887/3726 1946/1885/3731
f 1950/1888/3729 1947/1886/3722 1932/1872/3698
f 1952/1890/3732 1938/1878/3724 1943/1882/3717
f 1953/1891/3733 1945/1884/3719 1933/1873/3700
f 1953/1891/3733 1933/1873/3700 1929/1870/3702
f 1954/1892/3734 1941/1881/3715 1945/1884/3719
f 1948/1887/3725 1955/1307/3735 1942/1288/2549
f 1951/1889/3736 1946/1885/3720 1947/1886/3722
f 1956/1893/3737 1950/1888/3729 1936/1876/3706
f 1956/1893/3738 1936/1876/3706 1944/1883/3718
f 1952/1890/3739 1953/1891/3733 1929/1870/3702
f 1952/1890/3732 1929/1870/3702 1938/1878/3710
f 1957/1894/3740 1944/1883/3718 1941/1881/3715
f 1954/1892/3734 1957/1894/3740 1941/1881/3715
f 1953/1891/3733 1954/1892/3741 1945/1884/3719
f 1951/1889/3730 1955/1307/3742 1948/1887/3725
f 1958/1895/3743 1951/1889/3736 1947/1886/3722
f 1959/1896/3744 1952/1890/3745 1943/1882/3746
f 1949/1613/3175 1960/1897/3747 1943/1882/3717
f 1958/1895/3743 1947/1886/3722 1950/1888/3729
f 1960/1897/3747 1959/1896/3744 1943/1882/3717
f 1961/1898/3748 1950/1888/3729 1956/1893/3737
f 1962/1899/3749 1956/1893/3738 1944/1883/3718
f 1957/1894/3740 1962/1899/3750 1944/1883/3718
f 1963/1900/3751 1953/1891/3733 1952/1890/3739
f 1964/1901/3752 1955/1307/3742 1951/1889/3730
f 1959/1896/3753 1965/1902/3754 1952/1890/3732
f 1962/1899/3749 1961/1898/3748 1956/1893/3755
f 1966/1903/3756 1954/1892/3734 1953/1891/3733
f 1963/1900/3751 1966/1903/3757 1953/1891/3733
f 1949/1613/3175 1967/1630/3758 1960/1897/3759
f 1958/1895/3743 1964/1901/3760 1951/1889/3736
f 1963/1900/3751 1952/1890/3739 1965/1902/3761
f 1968/1904/3762 1962/1899/3750 1957/1894/3740
f 1964/1901/3752 1969/1322/2609 1955/1307/3742
f 1970/1905/3763 1958/1895/3743 1950/1888/3729
f 1961/1898/3764 1970/1905/3765 1950/1888/3729
f 1971/1906/3766 1961/1898/3748 1962/1899/3749
f 1968/1904/3767 1971/1906/3766 1962/1899/3750
f 1968/1904/3767 1957/1894/3740 1954/1892/3734
f 1965/1902/3754 1959/1896/3744 1960/1897/3768
f 1972/1907/3769 1968/1904/3767 1954/1892/3770
f 1972/1907/3771 1954/1892/3741 1966/1903/3757
f 1973/1908/3772 1964/1901/3760 1958/1895/3743
f 1973/1908/3772 1958/1895/3743 1970/1905/3773
f 1974/1909/3774 1970/1905/3765 1961/1898/3764
f 1975/1910/3775 1969/1322/2609 1964/1901/3752
f 1973/1908/3772 1975/1910/3776 1964/1901/3760
f 1976/1911/3777 1971/1906/3766 1968/1904/3767
f 1972/1907/3771 1976/1911/3777 1968/1904/3767
f 1977/1912/3778 1972/1907/3779 1966/1903/3757
f 1963/1900/3751 1977/1912/3780 1966/1903/3757
f 1967/1630/3758 1978/1913/3781 1960/1897/3747
f 1978/1913/3781 1979/1914/3782 1960/1897/3768
f 1980/1915/3783 1973/1908/3772 1970/1905/3763
f 1979/1914/3782 1965/1902/3754 1960/1897/3759
f 1974/1909/3784 1980/1915/3783 1970/1905/3765
f 1981/1916/3785 1974/1909/3784 1961/1898/3764
f 1982/1917/3786 1963/1900/3751 1965/1902/3754
f 1971/1906/3766 1981/1916/3785 1961/1898/3748
f 1983/1918/3787 1976/1911/3777 1972/1907/3769
f 1977/1912/3778 1983/1918/3788 1972/1907/3771
f 1984/1919/3789 1975/1910/3790 1973/1908/3772
f 1985/1647/3791 1978/1913/3781 1967/1630/3758
f 1980/1915/3783 1986/1920/3792 1973/1908/3772
f 1979/1914/3793 1982/1917/3794 1965/1902/3754
f 1987/1921/3795 1981/1916/3785 1971/1906/3766
f 1987/1921/3795 1971/1906/3766 1976/1911/3777
f 1988/1922/3796 1977/1912/3778 1963/1900/3751
f 1975/1910/3775 1989/1338/3797 1969/1322/2609
f 1986/1920/3798 1984/1919/3789 1973/1908/3772
f 1983/1918/3787 1977/1912/3780 1988/1922/3796
f 1982/1917/3786 1988/1922/3796 1963/1900/3799
f 1983/1918/3787 1990/1923/3800 1976/1911/3777
f 1991/1924/3801 1989/1338/3797 1975/1910/3775
f 1984/1919/3789 1991/1924/3801 1975/1910/3775
f 1992/1925/3802 1980/1915/3783 1974/1909/3784
f 1981/1916/3785 1992/1925/3802 1974/1909/3774
f 1990/1923/3800 1987/1921/3795 1976/1911/3777
f 1993/1926/3803 1992/1925/3802 1981/1916/3785
f 1994/1927/3804 1991/1924/3801 1984/1919/3789
f 1992/1925/3805 1995/1928/3806 1980/1915/3783
f 1995/1928/3807 1986/1920/3792 1980/1915/3808
f 1996/1929/3809 1979/1914/3782 1978/1913/3781
f 1979/1914/3793 1997/1930/3810 1982/1917/3786
f 1993/1926/3811 1981/1916/3785 1987/1921/3795
f 1998/1931/3812 1983/1918/3787 1988/1922/3796
f 1988/1922/3796 1982/1917/3786 1997/1930/3813
f 1998/1931/3812 1990/1923/3814 1983/1918/3787
f 1999/1663/3815 1978/1913/3781 1985/1647/3816
f 1995/1928/3807 1994/1927/3817 1986/1920/3798
f 1994/1927/3817 1984/1919/3789 1986/1920/3798
f 1990/1923/3800 1993/1926/3811 1987/1921/3795
f 1999/1663/3815 1996/1929/3809 1978/1913/3781
f 2000/1932/3818 1979/1914/3793 1996/1929/3819
f 2000/1932/3820 1997/1930/3810 1979/1914/3793
f 2001/1933/3821 1998/1931/3812 1988/1922/3796
f 1997/1930/3813 2001/1933/3821 1988/1922/3796
f 1998/1931/3812 2002/1934/3822 1990/1923/3814
f 1994/1927/3804 2003/1935/3823 1991/1924/3801
f 2004/1936/3824 1995/1928/3806 1992/1925/3825
f 2005/1937/3826 2003/1935/3827 1994/1927/3817
f 2006/1938/3828 2005/1937/3829 1994/1927/3817
f 2006/1938/3830 1994/1927/3817 1995/1928/3807
f 1999/1663/3815 2007/1939/3831 1996/1929/3809
f 2007/1939/3831 2000/1932/3818 1996/1929/3809
f 2008/1940/3832 1992/1925/3833 1993/1926/3803
f 2009/1941/3834 2001/1933/3821 1997/1930/3813
f 2010/1361/2680 1989/1338/3797 1991/1924/3801
f 2006/1938/3830 1995/1928/3806 2004/1936/3824
f 2000/1932/3820 2009/1941/3835 1997/1930/3810
f 2008/1940/3836 2004/1936/3837 1992/1925/3802
f 2011/1942/3838 1993/1926/3811 1990/1923/3800
f 2005/1937/3839 2010/1361/2680 2003/1935/3840
f 2010/1361/2680 1991/1924/3801 2003/1935/3840
f 2011/1942/3838 2008/1940/3836 1993/1926/3811
f 2002/1934/3841 2011/1942/3838 1990/1923/3800
f 2002/1934/3842 1998/1931/3812 2012/1943/3843
f 2013/1677/3844 2007/1939/3845 1999/1663/3815
f 2014/1944/3846 2011/1942/3838 2002/1934/3841
f 2012/1943/3843 1998/1931/3812 2001/1933/3847
f 2015/1945/3848 2006/1938/3830 2004/1936/3824
f 2015/1945/3849 2004/1936/3837 2008/1940/3836
f 2016/1946/3850 2012/1943/3843 2001/1933/3847
f 2016/1946/3850 2001/1933/3821 2009/1941/3834
f 2017/1947/3851 2005/1937/3852 2006/1938/3830
f 2018/1948/3853 2007/1939/3845 2013/1677/3844
f 2018/1948/3853 2019/1949/3854 2007/1939/3831
f 2019/1949/3854 2000/1932/3818 2007/1939/3831
f 2019/1949/3855 2009/1941/3834 2000/1932/3820
f 2019/1949/3854 2016/1946/3850 2009/1941/3834
f 2020/1950/3856 2014/1944/3857 2012/1943/3858
f 2014/1944/3846 2002/1934/3841 2012/1943/3858
f 2021/1384/2739 2022/1370/2694 2010/1361/2680
f 2021/1384/3859 2010/1361/2680 2005/1937/3839
f 2023/1951/3860 2021/1384/3859 2005/1937/3826
f 2017/1947/3851 2006/1938/3830 2015/1945/3861
f 2024/1952/3862 2008/1940/3836 2011/1942/3863
f 2024/1952/3864 2011/1942/3838 2014/1944/3846
f 2023/1951/3865 2005/1937/3852 2017/1947/3851
f 2025/1953/3866 2015/1945/3849 2008/1940/3836
f 2024/1952/3867 2025/1953/3866 2008/1940/3868
f 2016/1946/3850 2020/1950/3869 2012/1943/3843
f 2026/1694/3316 2018/1948/3853 2013/1677/3281
f 2025/1953/3870 2017/1947/3871 2015/1945/3848
f 2019/1949/3854 2027/1954/3872 2016/1946/3850
f 2028/1955/3873 2023/1951/3865 2017/1947/3851
f 2029/1956/3874 2019/1949/3854 2018/1948/3853
f 2030/1957/3875 2025/1953/3866 2024/1952/3864
f 2027/1954/3872 2020/1950/3869 2016/1946/3850
f 2020/1950/3856 2031/1958/3876 2014/1944/3857
f 2032/1959/3877 2021/1384/2739 2023/1951/3860
f 2026/1694/3316 2029/1956/3874 2018/1948/3853
f 2033/1960/3878 2028/1955/3873 2017/1947/3871
f 2033/1960/3879 2017/1947/3851 2025/1953/3880
f 2029/1956/3881 2027/1954/3882 2019/1949/3855
f 2034/1961/3883 2024/1952/3862 2014/1944/3846
f 2035/1962/3884 2033/1960/3879 2025/1953/3880
f 2035/1962/3884 2025/1953/3866 2030/1957/3875
f 2034/1961/3883 2030/1957/3885 2024/1952/3862
f 2031/1958/3886 2034/1961/3883 2014/1944/3846
f 2036/1963/3887 2031/1958/3876 2020/1950/3856
f 2027/1954/3872 2037/1964/3888 2020/1950/3869
f 2032/1959/3877 2038/1392/2738 2021/1384/2739
f 2039/1965/3889 2023/1951/3865 2028/1955/3890
f 2040/1966/3891 2035/1962/3884 2030/1957/3875
f 2040/1966/3891 2030/1957/3885 2034/1961/3883
f 2037/1964/3888 2036/1963/3887 2020/1950/3869
f 2039/1965/3892 2032/1959/3877 2023/1951/3865
f 2041/1711/3893 2029/1956/3874 2026/1694/3316
f 2042/1967/3894 2027/1954/3872 2029/1956/3895
f 2043/1968/3896 2040/1966/3897 2034/1961/3883
f 2031/1958/3886 2043/1968/3896 2034/1961/3883
f 2042/1967/3898 2029/1956/3874 2044/1969/3899
f 2045/1970/3900 2028/1955/3873 2033/1960/3878
f 2035/1962/3884 2045/1970/3900 2033/1960/3901
f 2032/1959/3877 2046/1404/3902 2038/1392/2738
f 2044/1969/3903 2029/1956/3874 2041/1711/3364
f 2047/1971/3904 2045/1970/3900 2035/1962/3884
f 2047/1971/3904 2035/1962/3884 2040/1966/3891
f 2048/1972/3905 2037/1964/3888 2027/1954/3872
f 2042/1967/3894 2048/1972/3906 2027/1954/3872
f 2049/1973/3907 2031/1958/3876 2036/1963/3908
f 2049/1973/3907 2036/1963/3887 2037/1964/3888
f 2048/1972/3905 2049/1973/3909 2037/1964/3888
f 2050/1974/3910 2039/1965/3889 2028/1955/3890
f 2050/1974/3911 2028/1955/3873 2045/1970/3912
f 2051/1975/3913 2043/1968/3896 2031/1958/3886
f 2052/1976/3914 2032/1959/3877 2039/1965/3892
f 2050/1974/3911 2052/1976/3915 2039/1965/3889
f 2053/1977/3916 2047/1971/3904 2040/1966/3891
f 2051/1975/3913 2031/1958/3876 2049/1973/3909
f 2054/1978/3917 2046/1404/3918 2032/1959/3877
f 2052/1976/3914 2054/1978/3919 2032/1959/3920
f 2055/1731/3921 2044/1969/3903 2041/1711/3893
f 2056/1979/3922 2050/1974/3911 2045/1970/3912
f 2047/1971/3904 2056/1979/3922 2045/1970/3912
f 2057/1980/3923 2048/1972/3905 2042/1967/3894
f 2053/1977/3924 2040/1966/3897 2043/1968/3896
f 2051/1975/3913 2053/1977/3924 2043/1968/3896
f 2058/1981/3925 2052/1976/3915 2050/1974/3911
f 2058/1981/3925 2050/1974/3911 2056/1979/3922
f 2059/1982/3926 2042/1967/3898 2044/1969/3899
f 2059/1982/3926 2057/1980/3923 2042/1967/3894
f 2060/1983/3927 2049/1973/3907 2048/1972/3905
f 2061/1984/3928 2051/1975/3913 2049/1973/3907
f 2054/1978/3917 2062/1419/3929 2046/1404/2759
f 2055/1731/3921 2059/1982/3926 2044/1969/3903
f 2063/1985/3930 2047/1971/3904 2053/1977/3916
f 2060/1983/3927 2061/1984/3928 2049/1973/3909
f 2059/1982/3926 2064/1986/3931 2057/1980/3923
f 2063/1985/3930 2056/1979/3922 2047/1971/3904
f 2060/1983/3932 2048/1972/3906 2057/1980/3923
f 2065/1987/3933 2053/1977/3924 2051/1975/3913
f 2065/1987/3933 2051/1975/3913 2061/1984/3934
f 2066/1988/3935 2062/1419/2791 2054/1978/3919
f 2067/1989/3936 2059/1982/3926 2055/1731/3921
f 2063/1985/3930 2068/1990/3937 2056/1979/3922
f 2064/1986/3931 2060/1983/3932 2057/1980/3938
f 2069/1991/3939 2063/1985/3930 2053/1977/3916
f 2065/1987/3933 2069/1991/3939 2053/1977/3924
f 2066/1988/3935 2054/1978/3919 2052/1976/3914
f 2070/1992/3940 2061/1984/3941 2060/1983/3927
f 2070/1992/3942 2065/1987/3933 2061/1984/3941
f 2071/1433/2844 2062/1419/3929 2066/1988/3935
f 2072/1993/3943 2066/1988/3935 2052/1976/3914
f 2072/1993/3944 2052/1976/3915 2058/1981/3925
f 2058/1981/3925 2056/1979/3945 2068/1990/3946
f 2073/1742/3399 2067/1989/3947 2055/1731/3921
f 2068/1990/3946 2074/1994/3948 2058/1981/3925
f 2075/1995/3949 2064/1986/3950 2059/1982/3951
f 2076/1996/3952 2060/1983/3932 2064/1986/3950
f 2077/1997/3953 2069/1991/3939 2065/1987/3933
f 2070/1992/3942 2077/1997/3953 2065/1987/3933
f 2072/1993/3944 2058/1981/3925 2074/1994/3948
f 2078/1998/3954 2074/1994/3948 2068/1990/3946
f 2075/1995/3955 2059/1982/3926 2067/1989/3956
f 2075/1995/3949 2076/1996/3952 2064/1986/3931
f 2076/1996/3952 2070/1992/3940 2060/1983/3927
f 2079/1999/3957 2066/1988/3935 2072/1993/3943
f 2080/1753/3419 2067/1989/3958 2073/1742/3959
f 2081/2000/3960 2075/1995/3955 2067/1989/3947
f 2078/1998/3954 2068/1990/3946 2063/1985/3930
f 2082/2001/3961 2078/1998/3954 2063/1985/3930
f 2082/2001/3962 2063/1985/3930 2069/1991/3939
f 2079/1999/3963 2071/1433/2844 2066/1988/3935
f 2081/2000/3964 2067/1989/3947 2080/1753/3419
f 2083/2002/3965 2079/1999/3963 2072/1993/3943
f 2074/1994/3948 2083/2002/3965 2072/1993/3944
f 2084/2003/3966 2070/1992/3940 2076/1996/3952
f 2085/2004/3967 2077/1997/3953 2070/1992/3942
f 2086/1447/2842 2071/1433/2844 2079/1999/3963
f 2087/2005/3968 2075/1995/3955 2081/2000/3960
f 2087/2005/3968 2088/2006/3969 2075/1995/3955
f 2088/2006/3969 2076/1996/3952 2075/1995/3949
f 2077/1997/3953 2082/2001/3962 2069/1991/3939
f 2089/2007/3970 2077/1997/3953 2085/2004/3971
f 2083/2002/3965 2086/1447/2842 2079/1999/3963
f 2090/1767/3972 2091/2008/3973 2080/1753/3419
f 2091/2008/3974 2081/2000/3964 2080/1753/3419
f 2092/2009/3975 2074/1994/3948 2078/1998/3954
f 2089/2007/3976 2082/2001/3961 2077/1997/3953
f 2084/2003/3977 2085/2004/3978 2070/1992/3940
f 2088/2006/3969 2084/2003/3977 2076/1996/3952
f 2083/2002/3965 2093/2010/3979 2086/1447/2842
f 2094/2011/3980 2095/2012/3981 2083/2002/3965
f 2094/2011/3980 2083/2002/3965 2074/1994/3948
f 2092/2009/3975 2094/2011/3980 2074/1994/3948
f 2091/2008/3974 2087/2005/3982 2081/2000/3960
f 2096/2013/3983 2088/2006/3969 2087/2005/3968
f 2097/2014/3984 2078/1998/3954 2082/2001/3961
f 2088/2006/3969 2098/2015/3985 2084/2003/3966
f 2095/2012/3986 2093/2010/3979 2083/2002/3987
f 2090/1767/3972 2099/2016/3988 2091/2008/3989
f 2097/2014/3990 2092/2009/3975 2078/1998/3954
f 2089/2007/3991 2097/2014/3984 2082/2001/3961
f 2100/2017/3992 2089/2007/3970 2085/2004/3971
f 2101/1462/2880 2086/1447/2842 2093/2010/3979
f 2102/2018/3993 2101/1462/2880 2093/2010/3979
f 2099/2016/3988 2096/2013/3983 2087/2005/3994
f 2099/2016/3988 2087/2005/3982 2091/2008/3989
f 2096/2013/3983 2103/2019/3995 2088/2006/3996
f 2103/2019/3995 2098/2015/3997 2088/2006/3996
f 2104/2020/3998 2097/2014/3984 2089/2007/3970
f 2105/2021/3999 2100/2017/3992 2085/2004/3971
f 2105/2021/4000 2085/2004/3978 2084/2003/3977
f 2098/2015/4001 2105/2021/4000 2084/2003/3977
f 2095/2012/4002 2102/2018/3993 2093/2010/3979
f 2106/2022/4003 2095/2012/4002 2094/2011/4004
f 2099/2016/3988 2090/1767/3972 2107/1778/3472
f 2108/2023/4005 2106/2022/4003 2094/2011/3980
f 2108/2023/4005 2094/2011/4006 2092/2009/3975
f 2109/2024/4007 2096/2013/4008 2099/2016/4009
f 2110/2025/4010 2108/2023/4011 2092/2009/3975
f 2110/2025/4010 2092/2009/4012 2097/2014/4013
f 2111/2026/4014 2097/2014/4015 2104/2020/4016
f 2103/2019/3995 2105/2021/4017 2098/2015/4018
f 2100/2017/4019 2112/2027/4020 2104/2020/4021
f 2104/2020/4022 2089/2007/3970 2100/2017/3992
f 2113/2028/4023 2100/2017/4019 2105/2021/4000
f 2106/2022/4003 2102/2018/3993 2095/2012/4002
f 2114/2029/4024 2099/2016/3988 2107/1778/3472
f 2096/2013/4008 2115/2030/4025 2103/2019/3995
f 2110/2025/4026 2097/2014/4013 2111/2026/4014
f 2100/2017/4019 2113/2028/4023 2112/2027/4027
f 2116/2031/4028 2113/2028/4029 2105/2021/4030
f 2116/2031/4031 2105/2021/4030 2103/2019/4032
f 2114/2029/4024 2109/2024/4033 2099/2016/4034
f 2109/2024/4033 2115/2030/4035 2096/2013/4008
f 2117/2032/4036 2110/2025/4026 2111/2026/4037
f 2118/2033/4038 2111/2026/4039 2104/2020/4021
f 2112/2027/4027 2118/2033/4038 2104/2020/4021
f 2115/2030/4040 2116/2031/4041 2103/2019/3995
f 2119/2034/530 2120/1457/503 2121/1463/4042
f 2122/2035/4043 2123/1462/4044 2124/2018/4045
f 2125/2022/4003 2122/2035/4043 2124/2018/4045
f 2126/1778/3472 2127/1785/3492 2128/2029/4024
f 2129/2036/4046 2125/2022/4047 2130/2023/4048
f 2131/2037/514 2132/2038/508 2133/2039/4049
f 2134/2040/527 2135/2041/509 2136/2042/517
f 2137/2043/4050 2119/2034/4051 2121/1463/4052
f 2138/1771/535 2139/2044/536 2140/2045/4053
f 2137/2043/4054 2121/1463/4052 2141/1467/2893
f 2142/1786/4055 2138/1771/535 2140/2045/4056
f 2143/2046/4057 2144/1469/2899 2145/1464/4058
f 2146/1470/2904 2143/2046/4057 2145/1464/2903
f 2147/2047/4059 2148/1782/3485 2149/1781/4060
f 2148/1782/3485 2147/2047/4061 2150/1791/3510
f 2151/2048/4062 2152/1466/4063 2153/1465/2887
f 2151/2048/4062 2153/1465/4064 2154/1472/2911
f 2154/1472/4065 2123/1462/4044 2122/2035/4043
f 2155/2049/4066 2122/2035/4043 2125/2022/4003
f 2129/2036/4046 2155/2049/4066 2125/2022/4003
f 2129/2036/4046 2130/2023/4048 2156/2025/4010
f 2157/2050/4067 2136/2042/517 2158/2051/4068
f 2158/2051/537 2131/2037/514 2159/2052/4069
f 2157/2050/4067 2158/2051/4068 2159/2052/4069
f 2133/2039/4049 2132/2038/4070 2160/2053/539
f 2161/2054/4071 2131/2037/4072 2133/2039/4073
f 2159/2052/4069 2131/2037/4072 2161/2054/4071
f 2162/2055/4074 2136/2042/517 2157/2050/4067
f 2163/2056/4075 2133/2039/4049 2160/2053/4076
f 2164/2057/4077 2134/2040/4078 2162/2055/4079
f 2134/2040/4078 2136/2042/517 2162/2055/4080
f 2160/2053/4076 2165/2058/529 2119/2034/530
f 2166/2059/4081 2160/2053/4082 2119/2034/530
f 2163/2056/4075 2160/2053/4076 2166/2059/4081
f 2167/2060/4083 2134/2040/4078 2164/2057/4077
f 2168/2061/4084 2167/2060/4083 2164/2057/4085
f 2139/2044/536 2167/2060/4083 2168/2061/4086
f 2169/2062/4087 2119/2034/4088 2137/2043/4089
f 2166/2059/4090 2119/2034/530 2169/2062/4091
f 2140/2045/4056 2139/2044/4092 2168/2061/4084
f 2169/2062/4091 2137/2043/4054 2141/1467/4093
f 2142/1786/4094 2140/2045/4095 2170/2063/4096
f 2171/2064/4097 2169/2062/4091 2141/1467/4098
f 2171/2064/4097 2141/1467/4098 2172/1473/4099
f 2142/1786/4055 2170/2063/4096 2173/2065/4100
f 2174/1787/4101 2142/1786/4055 2173/2065/4102
f 2175/2066/4103 2171/2064/4104 2172/1473/4105
f 2175/2066/4106 2172/1473/4105 2176/1474/2917
f 2174/1787/4101 2173/2065/4100 2177/2067/4107
f 2178/2068/4108 2175/2066/4106 2176/1474/4109
f 2177/2067/4107 2179/1779/4110 2174/1787/3498
f 2177/2067/4107 2180/1780/3502 2179/1779/3497
f 2180/1780/3502 2177/2067/4111 2181/2069/4112
f 2176/1474/2917 2182/1468/2896 2144/1469/2899
f 2178/2068/4113 2176/1474/4114 2144/1469/2899
f 2183/2070/4115 2178/2068/4113 2144/1469/2899
f 2184/1793/4116 2180/1780/4117 2181/2069/4118
f 2184/1793/4119 2181/2069/4118 2185/2071/4120
f 2186/1788/3501 2184/1793/4116 2185/2071/4120
f 2147/2047/4059 2149/1781/4060 2186/1788/3501
f 2147/2047/4121 2186/1788/3501 2185/2071/4122
f 2187/2072/4123 2143/2046/4124 2146/1470/2904
f 2188/2073/4125 2187/2072/4123 2146/1470/2904
f 2150/1791/4126 2147/2047/4127 2189/2074/4128
f 2188/2073/4129 2146/1470/2909 2190/1471/2916
f 2188/2073/4125 2190/1471/2916 2152/1466/4130
f 2191/2075/4131 2188/2073/4129 2152/1466/4130
f 2150/1791/4126 2189/2074/4128 2192/2076/4132
f 2193/1792/4133 2150/1791/4126 2192/2076/4132
f 2191/2075/4131 2152/1466/4130 2151/2048/4134
f 2193/1792/4133 2192/2076/4135 2194/2077/4136
f 2195/1789/3504 2193/1792/4137 2194/2077/4136
f 2196/1790/3514 2195/1789/3504 2194/2077/4136
f 2196/1790/3514 2194/2077/4136 2197/2078/4138
f 2198/2079/4139 2199/2080/4140 2151/2048/4141
f 2198/2079/4142 2151/2048/4134 2154/1472/4065
f 2122/2035/4143 2198/2079/4142 2154/1472/4144
f 2200/2081/4145 2198/2079/4139 2122/2035/4146
f 2127/1785/4147 2197/2078/4138 2201/2082/4148
f 2127/1785/4147 2196/1790/3514 2197/2078/4138
f 2155/2049/4149 2200/2081/4150 2122/2035/4146
f 2128/2029/4151 2201/2082/4152 2202/2083/4153
f 2127/1785/4147 2201/2082/4152 2128/2029/4154
f 2203/2084/4155 2200/2081/4156 2155/2049/4149
f 2129/2036/4157 2203/2084/4155 2155/2049/4149
f 2204/2024/4033 2202/2083/4153 2205/2085/4158
f 2128/2029/4154 2202/2083/4153 2204/2024/4033
f 2206/2032/4159 2207/2086/4160 2129/2036/4046
f 2205/2085/4161 2208/2087/4162 2209/2030/4040
f 2204/2024/4033 2205/2085/4163 2209/2030/4035
f 2206/2032/4036 2129/2036/4046 2156/2025/4010
f 2206/2032/4159 2210/2088/4164 2207/2086/4165
f 2209/2030/4040 2208/2087/4166 2211/2031/4028
f 2212/2033/4167 2210/2088/4164 2206/2032/4159
f 2212/2033/4168 2206/2032/4169 2213/2026/4170
f 2214/2089/4171 2210/2088/4164 2212/2033/4167
f 2214/2089/4172 2212/2033/4168 2215/2027/4173
f 2214/2089/4172 2215/2027/4027 2216/2028/4174
f 2214/2089/4175 2216/2028/4023 2211/2031/4041
f 2217/2090/4176 2159/2052/4177 2161/2054/4071
f 2157/2050/4178 2159/2052/4177 2217/2090/4179
f 2161/2054/4071 2133/2039/4073 2163/2056/4075
f 2218/2091/4180 2157/2050/4178 2217/2090/4179
f 2219/2092/4181 2162/2055/4182 2157/2050/4178
f 2219/2092/4183 2157/2050/4184 2218/2091/4180
f 2161/2054/4071 2163/2056/4185 2220/2093/4186
f 2217/2090/4179 2161/2054/4187 2221/2094/4188
f 2218/2091/4180 2217/2090/4179 2221/2094/4189
f 2164/2057/4190 2162/2055/4182 2219/2092/4191
f 2222/2095/4192 2163/2056/4075 2166/2059/4081
f 2220/2093/4186 2163/2056/4193 2222/2095/4192
f 2221/2094/4188 2161/2054/4187 2220/2093/4186
f 2218/2091/4180 2221/2094/4189 2223/2096/4194
f 2224/2097/4195 2164/2057/4190 2219/2092/4181
f 2224/2097/4195 2168/2061/4196 2164/2057/4190
f 2222/2095/4192 2166/2059/4081 2169/2062/4087
f 2221/2094/4189 2220/2093/4186 2225/2098/4197
f 2224/2097/4195 2219/2092/4181 2218/2091/4180
f 2220/2093/4186 2222/2095/4198 2226/2099/4199
f 2227/2100/4200 2221/2094/4189 2225/2098/4197
f 2223/2096/4194 2221/2094/4189 2227/2100/4201
f 2218/2091/4202 2223/2096/4194 2228/2101/4203
f 2229/2102/4204 2224/2097/4195 2218/2091/4202
f 2168/2061/4196 2224/2097/4195 2230/2103/4205
f 2170/2063/4096 2140/2045/4095 2168/2061/4206
f 2222/2095/4207 2169/2062/4208 2231/2104/4209
f 2226/2099/4199 2222/2095/4198 2231/2104/4210
f 2225/2098/4197 2220/2093/4186 2226/2099/4199
f 2229/2102/4204 2218/2091/4202 2228/2101/4203
f 2230/2103/4211 2224/2097/4195 2229/2102/4204
f 2170/2063/4212 2168/2061/4196 2230/2103/4205
f 2227/2100/4201 2225/2098/4197 2232/2105/4213
f 2228/2101/4203 2223/2096/4194 2227/2100/4201
f 2231/2104/4209 2169/2062/4208 2171/2064/4214
f 2225/2098/4197 2226/2099/4199 2233/2106/4215
f 2234/2107/4216 2229/2102/4217 2228/2101/4203
f 2233/2106/4215 2226/2099/4199 2235/2108/4218
f 2232/2105/4213 2225/2098/4197 2233/2106/4215
f 2236/2109/4219 2230/2103/4211 2229/2102/4217
f 2237/2110/4220 2170/2063/4221 2230/2103/4222
f 2238/2111/4223 2231/2104/4209 2171/2064/4224
f 2235/2108/4218 2226/2099/4199 2231/2104/4210
f 2239/2112/4225 2227/2100/4200 2232/2105/4226
f 2237/2110/4220 2230/2103/4211 2236/2109/4219
f 2173/2065/4100 2170/2063/4221 2237/2110/4220
f 2238/2111/4223 2171/2064/4224 2175/2066/4227
f 2231/2104/4210 2238/2111/4223 2240/2113/4228
f 2235/2108/4218 2231/2104/4210 2240/2113/4228
f 2241/2114/4229 2232/2105/4230 2233/2106/4215
f 2228/2101/4231 2227/2100/4201 2239/2112/4232
f 2236/2109/4219 2229/2102/4204 2234/2107/4216
f 2241/2114/4229 2233/2106/4233 2235/2108/4218
f 2239/2112/4234 2232/2105/4230 2241/2114/4229
f 2239/2112/4234 2234/2107/4216 2228/2101/4231
f 2236/2109/4219 2234/2107/4216 2242/2115/4235
f 2243/2116/4236 2173/2065/4100 2237/2110/4237
f 2177/2067/4238 2173/2065/4100 2243/2116/4239
f 2244/2117/4240 2234/2107/4216 2239/2112/4234
f 2238/2111/4223 2175/2066/4106 2245/2118/4241
f 2240/2113/4228 2238/2111/4223 2245/2118/4241
f 2246/2119/4242 2237/2110/4220 2236/2109/4219
f 2247/2120/4243 2237/2110/4220 2246/2119/4242
f 2243/2116/4236 2237/2110/4220 2247/2120/4243
f 2245/2118/4241 2175/2066/4227 2178/2068/4244
f 2248/2121/4245 2240/2113/4228 2245/2118/4241
f 2235/2108/4218 2240/2113/4228 2248/2121/4245
f 2241/2114/4229 2235/2108/4218 2248/2121/4245
f 2242/2115/4235 2234/2107/4216 2244/2117/4240
f 2246/2119/4246 2236/2109/4219 2242/2115/4235
f 2249/2122/4247 2239/2112/4225 2241/2114/4229
f 2244/2117/4240 2239/2112/4225 2249/2122/4247
f 2181/2069/4118 2177/2067/4238 2243/2116/4239
f 2245/2118/4241 2178/2068/4244 2183/2070/4115
f 2241/2114/4229 2248/2121/4245 2250/2123/4248
f 2181/2069/4249 2243/2116/4239 2247/2120/4250
f 2248/2121/4245 2245/2118/4251 2251/2124/4252
f 2249/2122/4247 2241/2114/4229 2252/2125/4253
f 2253/2126/4254 2244/2117/4240 2249/2122/4247
f 2254/2127/4255 2242/2115/4235 2244/2117/4240
f 2255/2128/4256 2242/2115/4235 2254/2127/4257
f 2255/2128/4256 2246/2119/4242 2242/2115/4235
f 2256/2129/4258 2246/2119/4242 2255/2128/4256
f 2256/2129/4258 2247/2120/4243 2246/2119/4242
f 2251/2124/4259 2245/2118/4241 2183/2070/4260
f 2252/2125/4261 2241/2114/4229 2250/2123/4248
f 2257/2130/4262 2247/2120/4263 2256/2129/4258
f 2258/2131/4264 2181/2069/4249 2247/2120/4250
f 2250/2123/4248 2248/2121/4245 2259/2132/4265
f 2254/2127/4266 2244/2117/4240 2253/2126/4254
f 2258/2131/4264 2247/2120/4243 2257/2130/4267
f 2185/2071/4120 2181/2069/4118 2258/2131/4268
f 2260/2133/4269 2256/2129/4258 2255/2128/4256
f 2257/2130/4262 2256/2129/4258 2260/2133/4269
f 2259/2132/4270 2248/2121/4245 2251/2124/4259
f 2261/2134/4271 2252/2125/4253 2250/2123/4272
f 2249/2122/4247 2252/2125/4253 2262/2135/4273
f 2253/2126/4254 2249/2122/4247 2262/2135/4274
f 2183/2070/4115 2144/1469/2899 2143/2046/4124
f 2263/2136/4275 2251/2124/4259 2183/2070/4260
f 2264/2137/4276 2250/2123/4272 2259/2132/4270
f 2261/2134/4271 2250/2123/4248 2264/2137/4276
f 2262/2135/4273 2252/2125/4253 2261/2134/4271
f 2265/2138/4277 2255/2128/4256 2254/2127/4266
f 2266/2139/4278 2255/2128/4256 2265/2138/4277
f 2260/2133/4269 2255/2128/4256 2266/2139/4278
f 2267/2140/4279 2257/2130/4262 2260/2133/4269
f 2258/2131/4264 2257/2130/4262 2267/2140/4280
f 2268/2141/4281 2183/2070/4115 2143/2046/4282
f 2263/2136/4283 2183/2070/4260 2268/2141/4281
f 2269/2142/4284 2251/2124/4259 2263/2136/4283
f 2269/2142/4284 2259/2132/4270 2251/2124/4259
f 2264/2137/4276 2259/2132/4270 2269/2142/4284
f 2270/2143/4285 2254/2127/4266 2253/2126/4286
f 2265/2138/4277 2254/2127/4266 2270/2143/4285
f 2271/2144/4287 2260/2133/4288 2266/2139/4278
f 2185/2071/4289 2258/2131/4264 2267/2140/4280
f 2270/2143/4285 2253/2126/4254 2262/2135/4273
f 2267/2140/4279 2260/2133/4269 2271/2144/4287
f 2272/2145/4290 2185/2071/4120 2267/2140/4291
f 2147/2047/4121 2185/2071/4120 2272/2145/4292
f 2268/2141/4293 2143/2046/4282 2187/2072/4123
f 2273/2146/4294 2263/2136/4283 2268/2141/4281
f 2273/2146/4294 2269/2142/4284 2263/2136/4283
f 2274/2147/4295 2268/2141/4281 2187/2072/4123
f 2262/2135/4273 2261/2134/4271 2275/2148/4296
f 2271/2144/4297 2266/2139/4298 2265/2138/4277
f 2273/2146/4294 2268/2141/4281 2274/2147/4299
f 2276/2149/4300 2261/2134/4271 2264/2137/4276
f 2275/2148/4301 2261/2134/4271 2276/2149/4300
f 2277/2150/4302 2262/2135/4273 2275/2148/4301
f 2265/2138/4277 2270/2143/4285 2278/2151/4303
f 2271/2144/4287 2265/2138/4277 2279/2152/4304
f 2267/2140/4279 2271/2144/4287 2280/2153/4305
f 2280/2153/4305 2272/2145/4290 2267/2140/4280
f 2274/2147/4306 2187/2072/4123 2188/2073/4307
f 2281/2154/4308 2273/2146/4294 2274/2147/4306
f 2281/2154/4309 2269/2142/4284 2273/2146/4310
f 2282/2155/4311 2264/2137/4276 2269/2142/4284
f 2276/2149/4300 2264/2137/4276 2283/2156/4312
f 2270/2143/4285 2262/2135/4273 2277/2150/4302
f 2278/2151/4313 2270/2143/4285 2277/2150/4302
f 2279/2152/4304 2265/2138/4277 2278/2151/4314
f 2189/2074/4315 2272/2145/4290 2280/2153/4316
f 2147/2047/4121 2272/2145/4292 2189/2074/4128
f 2277/2150/4302 2275/2148/4296 2276/2149/4300
f 2282/2155/4311 2269/2142/4284 2281/2154/4309
f 2283/2156/4312 2264/2137/4276 2282/2155/4311
f 2284/2157/4317 2278/2151/4314 2277/2150/4302
f 2279/2152/4304 2278/2151/4314 2285/2158/4318
f 2286/2159/4319 2276/2149/4320 2283/2156/4312
f 2287/2160/4321 2277/2150/4302 2276/2149/4300
f 2271/2144/4287 2279/2152/4304 2288/2161/4322
f 2280/2153/4305 2271/2144/4287 2288/2161/4322
f 2191/2075/4323 2274/2147/4306 2188/2073/4307
f 2289/2162/4324 2274/2147/4306 2191/2075/4323
f 2281/2154/4308 2274/2147/4299 2289/2162/4324
f 2290/2163/4325 2282/2155/4311 2281/2154/4308
f 2290/2163/4325 2283/2156/4312 2282/2155/4311
f 2291/2164/4326 2277/2150/4302 2287/2160/4321
f 2288/2161/4322 2279/2152/4304 2285/2158/4318
f 2287/2160/4321 2276/2149/4327 2286/2159/4319
f 2284/2157/4317 2277/2150/4302 2291/2164/4326
f 2285/2158/4318 2278/2151/4313 2284/2157/4328
f 2292/2165/4329 2280/2153/4305 2288/2161/4322
f 2192/2076/4330 2280/2153/4305 2292/2165/4329
f 2189/2074/4315 2280/2153/4331 2192/2076/4330
f 2290/2163/4325 2281/2154/4309 2289/2162/4324
f 2293/2166/4332 2289/2162/4324 2191/2075/4323
f 2294/2167/4333 2283/2156/4312 2290/2163/4325
f 2286/2159/4319 2283/2156/4312 2294/2167/4334
f 2285/2158/4318 2284/2157/4328 2295/2168/4335
f 2296/2169/4336 2288/2161/4322 2285/2158/4337
f 2292/2165/4329 2288/2161/4338 2296/2169/4336
f 2297/2170/4339 2290/2163/4325 2289/2162/4324
f 2298/2171/4340 2286/2159/4319 2294/2167/4333
f 2287/2160/4321 2286/2159/4319 2298/2171/4341
f 2295/2168/4335 2284/2157/4328 2291/2164/4326
f 2192/2076/4330 2292/2165/4329 2299/2172/4342
f 2199/2080/4343 2289/2162/4324 2293/2166/4344
f 2297/2170/4339 2289/2162/4324 2199/2080/4140
f 2295/2168/4345 2291/2164/4326 2300/2173/4346
f 2296/2169/4336 2285/2158/4318 2295/2168/4335
f 2293/2166/4347 2191/2075/4323 2151/2048/4348
f 2294/2167/4333 2290/2163/4325 2297/2170/4339
f 2301/2174/4349 2298/2171/4340 2294/2167/4333
f 2291/2164/4326 2287/2160/4321 2300/2173/4346
f 2194/2077/4350 2192/2076/4132 2299/2172/4342
f 2199/2080/4140 2293/2166/4347 2151/2048/4141
f 2301/2174/4349 2294/2167/4333 2297/2170/4339
f 2302/2175/4351 2287/2160/4321 2298/2171/4340
f 2300/2173/4346 2287/2160/4321 2302/2175/4351
f 2292/2165/4329 2296/2169/4336 2303/2176/4352
f 2299/2172/4353 2292/2165/4329 2303/2176/4354
f 2304/2177/4355 2297/2170/4339 2199/2080/4356
f 2296/2169/4336 2295/2168/4335 2305/2178/4357
f 2197/2078/4138 2194/2077/4358 2299/2172/4342
f 2301/2174/4349 2297/2170/4339 2304/2177/4355
f 2295/2168/4335 2300/2173/4346 2306/2179/4359
f 2307/2180/4360 2295/2168/4335 2306/2179/4359
f 2305/2178/4361 2295/2168/4335 2307/2180/4360
f 2303/2176/4352 2296/2169/4336 2305/2178/4357
f 2308/2181/4362 2299/2172/4353 2303/2176/4354
f 2197/2078/4138 2299/2172/4342 2308/2181/4362
f 2304/2177/4355 2199/2080/4140 2200/2081/4145
f 2309/2182/4363 2298/2171/4341 2301/2174/4349
f 2302/2175/4351 2298/2171/4341 2309/2182/4363
f 2306/2179/4359 2300/2173/4346 2302/2175/4351
f 2200/2081/4145 2199/2080/4140 2198/2079/4139
f 2301/2174/4349 2304/2177/4355 2310/2183/4364
f 2305/2178/4361 2307/2180/4360 2311/2184/4365
f 2201/2082/4366 2308/2181/4362 2303/2176/4367
f 2197/2078/4138 2308/2181/4362 2201/2082/4148
f 2310/2183/4368 2304/2177/4369 2200/2081/4145
f 2312/2185/4370 2301/2174/4349 2310/2183/4371
f 2309/2182/4372 2301/2174/4349 2312/2185/4370
f 2306/2179/4373 2302/2175/4374 2313/2186/4375
f 2303/2176/4354 2305/2178/4357 2311/2184/4365
f 2313/2186/4375 2302/2175/4351 2309/2182/4372
f 2201/2082/4148 2303/2176/4354 2202/2083/4376
f 2312/2185/4370 2310/2183/4377 2203/2084/4155
f 2306/2179/4373 2313/2186/4375 2314/2187/4378
f 2307/2180/4379 2306/2179/4373 2315/2188/4380
f 2311/2184/4365 2307/2180/4360 2316/2189/4381
f 2203/2084/4155 2310/2183/4371 2200/2081/4145
f 2317/2190/4382 2309/2182/4372 2312/2185/4370
f 2318/2191/4383 2313/2186/4384 2309/2182/4372
f 2315/2188/4380 2306/2179/4373 2314/2187/4378
f 2316/2189/4381 2307/2180/4360 2315/2188/4380
f 2303/2176/4354 2311/2184/4365 2316/2189/4381
f 2202/2083/4376 2303/2176/4354 2316/2189/4385
f 2319/2192/4386 2312/2185/4370 2203/2084/4155
f 2318/2191/4383 2309/2182/4372 2317/2190/4387
f 2314/2187/4378 2313/2186/4375 2318/2191/4383
f 2317/2190/4387 2312/2185/4370 2319/2192/4386
f 2202/2083/4153 2316/2189/4385 2205/2085/4158
f 2319/2192/4388 2203/2084/4155 2129/2036/4046
f 2320/2193/4389 2318/2191/4383 2317/2190/4390
f 2207/2086/4165 2319/2192/4391 2129/2036/4046
f 2320/2193/4389 2317/2190/4382 2319/2192/4386
f 2320/2193/4392 2319/2192/4391 2207/2086/4165
f 2321/2194/4393 2318/2191/4383 2320/2193/4389
f 2321/2194/4393 2314/2187/4378 2318/2191/4383
f 2322/2195/4394 2314/2187/4378 2321/2194/4393
f 2315/2188/4380 2314/2187/4378 2322/2195/4395
f 2316/2189/4381 2315/2188/4396 2208/2087/4397
f 2205/2085/4158 2316/2189/4385 2208/2087/4397
f 2210/2088/4164 2320/2193/4398 2207/2086/4165
f 2321/2194/4399 2320/2193/4398 2210/2088/4164
f 2208/2087/4400 2315/2188/4396 2322/2195/4395
f 2214/2089/4171 2321/2194/4399 2210/2088/4164
f 2214/2089/4401 2322/2195/4395 2321/2194/4399
f 2211/2031/4028 2322/2195/4395 2214/2089/4401
f 2208/2087/4166 2322/2195/4395 2211/2031/4402
f 2323/2196/4403 2324/2197/541 2325/2198/548
f 2326/2199/4404 2323/2196/4405 2325/2198/548
f 2326/2199/4406 2325/2198/546 2327/2200/549
f 2328/2201/4407 2326/2199/4404 2327/2200/549
f 2326/2199/4408 2329/2202/4409 2323/2196/4405
f 2330/2203/4410 2323/2196/4405 2329/2202/4409
f 2331/2204/4411 2326/2199/4404 2328/2201/4412
f 2332/2205/4413 2329/2202/4409 2326/2199/4404
f 2332/2205/4414 2326/2199/4404 2331/2204/4415
f 2333/2206/4416 2330/2203/4417 2329/2202/4409
f 2334/2207/4418 2333/2206/4419 2329/2202/4420
f 2334/2207/4418 2329/2202/4409 2332/2205/4414
f 2335/2208/4421 2332/2205/4414 2331/2204/4422
f 2333/2206/4423 2336/2209/4424 2330/2203/4417
f 2334/2207/4425 2332/2205/4414 2335/2208/4426
f 2335/2208/4421 2331/2204/4415 2337/2210/4427
f 2338/2211/4428 2336/2209/4429 2333/2206/4423
f 2338/2211/4428 2333/2206/4419 2334/2207/4430
f 2339/2212/4431 2334/2207/4432 2335/2208/4426
f 2340/2213/4433 2336/2209/4424 2338/2211/4434
f 2339/2212/4435 2338/2211/4436 2334/2207/4432
f 2328/2201/4407 2327/2200/4437 2341/2214/550
f 2323/2196/4403 2342/2215/4438 2324/2197/541
f 2343/2216/4439 2328/2201/4407 2341/2214/550
f 2344/2217/4440 2342/2215/4441 2323/2196/4405
f 2330/2203/4410 2344/2217/4442 2323/2196/4405
f 2331/2204/4415 2328/2201/4443 2343/2216/4444
f 2337/2210/4427 2331/2204/4415 2343/2216/4444
f 2345/2218/4445 2344/2217/4440 2330/2203/4446
f 2336/2209/4424 2345/2218/4447 2330/2203/4446
f 2346/2219/4448 2335/2208/4421 2337/2210/4449
f 2336/2209/4424 2347/2220/4450 2345/2218/4447
f 2348/2221/4451 2347/2220/4452 2336/2209/4424
f 2340/2213/4433 2348/2221/4453 2336/2209/4454
f 2349/2222/4455 2339/2212/4435 2335/2208/4456
f 2346/2219/4448 2349/2222/4455 2335/2208/4456
f 2350/2223/4457 2340/2213/4458 2338/2211/4434
f 2350/2223/4459 2338/2211/4460 2339/2212/4435
f 2351/2224/4461 2350/2223/4457 2339/2212/4435
f 2349/2222/4455 2351/2224/4461 2339/2212/4462
f 2343/2216/4444 2341/2214/550 2352/2225/4463
f 2343/2216/4444 2352/2225/4464 2353/2226/4465
f 2354/2227/4466 2343/2216/4444 2353/2226/4465
f 2354/2227/4467 2337/2210/4468 2343/2216/4444
f 2354/2227/4469 2346/2219/4470 2337/2210/4468
f 2355/2228/4471 2348/2221/4451 2340/2213/4433
f 2355/2228/4471 2340/2213/4472 2350/2223/4459
f 2356/2229/4473 2355/2228/4474 2350/2223/4459
f 2356/2229/4475 2350/2223/4459 2351/2224/4476
f 2356/2229/4473 2357/2230/4477 2355/2228/4478
f 2358/2231/4479 2356/2229/4475 2351/2224/4480
f 2359/2232/4481 2357/2230/4482 2356/2229/4473
f 2359/2232/4483 2356/2229/4475 2358/2231/4479
f 2360/2233/4484 2361/2234/4485 2359/2232/4481
f 2362/2235/4486 2359/2232/4483 2358/2231/4479
f 2360/2233/4484 2359/2232/4483 2362/2235/4486
f 2363/2236/4487 2361/2234/4485 2360/2233/4484
f 2364/2237/4488 2363/2236/4489 2360/2233/4484
f 2364/2237/4490 2360/2233/4484 2362/2235/4486
f 2365/2238/4491 2346/2219/4470 2354/2227/4467
f 2355/2228/4471 2366/2239/4492 2348/2221/4451
f 2357/2230/4477 2366/2239/4493 2355/2228/4471
f 2367/2240/4494 2358/2231/4495 2351/2224/4461
f 2367/2240/4496 2351/2224/4461 2349/2222/4455
f 2359/2232/4481 2361/2234/4497 2357/2230/4482
f 2368/2241/4498 2357/2230/4477 2361/2234/4497
f 2369/2242/4499 2358/2231/4495 2367/2240/4500
f 2362/2235/4501 2358/2231/4495 2369/2242/4502
f 2370/2243/4503 2362/2235/4486 2369/2242/4499
f 2363/2236/4487 2371/2244/4504 2368/2241/4498
f 2363/2236/4487 2368/2241/4498 2361/2234/4505
f 2370/2243/4506 2372/2245/4507 2362/2235/4486
f 2364/2237/4490 2362/2235/4486 2372/2245/4507
f 2373/2246/4508 2371/2244/4504 2363/2236/4487
f 2364/2237/4488 2373/2246/4509 2363/2236/4489
f 2374/2247/4510 2371/2244/4504 2373/2246/4508
f 2375/2248/4511 2373/2246/4509 2364/2237/4488
f 2375/2248/4512 2364/2237/4490 2372/2245/4507
f 2376/2249/4513 2374/2247/4510 2373/2246/4508
f 2375/2248/4511 2376/2249/4514 2373/2246/4509
f 2377/2250/4515 2375/2248/4512 2372/2245/4507
f 2378/2251/4516 2376/2249/4514 2375/2248/4511
f 2378/2251/4517 2375/2248/4512 2377/2250/4515
f 2379/2252/4518 2378/2251/4517 2377/2250/4515
f 2380/2253/4519 2376/2249/4514 2378/2251/4516
f 2379/2252/4518 2380/2253/4520 2378/2251/4517
f 2380/2253/4520 2381/2254/4521 2376/2249/4514
f 2382/2255/4522 2381/2254/4521 2380/2253/4519
f 2383/2256/4523 2380/2253/4520 2379/2252/4518
f 2383/2256/4524 2382/2255/4522 2380/2253/4520
f 2383/2256/4523 2379/2252/4518 2384/2257/4525
f 2385/2258/4526 2383/2256/4523 2384/2257/4525
f 2383/2256/4524 2385/2258/4527 2382/2255/4528
f 2385/2258/4527 2386/2259/4529 2382/2255/4522
f 2387/2260/4530 2385/2258/4526 2384/2257/4525
f 2388/2261/4531 2387/2260/4530 2384/2257/4525
f 2389/2262/4532 2386/2259/4533 2385/2258/4527
f 2390/2263/4534 2385/2258/4526 2387/2260/4535
f 2389/2262/4536 2385/2258/4527 2390/2263/4537
f 2391/2264/4538 2390/2263/4534 2387/2260/4535
f 2391/2264/4539 2392/2265/4540 2390/2263/4537
f 2393/2266/4541 2389/2262/4536 2390/2263/4537
f 2392/2265/4542 2393/2266/4541 2390/2263/4534
f 2394/2267/563 2353/2226/4465 2352/2225/4464
f 2354/2227/4466 2353/2226/4465 2395/2268/4543
f 2396/2269/4544 2349/2222/4545 2346/2219/4448
f 2397/2270/4546 2349/2222/4547 2396/2269/4548
f 2397/2270/4546 2367/2240/4494 2349/2222/4547
f 2357/2230/4549 2368/2241/4550 2366/2239/4493
f 2398/2271/4551 2367/2240/4500 2397/2270/4546
f 2398/2271/4551 2369/2242/4552 2367/2240/4500
f 2398/2271/4551 2370/2243/4506 2369/2242/4553
f 2399/2272/4554 2370/2243/4506 2398/2271/4551
f 2372/2245/4555 2370/2243/4506 2399/2272/4556
f 2400/2273/4557 2372/2245/4555 2399/2272/4554
f 2400/2273/4557 2377/2250/4558 2372/2245/4555
f 2401/2274/4559 2377/2250/4558 2400/2273/4557
f 2402/2275/4560 2377/2250/4558 2401/2274/4561
f 2379/2252/4562 2377/2250/4558 2402/2275/4563
f 2403/2276/4564 2379/2252/4562 2402/2275/4560
f 2384/2257/4565 2379/2252/4562 2403/2276/4566
f 2382/2255/4522 2404/2277/4567 2381/2254/4568
f 2388/2261/4531 2384/2257/4565 2403/2276/4564
f 2386/2259/4533 2404/2277/4569 2382/2255/4522
f 2405/2278/4570 2387/2260/4530 2388/2261/4531
f 2389/2262/4532 2406/2279/4571 2386/2259/4533
f 2405/2278/4570 2391/2264/4572 2387/2260/4530
f 2407/2280/4573 2406/2279/4571 2389/2262/4532
f 2393/2266/4574 2407/2280/4575 2389/2262/4532
f 2408/2281/4576 2391/2264/4572 2405/2278/4570
f 2409/2282/4577 2392/2265/4578 2391/2264/4539
f 2409/2282/4577 2391/2264/4579 2408/2281/4576
f 2410/2283/4580 2407/2280/4575 2393/2266/4581
f 2411/2284/4582 2410/2283/4583 2393/2266/4584
f 2411/2284/4585 2393/2266/4584 2392/2265/4542
f 2412/2285/4586 2353/2226/4587 2394/2267/563
f 2395/2268/4543 2353/2226/4465 2412/2285/4586
f 2395/2268/4543 2365/2238/4588 2354/2227/4467
f 2413/2286/4589 2346/2219/4590 2365/2238/4591
f 2398/2271/4592 2397/2270/4593 2414/2287/4594
f 2415/2288/4595 2398/2271/4551 2414/2287/4596
f 2416/2289/4597 2400/2273/4557 2399/2272/4554
f 2401/2274/4561 2400/2273/4557 2416/2289/4597
f 2417/2290/4598 2402/2275/4560 2401/2274/4559
f 2403/2276/4566 2402/2275/4560 2417/2290/4598
f 2388/2261/4531 2403/2276/4566 2418/2291/4599
f 2419/2292/4600 2405/2278/4601 2388/2261/4531
f 2408/2281/4602 2405/2278/4603 2419/2292/4604
f 2410/2283/4605 2420/2293/4606 2407/2280/4575
f 2421/2294/4607 2422/2295/4608 2411/2284/4582
f 2422/2295/4609 2410/2283/4583 2411/2284/4610
f 2423/2296/4611 2422/2295/4609 2421/2294/4612
f 2424/2297/4613 2425/2298/4614 2423/2296/4611
f 2424/2297/4613 2426/2299/4615 2425/2298/4614
f 2427/2300/4616 2426/2299/4615 2424/2297/4613
f 2427/2300/4616 2428/2301/4617 2426/2299/4615
f 2429/2302/4618 2428/2301/4619 2427/2300/4616
f 2430/2303/4620 2431/2304/4621 2428/2301/4619
f 2429/2302/4618 2430/2303/4620 2428/2301/4617
f 2432/2305/4622 2431/2304/4621 2430/2303/4623
f 2433/2306/4624 2432/2305/4622 2430/2303/4625
f 2434/2307/4626 2432/2305/4622 2433/2306/4627
f 2435/2308/4628 2434/2307/4629 2433/2306/4627
f 2435/2308/4630 2436/2309/4631 2434/2307/4629
f 2437/2310/4632 2436/2309/4631 2435/2308/4630
f 2437/2310/4633 2438/2311/4634 2436/2309/4635
f 2439/2312/4636 2438/2311/4634 2437/2310/4633
f 2440/2313/4637 2441/2314/4638 2439/2312/4636
f 2442/2315/4639 2441/2314/4638 2440/2313/4637
f 2443/2316/4640 2442/2315/4641 2440/2313/4637
f 2444/2317/4642 2442/2315/4643 2443/2316/4640
f 2444/2317/4644 2445/2318/4645 2442/2315/4643
f 2446/2319/4646 2445/2318/4645 2444/2317/4644
f 2446/2319/4646 2447/2320/4647 2445/2318/4648
f 2448/2321/4649 2446/2319/4646 2444/2317/4642
f 2449/2322/4650 2450/2323/4651 2446/2319/4646
f 2449/2322/4652 2446/2319/4646 2448/2321/4649
f 2451/2324/4653 2449/2322/4652 2448/2321/4654
f 2452/2325/4655 2450/2323/4651 2449/2322/4656
f 2452/2325/4657 2449/2322/4652 2451/2324/4658
f 2453/2326/4659 2452/2325/4660 2451/2324/4653
f 2454/2327/4661 2452/2325/4657 2453/2326/4659
f 2454/2327/4661 2455/2328/4662 2452/2325/4655
f 2456/2329/4663 2454/2327/4661 2453/2326/4659
f 2457/2330/4664 2458/2331/4665 2454/2327/4661
f 2458/2331/4665 2455/2328/4662 2454/2327/4666
f 2457/2330/4667 2454/2327/4661 2456/2329/4663
f 2459/2332/4668 2457/2330/4667 2456/2329/4669
f 2460/2333/4670 2458/2331/4665 2457/2330/4667
f 2459/2332/4668 2460/2333/4671 2457/2330/4667
f 2460/2333/4670 2461/2334/4672 2458/2331/4665
f 2462/2335/4673 2460/2333/4671 2459/2332/4668
f 2463/2336/4674 2461/2334/4675 2460/2333/4670
f 2462/2335/4673 2463/2336/4674 2460/2333/4671
f 2463/2336/4674 2464/2337/4676 2461/2334/4672
f 2465/2338/4677 2464/2337/4676 2463/2336/4674
f 2465/2338/4678 2463/2336/4674 2466/2339/4679
f 2467/2340/4680 2468/2341/4681 2469/2342/4682
f 2467/2340/4683 2469/2342/4682 2465/2338/4677
f 2467/2340/4684 2465/2338/4677 2470/2343/4685
f 2471/2344/4686 2467/2340/4683 2470/2343/4685
f 2472/2345/4687 2468/2341/4688 2467/2340/4689
f 2472/2345/4690 2467/2340/4683 2471/2344/4686
f 2473/2346/4691 2472/2345/4690 2471/2344/4686
f 2473/2346/4692 2474/2347/4693 2472/2345/4687
f 2475/2348/4694 2473/2346/4691 2471/2344/4686
f 2476/2349/4695 2474/2347/4693 2473/2346/4691
f 2476/2349/4696 2473/2346/4691 2475/2348/4694
f 2477/2350/4697 2474/2347/4693 2476/2349/4695
f 2478/2351/4698 2477/2350/4699 2476/2349/4695
f 2479/2352/4700 2480/2353/4701 2478/2351/4698
f 2481/2354/4702 2480/2353/4701 2479/2352/4700
f 2482/2355/198 2483/2356/193 2481/2354/4702
f 2482/2355/198 2481/2354/4702 2479/2352/4703
f 2413/2286/4589 2365/2238/4704 2395/2268/4543
f 2396/2269/4548 2346/2219/4448 2413/2286/4705
f 2484/2357/4706 2397/2270/4546 2396/2269/4548
f 2414/2287/4707 2397/2270/4546 2484/2357/4706
f 2399/2272/4554 2398/2271/4551 2415/2288/4708
f 2417/2290/4709 2401/2274/4559 2416/2289/4597
f 2418/2291/4599 2403/2276/4566 2417/2290/4598
f 2485/2358/4710 2388/2261/4531 2418/2291/4599
f 2486/2359/4711 2409/2282/4712 2408/2281/4713
f 2422/2295/4609 2420/2293/4606 2410/2283/4714
f 2421/2294/4715 2411/2284/4585 2392/2265/4716
f 2487/2360/4717 2421/2294/4607 2392/2265/4542
f 2487/2360/4718 2392/2265/4542 2409/2282/4719
f 2423/2296/4611 2488/2361/4720 2422/2295/4609
f 2489/2362/4721 2421/2294/4612 2487/2360/4722
f 2490/2363/4723 2489/2362/4721 2487/2360/4722
f 2423/2296/4611 2421/2294/4612 2489/2362/4724
f 2423/2296/4611 2425/2298/4725 2488/2361/4720
f 2491/2364/4726 2423/2296/4727 2489/2362/4724
f 2491/2364/4728 2489/2362/4721 2490/2363/4723
f 2492/2365/4729 2491/2364/4728 2490/2363/4723
f 2424/2297/4730 2423/2296/4727 2491/2364/4726
f 2426/2299/4615 2493/2366/4731 2425/2298/4614
f 2494/2367/4732 2491/2364/4728 2492/2365/4733
f 2495/2368/4734 2424/2297/4730 2491/2364/4726
f 2495/2368/4734 2491/2364/4728 2494/2367/4732
f 2427/2300/4616 2424/2297/4730 2495/2368/4734
f 2428/2301/4735 2493/2366/4731 2426/2299/4615
f 2428/2301/4736 2496/2369/4737 2493/2366/4731
f 2429/2302/4618 2427/2300/4616 2495/2368/4734
f 2494/2367/4732 2429/2302/4738 2495/2368/4734
f 2497/2370/4739 2429/2302/4618 2494/2367/4740
f 2431/2304/4741 2496/2369/4742 2428/2301/4735
f 2497/2370/4739 2498/2371/4743 2429/2302/4738
f 2498/2371/4743 2430/2303/4744 2429/2302/4618
f 2431/2304/4621 2499/2372/4745 2496/2369/4742
f 2500/2373/4746 2498/2371/4743 2497/2370/4739
f 2432/2305/4622 2499/2372/4747 2431/2304/4621
f 2501/2374/4748 2430/2303/4744 2498/2371/4749
f 2500/2373/4746 2501/2374/4750 2498/2371/4743
f 2433/2306/4627 2430/2303/4620 2501/2374/4748
f 2502/2375/4751 2501/2374/4750 2500/2373/4752
f 2432/2305/4753 2503/2376/4754 2499/2372/4747
f 2504/2377/4755 2433/2306/4627 2501/2374/4748
f 2504/2377/4755 2501/2374/4750 2502/2375/4751
f 2505/2378/4756 2503/2376/4757 2432/2305/4622
f 2505/2378/4758 2432/2305/4622 2434/2307/4629
f 2435/2308/4630 2433/2306/4627 2504/2377/4755
f 2506/2379/4759 2504/2377/4755 2502/2375/4751
f 2506/2379/4760 2435/2308/4630 2504/2377/4755
f 2436/2309/4635 2505/2378/4758 2434/2307/4629
f 2438/2311/4761 2507/2380/4762 2505/2378/4756
f 2436/2309/4635 2438/2311/4761 2505/2378/4758
f 2437/2310/4632 2435/2308/4630 2506/2379/4760
f 2508/2381/4763 2437/2310/4764 2506/2379/4760
f 2509/2382/4765 2508/2381/4766 2506/2379/4767
f 2510/2383/4768 2507/2380/4762 2438/2311/4761
f 2511/2384/4769 2437/2310/4632 2508/2381/4763
f 2511/2384/4770 2508/2381/4766 2509/2382/4765
f 2511/2384/4769 2439/2312/4771 2437/2310/4632
f 2512/2385/4772 2511/2384/4770 2509/2382/4765
f 2441/2314/4773 2510/2383/4768 2438/2311/4761
f 2441/2314/4638 2438/2311/4634 2439/2312/4636
f 2441/2314/4638 2513/2386/4774 2510/2383/4768
f 2514/2387/4775 2440/2313/4776 2511/2384/4769
f 2440/2313/4776 2439/2312/4636 2511/2384/4769
f 2514/2387/4775 2511/2384/4770 2512/2385/4772
f 2443/2316/4777 2514/2387/4778 2512/2385/4772
f 2441/2314/4773 2515/2388/4779 2513/2386/4780
f 2443/2316/4640 2440/2313/4776 2514/2387/4775
f 2516/2389/4781 2443/2316/4640 2512/2385/4772
f 2442/2315/4639 2515/2388/4779 2441/2314/4638
f 2517/2390/4782 2515/2388/4779 2442/2315/4639
f 2518/2391/4783 2443/2316/4784 2516/2389/4785
f 2445/2318/4648 2517/2390/4782 2442/2315/4786
f 2444/2317/4644 2443/2316/4777 2518/2391/4787
f 2445/2318/4648 2447/2320/4647 2517/2390/4782
f 2519/2392/4788 2444/2317/4644 2518/2391/4787
f 2519/2392/4788 2448/2321/4654 2444/2317/4644
f 2450/2323/4789 2447/2320/4647 2446/2319/4646
f 2451/2324/4790 2448/2321/4654 2519/2392/4788
f 2450/2323/4791 2520/2393/4792 2447/2320/4647
f 2521/2394/4793 2451/2324/4790 2519/2392/4788
f 2522/2395/4794 2520/2393/4792 2450/2323/4789
f 2453/2326/4659 2451/2324/4790 2521/2394/4793
f 2452/2325/4655 2522/2395/4794 2450/2323/4651
f 2523/2396/4795 2453/2326/4659 2521/2394/4793
f 2452/2325/4655 2455/2328/4796 2522/2395/4794
f 2455/2328/4662 2524/2397/4797 2522/2395/4794
f 2523/2396/4798 2456/2329/4663 2453/2326/4659
f 2458/2331/4799 2525/2398/4800 2524/2397/4797
f 2458/2331/4799 2524/2397/4797 2455/2328/4662
f 2458/2331/4799 2526/2399/4801 2525/2398/4802
f 2527/2400/4803 2459/2332/4804 2456/2329/4663
f 2461/2334/4805 2526/2399/4801 2458/2331/4806
f 2528/2401/4807 2459/2332/4808 2527/2400/4803
f 2528/2401/4807 2462/2335/4809 2459/2332/4808
f 2461/2334/4805 2529/2402/4810 2526/2399/4801
f 2464/2337/4811 2529/2402/4810 2461/2334/4805
f 2530/2403/4812 2462/2335/4809 2528/2401/4813
f 2531/2404/4814 2529/2402/4810 2464/2337/4811
f 2466/2339/4815 2463/2336/4816 2462/2335/4673
f 2466/2339/4679 2462/2335/4817 2530/2403/4812
f 2469/2342/4818 2531/2404/4814 2464/2337/4676
f 2465/2338/4677 2469/2342/4682 2464/2337/4676
f 2470/2343/4819 2465/2338/4678 2466/2339/4679
f 2532/2405/4820 2470/2343/4685 2466/2339/4679
f 2468/2341/4821 2533/2406/4822 2469/2342/4682
f 2533/2406/4822 2531/2404/4823 2469/2342/4682
f 2534/2407/4824 2470/2343/4825 2532/2405/4820
f 2535/2408/4826 2533/2406/4827 2468/2341/4821
f 2472/2345/4687 2535/2408/4826 2468/2341/4681
f 2471/2344/4686 2470/2343/4685 2534/2407/4824
f 2472/2345/4687 2474/2347/4828 2535/2408/4826
f 2536/2409/4829 2471/2344/4830 2534/2407/4824
f 2475/2348/4831 2471/2344/4830 2536/2409/4829
f 2537/2410/4832 2535/2408/4833 2474/2347/4828
f 2538/2411/4834 2475/2348/4831 2536/2409/4829
f 2477/2350/4697 2537/2410/4832 2474/2347/4835
f 2539/2412/4836 2537/2410/4832 2477/2350/4697
f 2540/2413/4837 2476/2349/4696 2475/2348/4694
f 2540/2413/4837 2475/2348/4831 2538/2411/4834
f 2540/2413/4837 2478/2351/4838 2476/2349/4696
f 2477/2350/4697 2541/2414/4839 2539/2412/4836
f 2480/2353/4701 2541/2414/4839 2477/2350/4697
f 2478/2351/4698 2480/2353/4701 2477/2350/4699
f 2542/2415/4840 2478/2351/4838 2540/2413/4837
f 2543/2416/4841 2541/2414/4839 2480/2353/4701
f 2479/2352/4700 2478/2351/4838 2542/2415/4842
f 2544/2417/4843 2479/2352/4700 2542/2415/4842
f 2481/2354/4844 2543/2416/4841 2480/2353/4701
f 2545/2418/4845 2543/2416/4841 2481/2354/4844
f 2481/2354/4702 2483/2356/193 2545/2418/216
f 2546/2419/208 2482/2355/4846 2479/2352/4703
f 2546/2419/208 2479/2352/4847 2544/2417/4848
f 2412/2285/4586 2394/2267/563 2547/2420/583
f 2548/2421/674 2395/2268/4543 2412/2285/4586
f 2548/2421/4849 2412/2285/4850 2549/2422/4851
f 2550/2423/683 2413/2286/4589 2548/2421/674
f 2413/2286/4589 2395/2268/4543 2548/2421/674
f 2484/2357/4852 2396/2269/4853 2413/2286/4705
f 2551/2424/4854 2415/2288/4708 2414/2287/4594
f 2552/2425/4855 2399/2272/4554 2415/2288/4708
f 2552/2425/4855 2416/2289/4597 2399/2272/4554
f 2485/2358/4710 2418/2291/4599 2553/2426/706
f 2419/2292/4600 2388/2261/4531 2485/2358/4710
f 2554/2427/4856 2486/2359/4857 2408/2281/4858
f 2554/2427/4856 2408/2281/4602 2419/2292/4600
f 2486/2359/4857 2487/2360/4859 2409/2282/4719
f 2490/2363/4723 2487/2360/4722 2486/2359/4860
f 2420/2293/4861 2422/2295/4609 2488/2361/4862
f 2425/2298/4614 2555/2428/4863 2488/2361/4720
f 2556/2429/4864 2555/2428/4863 2425/2298/4614
f 2493/2366/4865 2556/2429/4866 2425/2298/4614
f 2557/2430/4867 2494/2367/4740 2492/2365/4733
f 2558/2431/4868 2500/2373/4869 2497/2370/4739
f 2506/2379/4767 2502/2375/4870 2559/2432/4871
f 2509/2382/4765 2506/2379/4767 2559/2432/4872
f 2516/2389/4873 2512/2385/4772 2560/2433/4874
f 2561/2434/4875 2518/2391/4783 2516/2389/4876
f 2562/2435/4877 2518/2391/4783 2561/2434/4878
f 2519/2392/4788 2518/2391/4783 2562/2435/4879
f 2523/2396/4880 2521/2394/4793 2563/2436/4881
f 2564/2437/4882 2456/2329/4883 2523/2396/4795
f 2527/2400/4884 2456/2329/4885 2564/2437/4886
f 2528/2401/4887 2527/2400/4803 2564/2437/4886
f 2565/2438/4888 2530/2403/4889 2528/2401/4887
f 2566/2439/4890 2530/2403/4889 2565/2438/4888
f 2566/2439/4891 2466/2339/4679 2530/2403/4812
f 2532/2405/4820 2466/2339/4679 2566/2439/4890
f 2567/2440/4892 2532/2405/4893 2566/2439/4891
f 2534/2407/4894 2532/2405/4895 2567/2440/4896
f 2568/2441/4897 2534/2407/4894 2567/2440/4892
f 2536/2409/4898 2534/2407/4894 2568/2441/4899
f 2569/2442/4900 2540/2413/4837 2538/2411/4901
f 2569/2442/4902 2538/2411/4903 2570/2443/4904
f 2569/2442/4900 2542/2415/4842 2540/2413/4837
f 2571/2444/4905 2544/2417/4906 2542/2415/4842
f 2571/2444/4905 2542/2415/4842 2569/2442/4902
f 2572/2445/4907 2544/2417/4848 2571/2444/4905
f 2546/2419/208 2544/2417/4848 2572/2445/4908
f 2547/2420/583 2394/2267/571 2573/2446/4909
f 2549/2422/4851 2412/2285/4850 2547/2420/679
f 2551/2424/4854 2414/2287/4596 2574/2447/4910
f 2552/2425/4855 2415/2288/4708 2551/2424/4854
f 2575/2448/4911 2416/2289/4912 2552/2425/4913
f 2417/2290/4598 2416/2289/4912 2575/2448/728
f 2576/2449/703 2417/2290/4709 2577/2450/4914
f 2576/2449/703 2418/2291/4599 2417/2290/4598
f 2578/2451/4915 2419/2292/4600 2485/2358/4710
f 2579/2452/4916 2486/2359/4917 2554/2427/4856
f 2580/2453/736 2490/2363/4723 2486/2359/4918
f 2581/2454/4919 2490/2363/4920 2580/2453/736
f 2492/2365/4733 2490/2363/4723 2581/2454/4919
f 2582/2455/4921 2494/2367/4922 2557/2430/4867
f 2497/2370/4923 2494/2367/4922 2582/2455/4921
f 2558/2431/4924 2497/2370/4923 2582/2455/4921
f 2583/2456/4925 2502/2375/4926 2558/2431/4924
f 2502/2375/4751 2500/2373/4927 2558/2431/4868
f 2559/2432/4872 2502/2375/4751 2583/2456/4925
f 2512/2385/4928 2509/2382/4765 2584/2457/4929
f 2560/2433/4874 2512/2385/4928 2584/2457/4929
f 2516/2389/4876 2560/2433/4874 2585/2458/4930
f 2586/2459/4931 2519/2392/4788 2562/2435/4879
f 2521/2394/4932 2519/2392/4788 2586/2459/4933
f 2563/2436/4881 2521/2394/4932 2586/2459/4931
f 2564/2437/4934 2523/2396/4880 2587/2460/4935
f 2588/2461/4936 2538/2411/4903 2536/2409/4898
f 2570/2443/4937 2538/2411/4903 2588/2461/4936
f 2589/2462/4938 2413/2286/4705 2550/2423/683
f 2590/2463/4939 2484/2357/4852 2589/2462/4940
f 2484/2357/4852 2413/2286/4705 2589/2462/682
f 2414/2287/4594 2484/2357/4706 2590/2463/4939
f 2574/2447/4941 2414/2287/4594 2590/2463/4942
f 2577/2450/4914 2417/2290/4598 2575/2448/728
f 2553/2426/4943 2418/2291/4599 2576/2449/703
f 2485/2358/4944 2553/2426/706 2591/2464/711
f 2578/2451/4915 2485/2358/4945 2591/2464/708
f 2554/2427/4856 2419/2292/4600 2578/2451/4946
f 2557/2430/4867 2492/2365/4733 2581/2454/4919
f 2561/2434/4875 2516/2389/4876 2585/2458/4947
f 2592/2465/4948 2562/2435/4877 2561/2434/4875
f 2586/2459/4931 2562/2435/4877 2592/2465/4948
f 2528/2401/4949 2564/2437/4886 2593/2466/4950
f 2565/2438/4888 2528/2401/4887 2593/2466/4950
f 2536/2409/4898 2568/2441/4899 2594/2467/4951
f 2588/2461/4952 2536/2409/4898 2594/2467/4953
f 2595/2468/4954 2571/2444/4905 2569/2442/4955
f 2552/2425/4913 2551/2424/690 2596/2469/4956
f 2575/2448/728 2552/2425/4913 2596/2469/4956
f 2597/2470/734 2554/2427/4856 2578/2451/4915
f 2597/2470/734 2579/2452/733 2554/2427/4856
f 2580/2453/736 2486/2359/4918 2579/2452/737
f 2598/2471/741 2557/2430/4867 2581/2454/4919
f 2598/2471/741 2582/2455/4921 2557/2430/4867
f 2599/2472/807 2582/2455/4921 2598/2471/741
f 2600/2473/746 2582/2455/4957 2599/2472/807
f 2600/2473/746 2558/2431/4958 2582/2455/4921
f 2601/2474/748 2558/2431/4959 2600/2473/746
f 2583/2456/4960 2558/2431/4961 2601/2474/748
f 2602/2475/4962 2559/2432/4872 2583/2456/4925
f 2602/2475/4963 2509/2382/4765 2559/2432/4964
f 2603/2476/765 2509/2382/4765 2602/2475/4963
f 2603/2476/765 2584/2457/4929 2509/2382/4765
f 2604/2477/4965 2560/2433/4966 2584/2457/4929
f 2585/2458/4947 2560/2433/4966 2604/2477/4965
f 2592/2465/4948 2561/2434/4875 2585/2458/4930
f 2605/2478/776 2586/2459/4931 2592/2465/4948
f 2606/2479/4967 2563/2436/4968 2586/2459/4931
f 2606/2479/4967 2586/2459/4931 2605/2478/776
f 2607/2480/4969 2563/2436/4968 2606/2479/4967
f 2607/2480/4969 2523/2396/4880 2563/2436/4968
f 2607/2480/4969 2587/2460/4970 2523/2396/4880
f 2593/2466/716 2564/2437/4886 2587/2460/4970
f 2565/2438/4888 2593/2466/716 2608/2481/718
f 2609/2482/761 2566/2439/4971 2565/2438/4888
f 2567/2440/4972 2566/2439/4890 2609/2482/4973
f 2568/2441/4974 2567/2440/4972 2610/2483/4975
f 2594/2467/786 2568/2441/4899 2610/2483/4975
f 2570/2443/4937 2588/2461/4976 2611/2484/4977
f 2612/2485/4978 2570/2443/4937 2611/2484/4977
f 2569/2442/4955 2570/2443/4937 2612/2485/4978
f 2595/2468/4979 2569/2442/4902 2612/2485/4978
f 2613/2486/720 2571/2444/4905 2595/2468/4954
f 2614/2487/229 2572/2445/4980 2571/2444/4905
f 2614/2487/4981 2571/2444/4905 2613/2486/720
f 2615/2488/809 2583/2456/4960 2601/2474/748
f 2604/2477/767 2584/2457/4929 2616/2489/764
f 2617/2490/4982 2585/2458/4983 2604/2477/4965
f 2618/2491/772 2592/2465/774 2585/2458/4983
f 2593/2466/716 2587/2460/756 2619/2492/717
f 2620/2493/784 2565/2438/4888 2608/2481/718
f 2609/2482/761 2565/2438/4888 2620/2493/784
f 2610/2483/4975 2567/2440/4972 2609/2482/761
f 2621/2494/788 2588/2461/4984 2594/2467/4985
f 2611/2484/4977 2588/2461/4984 2621/2494/788
f 2595/2468/4979 2612/2485/4978 2622/2495/721
f 2613/2486/4986 2595/2468/4979 2622/2495/721
f 2623/2496/230 2614/2487/4987 2613/2486/722
f 2624/2497/738 2581/2454/4988 2580/2453/736
f 2625/2498/4989 2581/2454/4919 2624/2497/4990
f 2625/2498/4991 2598/2471/744 2581/2454/4988
f 2626/2499/750 2583/2456/4960 2615/2488/4992
f 2616/2489/764 2584/2457/4993 2603/2476/754
f 2618/2491/772 2585/2458/4994 2617/2490/769
f 2627/2215/542 2628/2500/562 2629/2501/543
f 2630/2217/4440 2631/2502/4995 2628/2500/4996
f 2630/2217/4440 2628/2500/4996 2627/2215/4997
f 2632/2218/4998 2631/2502/4995 2630/2217/4440
f 2633/2220/4999 2634/2503/5000 2632/2218/5001
f 2634/2503/5000 2635/2504/5002 2632/2218/4998
f 2636/2221/5003 2634/2503/5004 2633/2220/5005
f 2635/2504/5002 2631/2502/4995 2632/2218/4998
f 2637/2505/5006 2638/2247/4510 2639/2249/4513
f 2640/2254/4568 2637/2505/5007 2639/2249/4513
f 2640/2254/4568 2641/2277/4569 2637/2505/5007
f 2631/2502/5008 2642/2506/5009 2628/2500/5010
f 2643/2507/5011 2634/2503/5004 2636/2221/4451
f 2643/2507/5011 2636/2221/5003 2644/2239/5012
f 2645/2241/4498 2646/2508/5013 2644/2239/4493
f 2647/2509/5014 2646/2508/5013 2645/2241/4498
f 2648/2244/5015 2647/2509/5016 2645/2241/4498
f 2649/2510/5017 2647/2509/5016 2648/2244/5018
f 2638/2247/4510 2649/2510/5019 2648/2244/5018
f 2637/2505/5006 2650/2511/5020 2638/2247/4510
f 2651/2512/5021 2641/2277/5022 2652/2259/5023
f 2653/2279/4571 2651/2512/5024 2652/2259/5023
f 2631/2502/5008 2654/2513/5025 2642/2506/5009
f 2635/2504/5002 2654/2513/5025 2631/2502/4995
f 2634/2503/5000 2655/2514/5026 2656/2515/5027
f 2634/2503/5000 2656/2515/5028 2635/2504/5002
f 2657/2516/5029 2655/2514/5030 2634/2503/5004
f 2643/2507/5011 2657/2516/5029 2634/2503/5004
f 2658/2517/5031 2643/2507/5032 2644/2239/4492
f 2646/2508/5013 2658/2517/5033 2644/2239/4493
f 2659/2518/5034 2660/2519/5035 2637/2505/5006
f 2641/2277/5022 2659/2518/5034 2637/2505/5006
f 2641/2277/5022 2661/2520/5036 2659/2518/5034
f 2651/2512/5037 2661/2520/5036 2641/2277/5022
f 2653/2279/5038 2662/2521/5039 2651/2512/5037
f 2663/2280/4573 2664/2522/5040 2653/2279/4571
f 2664/2522/5041 2662/2521/5039 2653/2279/5042
f 2665/2523/5043 2664/2522/5040 2663/2280/5044
f 2666/2293/5045 2665/2523/5043 2663/2280/4575
f 2635/2504/5002 2656/2515/5027 2654/2513/5025
f 2647/2509/5014 2667/2524/5046 2646/2508/5013
f 2668/2525/5047 2667/2524/5046 2647/2509/5016
f 2649/2510/5019 2668/2525/5048 2647/2509/5014
f 2638/2247/4510 2669/2526/5049 2649/2510/5019
f 2650/2511/5020 2669/2526/5049 2638/2247/4510
f 2660/2519/5035 2650/2511/5050 2637/2505/5006
f 2662/2521/5039 2661/2520/5036 2651/2512/5051
f 2670/2361/4720 2671/2527/5052 2666/2293/4861
f 2670/2361/4720 2672/2428/5053 2671/2527/5054
f 2673/2528/5055 2674/2429/4866 2675/2366/4865
f 2676/2369/4742 2673/2528/5055 2675/2366/4865
f 2677/2529/5056 2673/2528/5055 2676/2369/4742
f 2678/2372/4747 2677/2529/5057 2676/2369/4742
f 2678/2372/4747 2679/2530/5058 2677/2529/5056
f 2680/2376/5059 2679/2530/5058 2678/2372/4747
f 2680/2376/5059 2681/2531/5060 2679/2530/5058
f 2682/2378/4756 2681/2531/5060 2680/2376/4757
f 2683/2380/4762 2681/2531/5060 2682/2378/4756
f 2684/2383/4768 2685/2532/5061 2683/2380/4762
f 2686/2533/5062 2685/2532/5061 2684/2383/4768
f 2687/2386/4774 2686/2533/5062 2684/2383/4768
f 2688/2534/5063 2686/2533/5062 2687/2386/4774
f 2689/2388/5064 2690/2535/5065 2688/2534/5063
f 2689/2388/5064 2688/2534/5063 2687/2386/4774
f 2691/2390/5066 2690/2535/5065 2689/2388/5067
f 2692/2536/5068 2690/2535/5065 2691/2390/4782
f 2693/2537/5069 2692/2536/5070 2691/2390/4782
f 2694/2320/5071 2693/2537/5069 2691/2390/4782
f 2695/2538/5072 2693/2537/5069 2694/2320/5071
f 2695/2538/5072 2694/2320/5071 2696/2393/4792
f 2697/2395/5073 2695/2538/5074 2696/2393/4792
f 2698/2539/5075 2695/2538/5074 2697/2395/4794
f 2697/2395/5073 2699/2540/5076 2698/2539/5075
f 2700/2397/4797 2699/2540/5076 2697/2395/5073
f 2701/2541/5077 2702/2398/4800 2703/2399/5078
f 2704/2402/4810 2701/2541/5077 2703/2399/5079
f 2705/2404/5080 2706/2542/5081 2704/2402/4810
f 2707/2406/4822 2708/2543/5082 2705/2404/5080
f 2709/2408/4833 2710/2544/5083 2707/2406/4822
f 2711/2410/4832 2710/2544/5083 2709/2408/4833
f 2712/2412/5084 2713/2545/5085 2711/2410/5086
f 2713/2545/5087 2714/2546/5088 2711/2410/4832
f 2715/2547/5089 2713/2545/5087 2712/2412/5090
f 2716/2414/4839 2715/2547/5089 2712/2412/5084
f 2717/2416/5091 2718/2548/5092 2715/2547/5089
f 2717/2416/5091 2715/2547/5093 2716/2414/4839
f 2719/2418/5094 2720/2549/215 2717/2416/5095
f 2720/2549/5096 2718/2548/5097 2717/2416/5095
f 2654/2513/5098 2721/2550/579 2642/2506/5099
f 2643/2507/5011 2722/2551/5100 2657/2516/5029
f 2667/2524/5046 2658/2517/5101 2646/2508/5013
f 2649/2510/5019 2723/2552/5102 2668/2525/5048
f 2724/2553/5103 2723/2552/5102 2649/2510/5019
f 2669/2526/5049 2724/2553/5103 2649/2510/5019
f 2650/2511/5020 2725/2554/5104 2669/2526/5049
f 2660/2519/5035 2725/2554/5104 2650/2511/5050
f 2661/2520/5036 2726/2555/5105 2659/2518/5034
f 2665/2523/5106 2727/2556/5107 2664/2522/5040
f 2728/2557/5108 2665/2523/5043 2666/2293/5109
f 2671/2527/5052 2728/2557/5110 2666/2293/4861
f 2674/2429/5111 2729/2558/5112 2672/2428/5113
f 2686/2533/5062 2730/2559/5114 2685/2532/5115
f 2702/2398/4800 2699/2540/5076 2700/2397/4797
f 2705/2404/5080 2708/2543/5082 2706/2542/5116
f 2707/2406/4822 2710/2544/5083 2708/2543/5117
f 2711/2410/5118 2714/2546/5088 2710/2544/5119
f 2731/2560/5120 2721/2550/579 2654/2513/5025
f 2732/2561/5121 2731/2560/5122 2654/2513/5123
f 2732/2561/5121 2654/2513/5124 2656/2515/5125
f 2733/2562/5126 2732/2561/5121 2656/2515/5127
f 2733/2562/5126 2656/2515/5127 2655/2514/5128
f 2734/2563/5129 2655/2514/5130 2657/2516/5029
f 2734/2563/5131 2657/2516/5132 2722/2551/5133
f 2667/2524/5046 2722/2551/5100 2658/2517/5031
f 2722/2551/5134 2643/2507/5032 2658/2517/5033
f 2659/2518/5034 2735/2564/5135 2725/2554/5104
f 2659/2518/5034 2725/2554/5104 2660/2519/5035
f 2659/2518/5136 2726/2555/5137 2735/2564/5135
f 2736/2565/5138 2726/2555/5137 2661/2520/5036
f 2662/2521/5039 2736/2565/5139 2661/2520/5036
f 2662/2521/5039 2737/2566/5140 2736/2565/5139
f 2664/2522/5041 2737/2566/5140 2662/2521/5039
f 2729/2558/5112 2671/2527/5052 2672/2428/5113
f 2738/2567/5141 2729/2558/5112 2674/2429/5111
f 2673/2528/5142 2738/2567/5143 2674/2429/5111
f 2677/2529/5056 2739/2568/5144 2673/2528/5142
f 2740/2569/5145 2683/2380/5146 2685/2532/5115
f 2730/2559/5147 2740/2569/5148 2685/2532/5115
f 2741/2570/5149 2688/2534/5150 2690/2535/5151
f 2742/2571/5152 2713/2545/5087 2715/2547/5089
f 2733/2562/5126 2655/2514/5130 2734/2563/5131
f 2743/2572/5153 2734/2563/5154 2722/2551/5155
f 2743/2572/5156 2722/2551/5133 2667/2524/5157
f 2744/2573/5158 2724/2553/5159 2669/2526/5049
f 2745/2574/5160 2744/2573/5158 2669/2526/5161
f 2745/2574/5162 2669/2526/5163 2725/2554/5104
f 2727/2556/5107 2737/2566/5164 2664/2522/5040
f 2746/2575/5165 2727/2556/5166 2665/2523/5106
f 2728/2557/5108 2746/2575/5165 2665/2523/5106
f 2739/2568/5144 2738/2567/5143 2673/2528/5142
f 2747/2576/5167 2739/2568/5168 2677/2529/5056
f 2747/2576/5169 2677/2529/5056 2679/2530/5170
f 2747/2576/5167 2679/2530/5171 2681/2531/5172
f 2740/2569/5145 2681/2531/5060 2683/2380/5146
f 2741/2570/5149 2730/2559/5173 2688/2534/5063
f 2730/2559/5147 2686/2533/5062 2688/2534/5150
f 2748/2577/5174 2741/2570/5149 2690/2535/5065
f 2748/2577/5174 2690/2535/5065 2692/2536/5070
f 2749/2578/5175 2748/2577/5176 2692/2536/5070
f 2749/2578/5175 2692/2536/5070 2693/2537/5177
f 2749/2578/5175 2693/2537/5178 2695/2538/5179
f 2750/2579/5180 2749/2578/5175 2695/2538/5179
f 2750/2579/5180 2695/2538/5181 2698/2539/5075
f 2751/2580/5182 2698/2539/5075 2699/2540/5183
f 2752/2581/5184 2751/2580/5182 2699/2540/5183
f 2752/2581/5185 2699/2540/5186 2702/2398/5187
f 2753/2582/5188 2752/2581/5184 2702/2398/5187
f 2753/2582/5188 2702/2398/5187 2701/2541/5189
f 2754/2583/5190 2753/2582/5188 2701/2541/5189
f 2754/2583/5190 2701/2541/5189 2704/2402/5191
f 2754/2583/5192 2704/2402/4810 2706/2542/5081
f 2755/2584/5193 2706/2542/5081 2708/2543/5194
f 2756/2585/5195 2755/2584/5196 2708/2543/5194
f 2756/2585/5195 2708/2543/5197 2710/2544/5119
f 2756/2585/5195 2710/2544/5119 2714/2546/5198
f 2757/2586/5199 2756/2585/5195 2714/2546/5198
f 2742/2571/5152 2757/2586/5199 2714/2546/5198
f 2742/2571/5152 2714/2546/5198 2713/2545/5087
f 2758/2587/5200 2715/2547/5089 2718/2548/5201
f 2759/2588/237 2758/2587/5200 2718/2548/5097
f 2759/2588/5202 2718/2548/5201 2720/2549/228
f 2760/2589/5203 2721/2550/579 2731/2560/5120
f 2761/2590/5204 2743/2572/5205 2667/2524/5157
f 2761/2590/5204 2667/2524/5157 2668/2525/5206
f 2723/2552/5207 2761/2590/5204 2668/2525/5206
f 2762/2591/5208 2723/2552/5207 2724/2553/5209
f 2763/2592/5210 2745/2574/5160 2735/2564/5211
f 2745/2574/5162 2725/2554/5104 2735/2564/5135
f 2764/2593/5212 2763/2592/5210 2735/2564/5211
f 2764/2593/5212 2735/2564/5211 2726/2555/5213
f 2765/2594/5214 2764/2593/5212 2726/2555/5213
f 2765/2594/5214 2726/2555/5213 2736/2565/5215
f 2765/2594/5214 2736/2565/5215 2737/2566/5216
f 2766/2595/5217 2765/2594/5214 2737/2566/5216
f 2766/2595/5217 2737/2566/5218 2727/2556/5219
f 2767/2596/5220 2728/2557/5110 2671/2527/5221
f 2767/2596/5222 2671/2527/5221 2729/2558/5223
f 2768/2597/5224 2767/2596/5222 2729/2558/5112
f 2768/2597/5224 2729/2558/5223 2738/2567/5225
f 2769/2598/5226 2738/2567/5225 2739/2568/5227
f 2770/2599/5228 2747/2576/5167 2681/2531/5172
f 2771/2600/5229 2770/2599/5230 2740/2569/5231
f 2770/2599/5230 2681/2531/5172 2740/2569/5231
f 2772/2601/5232 2771/2600/5233 2740/2569/5231
f 2772/2601/5232 2740/2569/5231 2730/2559/5234
f 2773/2602/5235 2772/2601/5236 2730/2559/5237
f 2773/2602/5235 2730/2559/5234 2741/2570/5238
f 2774/2603/5239 2773/2602/5235 2741/2570/5240
f 2774/2603/5239 2741/2570/5238 2748/2577/5174
f 2775/2604/5241 2774/2603/5239 2748/2577/5174
f 2775/2604/5241 2748/2577/5242 2749/2578/5243
f 2776/2605/5244 2775/2604/5241 2749/2578/5243
f 2776/2605/5244 2749/2578/5243 2750/2579/5245
f 2777/2606/5246 2776/2605/5247 2750/2579/5245
f 2777/2606/5246 2750/2579/5180 2698/2539/5075
f 2778/2607/5248 2777/2606/5246 2698/2539/5075
f 2778/2607/5249 2698/2539/5075 2751/2580/5182
f 2779/2608/5250 2778/2607/5248 2751/2580/5182
f 2779/2608/5251 2751/2580/5252 2752/2581/5184
f 2780/2609/5253 2779/2608/5251 2752/2581/5184
f 2780/2609/5253 2752/2581/5254 2753/2582/5255
f 2781/2610/5256 2780/2609/5253 2753/2582/5257
f 2781/2610/5258 2753/2582/5257 2754/2583/5259
f 2782/2611/5260 2781/2610/5256 2754/2583/5259
f 2782/2611/5260 2754/2583/5259 2706/2542/5081
f 2755/2584/5193 2782/2611/5260 2706/2542/5081
f 2757/2586/5261 2783/2612/5262 2756/2585/5263
f 2784/2613/5264 2742/2571/5265 2715/2547/5266
f 2758/2587/5200 2784/2613/5267 2715/2547/5266
f 2785/2614/5268 2733/2562/5269 2734/2563/5131
f 2785/2614/5270 2734/2563/5131 2743/2572/5271
f 2744/2573/5158 2762/2591/5272 2724/2553/5209
f 2786/2615/5273 2746/2575/5165 2728/2557/5108
f 2767/2596/5222 2786/2615/5274 2728/2557/5110
f 2787/2616/5275 2767/2596/5222 2768/2597/5276
f 2788/2617/5277 2760/2589/5203 2731/2560/5278
f 2788/2617/5279 2731/2560/5122 2732/2561/5121
f 2789/2618/5280 2732/2561/5281 2733/2562/5282
f 2790/2619/5283 2789/2618/5284 2733/2562/5126
f 2790/2619/5285 2733/2562/5126 2785/2614/5286
f 2791/2620/5287 2744/2573/5288 2745/2574/5160
f 2763/2592/5210 2791/2620/5289 2745/2574/5160
f 2792/2621/5290 2727/2556/5291 2746/2575/5292
f 2792/2621/5293 2746/2575/5165 2786/2615/5273
f 2793/2622/5294 2786/2615/5274 2767/2596/5222
f 2787/2616/5275 2793/2622/5294 2767/2596/5222
f 2794/2623/5295 2787/2616/5275 2768/2597/5296
f 2794/2623/5297 2768/2597/5224 2738/2567/5225
f 2769/2598/5226 2794/2623/5295 2738/2567/5225
f 2795/2624/5298 2769/2598/5226 2739/2568/5227
f 2795/2624/5298 2739/2568/5227 2747/2576/5169
f 2796/2625/5299 2795/2624/5298 2747/2576/5169
f 2796/2625/5300 2747/2576/5169 2770/2599/5230
f 2797/2626/5301 2796/2625/5299 2770/2599/5230
f 2797/2626/5301 2770/2599/5230 2771/2600/5229
f 2798/2627/5302 2797/2626/5301 2771/2600/5303
f 2772/2601/5236 2798/2627/5302 2771/2600/5233
f 2799/2628/5304 2773/2602/5305 2774/2603/5239
f 2799/2628/5306 2774/2603/5239 2775/2604/5307
f 2800/2629/5308 2781/2610/5258 2782/2611/5260
f 2800/2629/5308 2782/2611/5309 2755/2584/5310
f 2801/2630/5311 2800/2629/5308 2755/2584/5193
f 2801/2630/5312 2755/2584/5310 2756/2585/5263
f 2801/2630/5311 2756/2585/5263 2802/2631/5313
f 2783/2612/5262 2802/2631/5313 2756/2585/5263
f 2803/2632/5314 2783/2612/5262 2757/2586/5261
f 2803/2632/5315 2757/2586/5261 2742/2571/5316
f 2804/2633/5317 2784/2613/5264 2758/2587/5318
f 2788/2617/5279 2805/2634/5319 2760/2589/593
f 2806/2635/5320 2785/2614/5270 2743/2572/5156
f 2806/2635/5320 2743/2572/5156 2761/2590/5204
f 2807/2636/5321 2806/2635/5320 2761/2590/5204
f 2807/2636/5321 2761/2590/5204 2723/2552/5207
f 2762/2591/5272 2807/2636/5321 2723/2552/5207
f 2808/2637/5322 2764/2593/5212 2765/2594/5214
f 2808/2637/5322 2765/2594/5214 2766/2595/5217
f 2792/2621/5293 2766/2595/5323 2727/2556/5219
f 2799/2628/5306 2809/2638/5324 2773/2602/5305
f 2810/2639/5325 2799/2628/5304 2775/2604/5307
f 2811/2640/5326 2775/2604/5307 2776/2605/5327
f 2812/2641/5328 2776/2605/5244 2777/2606/5246
f 2813/2642/5329 2812/2641/5328 2777/2606/5246
f 2813/2642/5329 2777/2606/5246 2778/2607/5330
f 2779/2608/5251 2813/2642/5331 2778/2607/5330
f 2814/2643/5332 2780/2609/5333 2781/2610/5258
f 2814/2643/5334 2781/2610/5258 2800/2629/5308
f 2815/2644/5335 2800/2629/5308 2801/2630/5336
f 2816/2645/5337 2801/2630/5336 2802/2631/5338
f 2817/2646/5339 2802/2631/5338 2783/2612/5262
f 2803/2632/5314 2742/2571/5316 2784/2613/5264
f 2818/2647/249 2804/2633/5340 2759/2588/237
f 2804/2633/5340 2758/2587/5318 2759/2588/227
f 2789/2618/5280 2788/2617/5279 2732/2561/5121
f 2762/2591/5272 2744/2573/5288 2819/2648/5341
f 2819/2648/5341 2744/2573/5158 2791/2620/5287
f 2820/2649/5342 2763/2592/5210 2764/2593/5343
f 2808/2637/5322 2820/2649/5342 2764/2593/5343
f 2821/2650/5344 2792/2621/5290 2786/2615/5273
f 2793/2622/5294 2821/2650/5344 2786/2615/5345
f 2822/2651/5346 2787/2616/5275 2794/2623/5295
f 2822/2651/5346 2794/2623/5295 2769/2598/5347
f 2823/2652/5348 2822/2651/5349 2769/2598/5347
f 2823/2652/5348 2769/2598/5347 2795/2624/5350
f 2824/2653/5351 2795/2624/5350 2796/2625/5299
f 2825/2654/5352 2796/2625/5299 2797/2626/5353
f 2826/2655/5354 2798/2627/5302 2772/2601/5355
f 2809/2638/5324 2772/2601/5236 2773/2602/5305
f 2810/2639/5325 2775/2604/5307 2811/2640/5326
f 2812/2641/5328 2811/2640/5326 2776/2605/5327
f 2816/2645/5337 2802/2631/5338 2817/2646/5339
f 2827/2656/5356 2817/2646/5339 2783/2612/5262
f 2827/2656/5357 2783/2612/5262 2803/2632/5358
f 2828/2657/5359 2803/2632/5358 2784/2613/5264
f 2804/2633/5340 2828/2657/5359 2784/2613/5264
f 2829/2658/607 2805/2634/601 2830/2659/620
f 2788/2617/5279 2830/2659/5360 2805/2634/5361
f 2789/2618/5280 2831/2660/5362 2788/2617/5279
f 2789/2618/5280 2832/2661/5363 2831/2660/5362
f 2833/2662/5364 2790/2619/5285 2785/2614/5286
f 2833/2662/5365 2785/2614/5270 2806/2635/5320
f 2834/2663/5366 2835/2664/5367 2807/2636/5368
f 2834/2663/5366 2807/2636/5321 2762/2591/5208
f 2836/2665/5369 2819/2648/5341 2791/2620/5287
f 2836/2665/5369 2791/2620/5287 2763/2592/5210
f 2837/2666/5370 2836/2665/5371 2763/2592/5210
f 2766/2595/5217 2838/2667/5372 2808/2637/5322
f 2838/2667/5373 2766/2595/5323 2792/2621/5293
f 2824/2653/5374 2823/2652/5348 2795/2624/5350
f 2809/2638/5324 2826/2655/5354 2772/2601/5355
f 2839/2668/5375 2809/2638/5376 2799/2628/5377
f 2840/2669/5378 2810/2639/5379 2811/2640/5326
f 2841/2670/5380 2812/2641/5381 2813/2642/5382
f 2842/2671/5383 2841/2670/5380 2813/2642/5382
f 2842/2671/5383 2813/2642/5331 2779/2608/5384
f 2843/2672/5385 2842/2671/5386 2779/2608/5387
f 2843/2672/5385 2779/2608/5387 2780/2609/5333
f 2843/2672/5385 2780/2609/5388 2814/2643/5389
f 2815/2644/5390 2801/2630/5336 2816/2645/5337
f 2831/2660/5391 2830/2659/5392 2788/2617/5393
f 2844/2673/5394 2831/2660/5391 2832/2661/5395
f 2845/2674/5396 2832/2661/5397 2790/2619/5285
f 2832/2661/5398 2789/2618/5284 2790/2619/5283
f 2833/2662/5399 2845/2674/5396 2790/2619/5285
f 2846/2675/5400 2833/2662/5364 2806/2635/5320
f 2835/2664/5367 2846/2675/5400 2807/2636/5321
f 2846/2675/5401 2806/2635/5320 2807/2636/5402
f 2847/2676/5403 2834/2663/5366 2762/2591/5208
f 2847/2676/5404 2762/2591/5208 2819/2648/5341
f 2836/2665/5371 2847/2676/5404 2819/2648/5341
f 2848/2677/5405 2837/2666/5370 2763/2592/5210
f 2848/2677/5406 2763/2592/5210 2820/2649/5407
f 2849/2678/5408 2848/2677/5406 2820/2649/5409
f 2849/2678/5408 2820/2649/5407 2808/2637/5410
f 2850/2679/5411 2849/2678/5408 2808/2637/5410
f 2850/2679/5411 2808/2637/5410 2838/2667/5372
f 2851/2680/5412 2838/2667/5372 2792/2621/5290
f 2821/2650/5344 2851/2680/5413 2792/2621/5290
f 2852/2681/5414 2821/2650/5344 2793/2622/5294
f 2853/2682/5415 2852/2681/5416 2793/2622/5294
f 2853/2682/5417 2793/2622/5294 2787/2616/5418
f 2854/2683/5419 2853/2682/5420 2787/2616/5418
f 2854/2683/5419 2787/2616/5418 2822/2651/5421
f 2825/2654/5352 2824/2653/5351 2796/2625/5299
f 2855/2684/5422 2825/2654/5352 2797/2626/5353
f 2856/2685/5423 2797/2626/5353 2798/2627/5424
f 2856/2685/5423 2798/2627/5424 2826/2655/5425
f 2857/2686/5426 2826/2655/5425 2809/2638/5376
f 2839/2668/5427 2799/2628/5428 2810/2639/5379
f 2840/2669/5378 2839/2668/5427 2810/2639/5379
f 2858/2687/5429 2840/2669/5430 2811/2640/5326
f 2858/2687/5429 2811/2640/5326 2812/2641/5381
f 2859/2688/5431 2843/2672/5385 2814/2643/5334
f 2860/2689/5432 2814/2643/5332 2800/2629/5433
f 2860/2689/5432 2800/2629/5433 2815/2644/5434
f 2861/2690/5435 2827/2656/5357 2803/2632/5358
f 2861/2690/5436 2803/2632/5358 2828/2657/5437
f 2862/2691/5438 2861/2690/5436 2828/2657/5437
f 2862/2691/5439 2828/2657/5437 2804/2633/5440
f 2863/2692/5441 2862/2691/5439 2804/2633/5340
f 2818/2647/249 2863/2692/5441 2804/2633/5440
f 2864/2693/5442 2863/2692/5441 2818/2647/249
f 2864/2693/5443 2818/2647/249 2865/2694/5444
f 2866/2695/5445 2867/2696/5446 2830/2659/620
f 2866/2695/5447 2830/2659/5392 2831/2660/5391
f 2844/2673/5394 2866/2695/5448 2831/2660/5449
f 2868/2697/5450 2844/2673/5394 2832/2661/5451
f 2845/2674/5396 2868/2697/5452 2832/2661/5398
f 2869/2698/5453 2845/2674/5454 2833/2662/5455
f 2870/2699/5456 2833/2662/5364 2846/2675/5457
f 2835/2664/5458 2870/2699/5456 2846/2675/5459
f 2871/2700/5460 2834/2663/5461 2847/2676/5462
f 2872/2701/5463 2847/2676/5462 2836/2665/5464
f 2851/2680/5465 2850/2679/5466 2838/2667/5373
f 2873/2702/5467 2852/2681/5468 2853/2682/5417
f 2874/2703/5469 2824/2653/5351 2825/2654/5470
f 2855/2684/5422 2797/2626/5353 2856/2685/5423
f 2839/2668/5427 2857/2686/5426 2809/2638/5376
f 2841/2670/5380 2858/2687/5429 2812/2641/5381
f 2875/2704/5471 2842/2671/5472 2843/2672/5385
f 2859/2688/5473 2875/2704/5471 2843/2672/5474
f 2860/2689/5432 2859/2688/5475 2814/2643/5334
f 2876/2705/5476 2860/2689/5432 2815/2644/5335
f 2877/2706/5477 2876/2705/5476 2815/2644/5335
f 2877/2706/5477 2815/2644/5335 2816/2645/5337
f 2878/2707/5478 2877/2706/5477 2816/2645/5337
f 2878/2707/5478 2816/2645/5337 2817/2646/5339
f 2878/2707/5478 2817/2646/5339 2827/2656/5357
f 2879/2708/5479 2878/2707/5478 2827/2656/5357
f 2861/2690/5436 2879/2708/5479 2827/2656/5480
f 2864/2693/5481 2865/2694/245 2880/2709/5482
f 2869/2698/5483 2868/2697/5452 2845/2674/5454
f 2870/2699/5456 2869/2698/5484 2833/2662/5364
f 2871/2700/5460 2881/2710/5485 2835/2664/5458
f 2871/2700/5460 2835/2664/5458 2834/2663/5461
f 2882/2711/5486 2872/2701/5463 2836/2665/5464
f 2882/2711/5487 2836/2665/5464 2837/2666/5488
f 2883/2712/5489 2882/2711/5486 2837/2666/5488
f 2883/2712/5489 2837/2666/5490 2848/2677/5491
f 2873/2702/5467 2853/2682/5492 2854/2683/5493
f 2884/2713/5494 2873/2702/5467 2854/2683/5419
f 2885/2714/5495 2854/2683/5419 2822/2651/5421
f 2885/2714/5496 2822/2651/5421 2823/2652/5348
f 2886/2715/5497 2823/2652/5498 2824/2653/5351
f 2874/2703/5469 2886/2715/5499 2824/2653/5351
f 2887/2716/5500 2874/2703/5501 2825/2654/5352
f 2887/2716/5500 2825/2654/5470 2855/2684/5502
f 2888/2717/5503 2855/2684/5502 2856/2685/5504
f 2889/2718/5505 2856/2685/5504 2826/2655/5425
f 2889/2718/1367 2826/2655/5425 2857/2686/5506
f 2890/2719/5507 2857/2686/5506 2839/2668/5508
f 2891/2720/5509 2890/2719/5510 2839/2668/5508
f 2840/2669/5511 2891/2720/5509 2839/2668/5427
f 2892/2721/5512 2858/2687/5513 2841/2670/5514
f 2892/2721/5512 2841/2670/5515 2842/2671/5472
f 2875/2704/5471 2892/2721/5516 2842/2671/5472
f 2881/2710/5485 2870/2699/5456 2835/2664/5367
f 2893/2722/5517 2871/2700/5460 2847/2676/5462
f 2893/2722/5517 2847/2676/5462 2872/2701/5518
f 2883/2712/5489 2848/2677/5519 2849/2678/5520
f 2894/2723/5521 2883/2712/5489 2849/2678/5408
f 2894/2723/5521 2849/2678/5522 2850/2679/5523
f 2895/2724/5524 2850/2679/5525 2851/2680/5465
f 2896/2725/1351 2851/2680/5465 2821/2650/5344
f 2897/2726/5526 2896/2725/1354 2852/2681/5468
f 2896/2725/1354 2821/2650/5344 2852/2681/5414
f 2897/2726/5526 2852/2681/5468 2873/2702/5467
f 2884/2713/5494 2854/2683/5493 2885/2714/5495
f 2886/2715/5499 2885/2714/5495 2823/2652/5498
f 2898/2727/5527 2859/2688/5528 2860/2689/5529
f 2899/2728/5530 2860/2689/5529 2876/2705/5476
f 2900/2729/5531 2877/2706/5532 2878/2707/5533
f 2901/2730/5534 2879/2708/5479 2861/2690/5535
f 2902/2731/286 2863/2692/5536 2864/2693/5443
f 2880/2709/293 2902/2731/286 2864/2693/5481
f 2903/2732/5537 2869/2698/5484 2870/2699/5538
f 2895/2724/5539 2894/2723/5521 2850/2679/5540
f 2896/2725/1351 2895/2724/5524 2851/2680/5465
f 2904/2733/5541 2885/2714/5542 2886/2715/5499
f 2905/2734/1421 2886/2715/5543 2874/2703/5544
f 2906/2735/1357 2887/2716/5545 2855/2684/5546
f 2888/2717/5503 2906/2735/1357 2855/2684/5546
f 2907/2736/5547 2888/2717/5503 2856/2685/5423
f 2907/2736/5547 2856/2685/5423 2889/2718/1367
f 2908/2737/1368 2889/2718/1367 2857/2686/5506
f 2908/2737/1425 2857/2686/5506 2890/2719/5510
f 2909/2738/1372 2891/2720/5509 2840/2669/5511
f 2909/2738/1372 2840/2669/5548 2858/2687/5513
f 2909/2738/1372 2858/2687/5513 2892/2721/1375
f 2910/2739/5549 2892/2721/1375 2875/2704/5471
f 2911/2740/1379 2910/2739/1376 2875/2704/5471
f 2911/2740/1379 2875/2704/5471 2859/2688/5528
f 2898/2727/1382 2911/2740/5550 2859/2688/5528
f 2899/2728/5530 2898/2727/5527 2860/2689/5551
f 2912/2741/1388 2899/2728/5530 2876/2705/5552
f 2912/2741/1388 2876/2705/5476 2877/2706/5532
f 2900/2729/1390 2912/2741/1388 2877/2706/5532
f 2879/2708/1393 2900/2729/1390 2878/2707/5533
f 2913/2742/1400 2901/2730/5553 2861/2690/5436
f 2913/2742/1400 2861/2690/5535 2862/2691/5438
f 2914/2743/5554 2913/2742/1400 2862/2691/5438
f 2914/2743/5554 2862/2691/5438 2863/2692/5536
f 2902/2731/5555 2914/2743/5556 2863/2692/5557
f 2915/2744/5558 2867/2696/5446 2866/2695/5445
f 2915/2744/5559 2866/2695/5448 2844/2673/5394
f 2916/2745/5560 2844/2673/5394 2868/2697/5450
f 2917/2746/5561 2916/2745/5560 2868/2697/5452
f 2917/2746/5562 2868/2697/5563 2869/2698/5453
f 2918/2747/1453 2871/2700/5460 2893/2722/5517
f 2919/2748/5564 2897/2726/5526 2873/2702/5565
f 2920/2749/5566 2919/2748/5564 2873/2702/5467
f 2920/2749/5566 2873/2702/5567 2884/2713/5568
f 2921/2750/5569 2920/2749/5566 2885/2714/5495
f 2920/2749/5566 2884/2713/5494 2885/2714/5495
f 2921/2750/1415 2885/2714/5495 2904/2733/5570
f 2905/2734/1421 2904/2733/1416 2886/2715/5499
f 2922/2751/5571 2905/2734/1421 2874/2703/5501
f 2922/2751/5571 2874/2703/5501 2887/2716/5572
f 2906/2735/1357 2922/2751/5571 2887/2716/5573
f 2908/2737/1425 2890/2719/5510 2891/2720/5509
f 2915/2744/5558 2923/2752/630 2867/2696/5446
f 2903/2732/5537 2924/2753/1492 2869/2698/5484
f 2925/2754/5574 2918/2747/1453 2893/2722/5517
f 2925/2754/5574 2893/2722/5517 2872/2701/5518
f 2926/2755/1469 2895/2724/5524 2896/2725/1351
f 2927/2756/1374 2909/2738/1372 2892/2721/1375
f 2924/2753/5575 2917/2746/5576 2869/2698/5453
f 2928/2757/5577 2903/2732/5578 2870/2699/5456
f 2929/2758/5579 2928/2757/5577 2881/2710/5580
f 2928/2757/5577 2870/2699/5456 2881/2710/5485
f 2930/2759/5581 2929/2758/5579 2881/2710/5485
f 2930/2759/5581 2881/2710/5485 2871/2700/5460
f 2930/2759/5581 2871/2700/5460 2918/2747/1453
f 2931/2760/1457 2925/2754/5574 2872/2701/5518
f 2931/2760/1457 2872/2701/5518 2882/2711/5486
f 2931/2760/5582 2882/2711/5486 2883/2712/5489
f 2932/2761/1458 2931/2760/1457 2883/2712/5489
f 2933/2762/5583 2932/2761/1458 2883/2712/5489
f 2934/2763/5584 2933/2762/5583 2894/2723/5585
f 2933/2762/5583 2883/2712/5489 2894/2723/5521
f 2935/2764/5586 2934/2763/5584 2894/2723/5585
f 2935/2764/5587 2894/2723/5588 2895/2724/5539
f 2926/2755/1469 2935/2764/1467 2895/2724/5524
f 2936/2765/644 2923/2752/630 2915/2744/5558
f 2937/2766/5589 2936/2765/644 2915/2744/5590
f 2937/2766/1661 2915/2744/5559 2844/2673/5394
f 2916/2745/5560 2937/2766/5591 2844/2673/5394
f 2938/2767/5592 2916/2745/5560 2917/2746/5561
f 2928/2757/5577 2924/2753/1492 2903/2732/5593
f 2939/2768/1562 2937/2766/5591 2916/2745/5560
f 2938/2767/1563 2939/2768/1562 2916/2745/5560
f 2938/2767/5592 2917/2746/5561 2924/2753/5594
